RecordDate,PetrinexFacilityID,ActivityId,Product,Volume,units,is_current
2022-05-01,ABBT0048421,DIFF,GAS,0,e3m3,true
2022-05-01,ABBT0048421,DISP,GAS,57.5,e3m3,true
2022-05-01,ABBT0048421,FUEL,GAS,0.1,e3m3,true
2022-05-01,ABBT0048421,PROD,GAS,58.4,e3m3,true
2022-05-01,ABBT0048421,VENT,GAS,0.8,e3m3,true
2022-05-01,ABBT0059275,SHUTIN,,,,true
2022-05-01,ABBT0059275,IMBAL,OIL,0,m3,true
2022-05-01,ABBT0059275,INVCL,OIL,7.9,m3,true
2022-05-01,ABBT0059275,INVOP,OIL,7.9,m3,true
2022-05-01,ABBT0083457,IMBAL,OIL,0,m3,true
2022-05-01,ABBT0083457,INVCL,OIL,12,m3,true
2022-05-01,ABBT0083457,INVOP,OIL,12,m3,true
2022-05-01,ABBT0083457,DIFF,WATER,0,m3,true
2022-05-01,ABBT0083457,INVCL,WATER,10.4,m3,true
2022-05-01,ABBT0083457,INVOP,WATER,10.4,m3,true
2022-05-01,ABBT0091980,SHUTIN,,,,true
2022-05-01,ABBT0091980,IMBAL,OIL,0,m3,true
2022-05-01,ABBT0091980,INVCL,OIL,24.6,m3,true
2022-05-01,ABBT0091980,INVOP,OIL,24.6,m3,true
2022-05-01,ABBT0101896,PROD,COND,4.2,m3,true
2022-05-01,ABBT0101896,DIFF,GAS,0,e3m3,true
2022-05-01,ABBT0101896,DISP,GAS,819.8,e3m3,true
2022-05-01,ABBT0101896,FLARE,GAS,4.3,e3m3,true
2022-05-01,ABBT0101896,FUEL,GAS,18.1,e3m3,true
2022-05-01,ABBT0101896,PROD,GAS,28.6,e3m3,true
2022-05-01,ABBT0101896,PROD,GAS,24.8,e3m3,true
2022-05-01,ABBT0101896,PROD,GAS,117.1,e3m3,true
2022-05-01,ABBT0101896,PROD,GAS,59.8,e3m3,true
2022-05-01,ABBT0101896,PROD,GAS,41,e3m3,true
2022-05-01,ABBT0101896,PROD,GAS,181.2,e3m3,true
2022-05-01,ABBT0101896,PROD,GAS,87.4,e3m3,true
2022-05-01,ABBT0101896,PROD,GAS,38.2,e3m3,true
2022-05-01,ABBT0101896,PROD,GAS,80.7,e3m3,true
2022-05-01,ABBT0101896,PROD,GAS,161,e3m3,true
2022-05-01,ABBT0101896,REC,GAS,31.6,e3m3,true
2022-05-01,ABBT0101896,VENT,GAS,9.2,e3m3,true
2022-05-01,ABBT0101896,DISP,OIL,4.2,m3,true
2022-05-01,ABBT0101896,IMBAL,OIL,0,m3,true
2022-05-01,ABBT0120813,DIFF,GAS,0,e3m3,true
2022-05-01,ABBT0120813,DISP,GAS,47.2,e3m3,true
2022-05-01,ABBT0120813,FUEL,GAS,2,e3m3,true
2022-05-01,ABBT0120813,PROD,GAS,50.7,e3m3,true
2022-05-01,ABBT0120813,VENT,GAS,1.5,e3m3,true
2022-05-01,ABBT0120813,IMBAL,OIL,0,m3,true
2022-05-01,ABBT0120813,INVCL,OIL,33.4,m3,true
2022-05-01,ABBT0120813,INVOP,OIL,27.7,m3,true
2022-05-01,ABBT0120813,PROD,OIL,5.7,m3,true
2022-05-01,ABBT0120813,DIFF,WATER,0,m3,true
2022-05-01,ABBT0120813,INVCL,WATER,1.1,m3,true
2022-05-01,ABBT0120813,INVOP,WATER,1.1,m3,true
2022-05-01,ABBT0137951,SHUTIN,,,,true
2022-05-01,ABBT0137951,SHUTIN,,,,true
2022-05-01,ABBT0137951,SHUTIN,,,,true
2022-05-01,ABBT0137951,SHUTIN,,,,true
2022-05-01,ABBT0137951,DIFF,WATER,0,m3,true
2022-05-01,ABBT0137951,INVCL,WATER,3,m3,true
2022-05-01,ABBT0137951,INVOP,WATER,3,m3,true
2022-05-01,ABBT0141479,SHUTIN,,,,true
2022-05-01,ABBT2240034,,,,,true
2022-05-01,ABBT2240034,,,,,true
2022-05-01,ABBT2240034,,,,,true
2022-05-01,ABBT2240034,SHUTIN,,,,true
2022-05-01,ABBT2240034,SHUTIN,,,,true
2022-05-01,ABBT2240034,SHUTIN,,,,true
2022-05-01,ABBT2240034,SHUTIN,,,,true
2022-05-01,ABBT2240034,SHUTIN,,,,true
2022-05-01,ABBT2240034,SHUTIN,,,,true
2022-05-01,ABBT2240034,SHUTIN,,,,true
2022-05-01,ABBT2240034,SHUTIN,,,,true
2022-05-01,ABBT2240034,SHUTIN,,,,true
2022-05-01,ABBT2240034,SHUTIN,,,,true
2022-05-01,ABBT2240034,DISP,CO2,39896.1,,true
2022-05-01,ABBT2240034,DIFF,GAS,0,e3m3,true
2022-05-01,ABBT2240034,DISP,GAS,4722.8,e3m3,true
2022-05-01,ABBT2240034,FLARE,GAS,38.5,e3m3,true
2022-05-01,ABBT2240034,FUEL,GAS,178.6,e3m3,true
2022-05-01,ABBT2240034,PROD,GAS,1.2,e3m3,true
2022-05-01,ABBT2240034,PROD,GAS,10601.6,e3m3,true
2022-05-01,ABBT2240034,PROD,GAS,9.1,e3m3,true
2022-05-01,ABBT2240034,PROD,GAS,30.2,e3m3,true
2022-05-01,ABBT2240034,PROD,GAS,14.8,e3m3,true
2022-05-01,ABBT2240034,PROD,GAS,12320.1,e3m3,true
2022-05-01,ABBT2240034,PROD,GAS,0.7,e3m3,true
2022-05-01,ABBT2240034,PROD,GAS,12290,e3m3,true
2022-05-01,ABBT2240034,PROD,GAS,1350.5,e3m3,true
2022-05-01,ABBT2240034,PROD,GAS,7336.4,e3m3,true
2022-05-01,ABBT2240034,PROD,GAS,617,e3m3,true
2022-05-01,ABBT2240034,PROD,GAS,19.3,e3m3,true
2022-05-01,ABBT2240034,PURREC,GAS,245.3,e3m3,true
2022-05-01,ABBT2240034,VENT,GAS,0.2,e3m3,true
2022-05-01,ABBT2240034,DISP,OIL,4238.2,m3,true
2022-05-01,ABBT2240034,IMBAL,OIL,0,m3,true
2022-05-01,ABBT2240034,PROD,OIL,0.4,m3,true
2022-05-01,ABBT2240034,PROD,OIL,925.5,m3,true
2022-05-01,ABBT2240034,PROD,OIL,24.5,m3,true
2022-05-01,ABBT2240034,PROD,OIL,29.1,m3,true
2022-05-01,ABBT2240034,PROD,OIL,50.1,m3,true
2022-05-01,ABBT2240034,PROD,OIL,1071.5,m3,true
2022-05-01,ABBT2240034,PROD,OIL,0.3,m3,true
2022-05-01,ABBT2240034,PROD,OIL,1072.8,m3,true
2022-05-01,ABBT2240034,PROD,OIL,222.3,m3,true
2022-05-01,ABBT2240034,PROD,OIL,642.8,m3,true
2022-05-01,ABBT2240034,PROD,OIL,49.7,m3,true
2022-05-01,ABBT2240034,PROD,OIL,149.2,m3,true
2022-05-01,ABBT2240034,ROYALTY,OIL,21.7,m3,true
2022-05-01,ABBT2240034,ROYALTY,OIL,1.4,m3,true
2022-05-01,ABBT2240034,ROYALTY,OIL,5.1,m3,true
2022-05-01,ABBT2240034,ROYALTY,OIL,25.1,m3,true
2022-05-01,ABBT2240034,ROYALTY,OIL,25.1,m3,true
2022-05-01,ABBT2240034,ROYALTY,OIL,5.2,m3,true
2022-05-01,ABBT2240034,ROYALTY,OIL,15.1,m3,true
2022-05-01,ABBT2240034,ROYALTY,OIL,4.4,m3,true
2022-05-01,ABBT2240034,ROYALTY,OIL,30.4,m3,true
2022-05-01,ABBT2240034,DIFF,WATER,0,m3,true
2022-05-01,ABBT2240034,DISP,WATER,17404.7,m3,true
2022-05-01,ABBT2240034,PROD,WATER,70.5,m3,true
2022-05-01,ABBT2240034,PROD,WATER,3207.3,m3,true
2022-05-01,ABBT2240034,PROD,WATER,336.4,m3,true
2022-05-01,ABBT2240034,PROD,WATER,1736.9,m3,true
2022-05-01,ABBT2240034,PROD,WATER,950,m3,true
2022-05-01,ABBT2240034,PROD,WATER,4281,m3,true
2022-05-01,ABBT2240034,PROD,WATER,44,m3,true
2022-05-01,ABBT2240034,PROD,WATER,3778.6,m3,true
2022-05-01,ABBT2240034,PROD,WATER,11.2,m3,true
2022-05-01,ABBT2240034,PROD,WATER,1952.1,m3,true
2022-05-01,ABBT2240034,PROD,WATER,623.9,m3,true
2022-05-01,ABBT2240034,PROD,WATER,412.8,m3,true
2022-05-01,ABBT3620003,,,,,true
2022-05-01,ABBT3620003,,,,,true
2022-05-01,ABBT3620003,,,,,true
2022-05-01,ABBT3620003,SHUTIN,,,,true
2022-05-01,ABBT3620003,DIFF,GAS,0,e3m3,true
2022-05-01,ABBT3620003,FLARE,GAS,15.6,e3m3,true
2022-05-01,ABBT3620003,FUEL,GAS,8.5,e3m3,true
2022-05-01,ABBT3620003,PROD,GAS,7.9,e3m3,true
2022-05-01,ABBT3620003,PROD,GAS,6.2,e3m3,true
2022-05-01,ABBT3620003,PROD,GAS,5.6,e3m3,true
2022-05-01,ABBT3620003,PROD,GAS,4.8,e3m3,true
2022-05-01,ABBT3620003,VENT,GAS,0.4,e3m3,true
2022-05-01,ABBT3620003,DISP,OIL,130,m3,true
2022-05-01,ABBT3620003,IMBAL,OIL,0,m3,true
2022-05-01,ABBT3620003,INVCL,OIL,15.5,m3,true
2022-05-01,ABBT3620003,INVOP,OIL,19.3,m3,true
2022-05-01,ABBT3620003,PROD,OIL,51.3,m3,true
2022-05-01,ABBT3620003,PROD,OIL,22.1,m3,true
2022-05-01,ABBT3620003,PROD,OIL,11.9,m3,true
2022-05-01,ABBT3620003,PROD,OIL,40.9,m3,true
2022-05-01,ABBT3620003,ROYALTY,OIL,9.5,m3,true
2022-05-01,ABBT3620003,ROYALTY,OIL,1,m3,true
2022-05-01,ABBT3620003,DIFF,WATER,0,m3,true
2022-05-01,ABBT3620003,DISP,WATER,2262.5,m3,true
2022-05-01,ABBT3620003,INVCL,WATER,46.9,m3,true
2022-05-01,ABBT3620003,INVOP,WATER,46.9,m3,true
2022-05-01,ABBT3620003,PROD,WATER,614.2,m3,true
2022-05-01,ABBT3620003,PROD,WATER,248.4,m3,true
2022-05-01,ABBT3620003,PROD,WATER,1229.9,m3,true
2022-05-01,ABBT3620003,PROD,WATER,170,m3,true
2022-05-01,ABBT3710049,,,,,true
2022-05-01,ABBT3710049,,,,,true
2022-05-01,ABBT3710049,,,,,true
2022-05-01,ABBT3710049,SHUTIN,,,,true
2022-05-01,ABBT3710049,SHUTIN,,,,true
2022-05-01,ABBT3710049,SHUTIN,,,,true
2022-05-01,ABBT3710049,SHUTIN,,,,true
2022-05-01,ABBT3710049,DIFF,GAS,0,e3m3,true
2022-05-01,ABBT3710049,FLARE,GAS,290.1,e3m3,true
2022-05-01,ABBT3710049,FUEL,GAS,95.5,e3m3,true
2022-05-01,ABBT3710049,PROD,GAS,0.9,e3m3,true
2022-05-01,ABBT3710049,PROD,GAS,7.7,e3m3,true
2022-05-01,ABBT3710049,PROD,GAS,1,e3m3,true
2022-05-01,ABBT3710049,PROD,GAS,13.5,e3m3,true
2022-05-01,ABBT3710049,PROD,GAS,7.8,e3m3,true
2022-05-01,ABBT3710049,PROD,GAS,1.3,e3m3,true
2022-05-01,ABBT3710049,PROD,GAS,14.8,e3m3,true
2022-05-01,ABBT3710049,PROD,GAS,11,e3m3,true
2022-05-01,ABBT3710049,PROD,GAS,13.1,e3m3,true
2022-05-01,ABBT3710049,PROD,GAS,0.9,e3m3,true
2022-05-01,ABBT3710049,PROD,GAS,0.1,e3m3,true
2022-05-01,ABBT3710049,PROD,GAS,9.6,e3m3,true
2022-05-01,ABBT3710049,PROD,GAS,14.2,e3m3,true
2022-05-01,ABBT3710049,PROD,GAS,15.2,e3m3,true
2022-05-01,ABBT3710049,PROD,GAS,0.9,e3m3,true
2022-05-01,ABBT3710049,PROD,GAS,14.1,e3m3,true
2022-05-01,ABBT3710049,PROD,GAS,2.5,e3m3,true
2022-05-01,ABBT3710049,PROD,GAS,17.4,e3m3,true
2022-05-01,ABBT3710049,PROD,GAS,3,e3m3,true
2022-05-01,ABBT3710049,PROD,GAS,10.3,e3m3,true
2022-05-01,ABBT3710049,PROD,GAS,2.3,e3m3,true
2022-05-01,ABBT3710049,PROD,GAS,2.3,e3m3,true
2022-05-01,ABBT3710049,PROD,GAS,2.2,e3m3,true
2022-05-01,ABBT3710049,PROD,GAS,8.1,e3m3,true
2022-05-01,ABBT3710049,PROD,GAS,8.1,e3m3,true
2022-05-01,ABBT3710049,PROD,GAS,12.7,e3m3,true
2022-05-01,ABBT3710049,PROD,GAS,3.2,e3m3,true
2022-05-01,ABBT3710049,PROD,GAS,13.1,e3m3,true
2022-05-01,ABBT3710049,PROD,GAS,16.3,e3m3,true
2022-05-01,ABBT3710049,PROD,GAS,10.3,e3m3,true
2022-05-01,ABBT3710049,PROD,GAS,6,e3m3,true
2022-05-01,ABBT3710049,PROD,GAS,3.5,e3m3,true
2022-05-01,ABBT3710049,PROD,GAS,12.8,e3m3,true
2022-05-01,ABBT3710049,PROD,GAS,26.9,e3m3,true
2022-05-01,ABBT3710049,PROD,GAS,2.3,e3m3,true
2022-05-01,ABBT3710049,PROD,GAS,1.6,e3m3,true
2022-05-01,ABBT3710049,PURREC,GAS,42.6,e3m3,true
2022-05-01,ABBT3710049,PURREC,GAS,52.9,e3m3,true
2022-05-01,ABBT3710049,VENT,GAS,0.9,e3m3,true
2022-05-01,ABBT3710049,DISP,OIL,1514.6,m3,true
2022-05-01,ABBT3710049,IMBAL,OIL,0,m3,true
2022-05-01,ABBT3710049,INVCL,OIL,136.3,m3,true
2022-05-01,ABBT3710049,INVOP,OIL,94.5,m3,true
2022-05-01,ABBT3710049,PROD,OIL,65,m3,true
2022-05-01,ABBT3710049,PROD,OIL,28.1,m3,true
2022-05-01,ABBT3710049,PROD,OIL,42.5,m3,true
2022-05-01,ABBT3710049,PROD,OIL,174.2,m3,true
2022-05-01,ABBT3710049,PROD,OIL,15,m3,true
2022-05-01,ABBT3710049,PROD,OIL,24.2,m3,true
2022-05-01,ABBT3710049,PROD,OIL,51.8,m3,true
2022-05-01,ABBT3710049,PROD,OIL,27.9,m3,true
2022-05-01,ABBT3710049,PROD,OIL,21.6,m3,true
2022-05-01,ABBT3710049,PROD,OIL,0.6,m3,true
2022-05-01,ABBT3710049,PROD,OIL,16.5,m3,true
2022-05-01,ABBT3710049,PROD,OIL,27.8,m3,true
2022-05-01,ABBT3710049,PROD,OIL,41.6,m3,true
2022-05-01,ABBT3710049,PROD,OIL,141.6,m3,true
2022-05-01,ABBT3710049,PROD,OIL,19.8,m3,true
2022-05-01,ABBT3710049,PROD,OIL,70.4,m3,true
2022-05-01,ABBT3710049,PROD,OIL,19.8,m3,true
2022-05-01,ABBT3710049,PROD,OIL,53.2,m3,true
2022-05-01,ABBT3710049,PROD,OIL,23.2,m3,true
2022-05-01,ABBT3710049,PROD,OIL,58.7,m3,true
2022-05-01,ABBT3710049,PROD,OIL,21,m3,true
2022-05-01,ABBT3710049,PROD,OIL,44,m3,true
2022-05-01,ABBT3710049,PROD,OIL,0.2,m3,true
2022-05-01,ABBT3710049,PROD,OIL,63.7,m3,true
2022-05-01,ABBT3710049,PROD,OIL,63.7,m3,true
2022-05-01,ABBT3710049,PROD,OIL,19.3,m3,true
2022-05-01,ABBT3710049,PROD,OIL,10.1,m3,true
2022-05-01,ABBT3710049,PROD,OIL,40.4,m3,true
2022-05-01,ABBT3710049,PROD,OIL,90.9,m3,true
2022-05-01,ABBT3710049,PROD,OIL,63,m3,true
2022-05-01,ABBT3710049,PROD,OIL,27.1,m3,true
2022-05-01,ABBT3710049,PROD,OIL,43.1,m3,true
2022-05-01,ABBT3710049,PROD,OIL,64.7,m3,true
2022-05-01,ABBT3710049,PROD,OIL,41.2,m3,true
2022-05-01,ABBT3710049,PROD,OIL,24.3,m3,true
2022-05-01,ABBT3710049,PROD,OIL,16.2,m3,true
2022-05-01,ABBT3710049,ROYALTY,OIL,3.5,m3,true
2022-05-01,ABBT3710049,ROYALTY,OIL,1.4,m3,true
2022-05-01,ABBT3710049,ROYALTY,OIL,9.6,m3,true
2022-05-01,ABBT3710049,ROYALTY,OIL,3.5,m3,true
2022-05-01,ABBT3710049,ROYALTY,OIL,1.5,m3,true
2022-05-01,ABBT3710049,ROYALTY,OIL,1,m3,true
2022-05-01,ABBT3710049,ROYALTY,OIL,51.4,m3,true
2022-05-01,ABBT3710049,ROYALTY,OIL,1.7,m3,true
2022-05-01,ABBT3710049,ROYALTY,OIL,16.5,m3,true
2022-05-01,ABBT3710049,ROYALTY,OIL,10.1,m3,true
2022-05-01,ABBT3710049,ROYALTY,OIL,12,m3,true
2022-05-01,ABBT3710049,ROYALTY,OIL,1.4,m3,true
2022-05-01,ABBT3710049,ROYALTY,OIL,7.3,m3,true
2022-05-01,ABBT3710049,ROYALTY,OIL,0.8,m3,true
2022-05-01,ABBT3710049,ROYALTY,OIL,6.3,m3,true
2022-05-01,ABBT3710049,ROYALTY,OIL,3.5,m3,true
2022-05-01,ABBT3710049,ROYALTY,OIL,9.2,m3,true
2022-05-01,ABBT3710049,DISP,SAND,48.4,,true
2022-05-01,ABBT3710049,DIFF,WATER,0,m3,true
2022-05-01,ABBT3710049,DISP,WATER,3.8,m3,true
2022-05-01,ABBT3710049,DISP,WATER,71446,m3,true
2022-05-01,ABBT3710049,DISP,WATER,3598,m3,true
2022-05-01,ABBT3710049,DISP,WATER,5253,m3,true
2022-05-01,ABBT3710049,PROD,WATER,126.2,m3,true
2022-05-01,ABBT3710049,PROD,WATER,1788.9,m3,true
2022-05-01,ABBT3710049,PROD,WATER,1207.5,m3,true
2022-05-01,ABBT3710049,PROD,WATER,937.1,m3,true
2022-05-01,ABBT3710049,PROD,WATER,1717.4,m3,true
2022-05-01,ABBT3710049,PROD,WATER,634.4,m3,true
2022-05-01,ABBT3710049,PROD,WATER,2044.3,m3,true
2022-05-01,ABBT3710049,PROD,WATER,649.2,m3,true
2022-05-01,ABBT3710049,PROD,WATER,1555,m3,true
2022-05-01,ABBT3710049,PROD,WATER,655.9,m3,true
2022-05-01,ABBT3710049,PROD,WATER,1786.4,m3,true
2022-05-01,ABBT3710049,PROD,WATER,3025.2,m3,true
2022-05-01,ABBT3710049,PROD,WATER,4537.7,m3,true
2022-05-01,ABBT3710049,PROD,WATER,2247.7,m3,true
2022-05-01,ABBT3710049,PROD,WATER,655.9,m3,true
2022-05-01,ABBT3710049,PROD,WATER,1863.5,m3,true
2022-05-01,ABBT3710049,PROD,WATER,1432.3,m3,true
2022-05-01,ABBT3710049,PROD,WATER,8290,m3,true
2022-05-01,ABBT3710049,PROD,WATER,664.8,m3,true
2022-05-01,ABBT3710049,PROD,WATER,582.9,m3,true
2022-05-01,ABBT3710049,PROD,WATER,1130.9,m3,true
2022-05-01,ABBT3710049,PROD,WATER,1887,m3,true
2022-05-01,ABBT3710049,PROD,WATER,1288.2,m3,true
2022-05-01,ABBT3710049,PROD,WATER,1331.9,m3,true
2022-05-01,ABBT3710049,PROD,WATER,1331.9,m3,true
2022-05-01,ABBT3710049,PROD,WATER,10650.6,m3,true
2022-05-01,ABBT3710049,PROD,WATER,434.2,m3,true
2022-05-01,ABBT3710049,PROD,WATER,1736.8,m3,true
2022-05-01,ABBT3710049,PROD,WATER,809.1,m3,true
2022-05-01,ABBT3710049,PROD,WATER,4549.7,m3,true
2022-05-01,ABBT3710049,PROD,WATER,2965.3,m3,true
2022-05-01,ABBT3710049,PROD,WATER,1311.2,m3,true
2022-05-01,ABBT3710049,PROD,WATER,2305.1,m3,true
2022-05-01,ABBT3710049,PROD,WATER,11319.4,m3,true
2022-05-01,ABBT3710049,PROD,WATER,508.3,m3,true
2022-05-01,ABBT3710049,PROD,WATER,338.9,m3,true
2022-05-01,ABBT4180001,,,,,true
2022-05-01,ABBT4180001,,,,,true
2022-05-01,ABBT4180001,,,,,true
2022-05-01,ABBT4180001,DIFF,GAS,0,e3m3,true
2022-05-01,ABBT4180001,DISP,GAS,26.6,e3m3,true
2022-05-01,ABBT4180001,FLARE,GAS,4.2,e3m3,true
2022-05-01,ABBT4180001,FUEL,GAS,6.1,e3m3,true
2022-05-01,ABBT4180001,PROD,GAS,26.2,e3m3,true
2022-05-01,ABBT4180001,PROD,GAS,12.2,e3m3,true
2022-05-01,ABBT4180001,VENT,GAS,1.5,e3m3,true
2022-05-01,ABBT4180001,DISP,OIL,439.5,m3,true
2022-05-01,ABBT4180001,IMBAL,OIL,0,m3,true
2022-05-01,ABBT4180001,INVCL,OIL,18.6,m3,true
2022-05-01,ABBT4180001,INVOP,OIL,39.6,m3,true
2022-05-01,ABBT4180001,PROD,OIL,301.3,m3,true
2022-05-01,ABBT4180001,PROD,OIL,117.2,m3,true
2022-05-01,ABBT4180001,ROYALTY,OIL,120.5,m3,true
2022-05-01,ABBT4180001,ROYALTY,OIL,40.8,m3,true
2022-05-01,ABBT4180001,DIFF,WATER,0,m3,true
2022-05-01,ABBT4180001,DISP,WATER,2,m3,true
2022-05-01,ABBT4180001,DISP,WATER,3584.1,m3,true
2022-05-01,ABBT4180001,PROD,WATER,2508.4,m3,true
2022-05-01,ABBT4180001,PROD,WATER,1077.7,m3,true
2022-05-01,ABBT4550001,,,,,true
2022-05-01,ABBT4550001,,,,,true
2022-05-01,ABBT4550001,,,,,true
2022-05-01,ABBT4550001,SHUTIN,,,,true
2022-05-01,ABBT4550001,SHUTIN,,,,true
2022-05-01,ABBT4550001,SHUTIN,,,,true
2022-05-01,ABBT4550001,SHUTIN,,,,true
2022-05-01,ABBT4550001,SHUTIN,,,,true
2022-05-01,ABBT4550001,SHUTIN,,,,true
2022-05-01,ABBT4550001,SHUTIN,,,,true
2022-05-01,ABBT4550001,SHUTIN,,,,true
2022-05-01,ABBT4550001,DIFF,GAS,0,e3m3,true
2022-05-01,ABBT4550001,FLARE,GAS,270.5,e3m3,true
2022-05-01,ABBT4550001,FUEL,GAS,5.6,e3m3,true
2022-05-01,ABBT4550001,PROD,GAS,6,e3m3,true
2022-05-01,ABBT4550001,PROD,GAS,5.5,e3m3,true
2022-05-01,ABBT4550001,PROD,GAS,1.9,e3m3,true
2022-05-01,ABBT4550001,PROD,GAS,29.5,e3m3,true
2022-05-01,ABBT4550001,PROD,GAS,6.3,e3m3,true
2022-05-01,ABBT4550001,PROD,GAS,112.3,e3m3,true
2022-05-01,ABBT4550001,PROD,GAS,4.8,e3m3,true
2022-05-01,ABBT4550001,PROD,GAS,5.7,e3m3,true
2022-05-01,ABBT4550001,PROD,GAS,95.4,e3m3,true
2022-05-01,ABBT4550001,REC,GAS,8.7,e3m3,true
2022-05-01,ABBT4550001,DISP,OIL,575.6,m3,true
2022-05-01,ABBT4550001,IMBAL,OIL,0,m3,true
2022-05-01,ABBT4550001,INVCL,OIL,131.4,m3,true
2022-05-01,ABBT4550001,INVOP,OIL,119.3,m3,true
2022-05-01,ABBT4550001,PROD,OIL,49.3,m3,true
2022-05-01,ABBT4550001,PROD,OIL,77.9,m3,true
2022-05-01,ABBT4550001,PROD,OIL,15.8,m3,true
2022-05-01,ABBT4550001,PROD,OIL,86.3,m3,true
2022-05-01,ABBT4550001,PROD,OIL,14.1,m3,true
2022-05-01,ABBT4550001,PROD,OIL,303.3,m3,true
2022-05-01,ABBT4550001,PROD,OIL,24.4,m3,true
2022-05-01,ABBT4550001,PROD,OIL,16.6,m3,true
2022-05-01,ABBT4550001,ROYALTY,OIL,1.6,m3,true
2022-05-01,ABBT4550001,ROYALTY,OIL,23.8,m3,true
2022-05-01,ABBT4550001,ROYALTY,OIL,1.7,m3,true
2022-05-01,ABBT4550001,DIFF,WATER,0,m3,true
2022-05-01,ABBT4550001,DISP,WATER,2.1,m3,true
2022-05-01,ABBT4550001,DISP,WATER,5249,m3,true
2022-05-01,ABBT4550001,DISP,WATER,2295.9,m3,true
2022-05-01,ABBT4550001,DISP,WATER,1125.8,m3,true
2022-05-01,ABBT4550001,PROD,WATER,1276.5,m3,true
2022-05-01,ABBT4550001,PROD,WATER,605.3,m3,true
2022-05-01,ABBT4550001,PROD,WATER,550.6,m3,true
2022-05-01,ABBT4550001,PROD,WATER,2569.5,m3,true
2022-05-01,ABBT4550001,PROD,WATER,986.2,m3,true
2022-05-01,ABBT4550001,PROD,WATER,503.5,m3,true
2022-05-01,ABBT4550001,PROD,WATER,881.5,m3,true
2022-05-01,ABBT4550001,PROD,WATER,1299.7,m3,true
2022-05-01,ABBT4940020,,,,,true
2022-05-01,ABBT4940020,,,,,true
2022-05-01,ABBT4940020,,,,,true
2022-05-01,ABBT4940020,SHUTIN,,,,true
2022-05-01,ABBT4940020,SHUTIN,,,,true
2022-05-01,ABBT4940020,SHUTIN,,,,true
2022-05-01,ABBT4940020,SHUTIN,,,,true
2022-05-01,ABBT4940020,DIFF,GAS,0,e3m3,true
2022-05-01,ABBT4940020,DISP,GAS,31.6,e3m3,true
2022-05-01,ABBT4940020,DISP,GAS,510.9,e3m3,true
2022-05-01,ABBT4940020,FLARE,GAS,9.5,e3m3,true
2022-05-01,ABBT4940020,FUEL,GAS,112.8,e3m3,true
2022-05-01,ABBT4940020,PROD,GAS,25.6,e3m3,true
2022-05-01,ABBT4940020,PROD,GAS,23.5,e3m3,true
2022-05-01,ABBT4940020,PROD,GAS,35.4,e3m3,true
2022-05-01,ABBT4940020,PROD,GAS,23.8,e3m3,true
2022-05-01,ABBT4940020,PROD,GAS,26.4,e3m3,true
2022-05-01,ABBT4940020,PROD,GAS,46.8,e3m3,true
2022-05-01,ABBT4940020,PROD,GAS,46.4,e3m3,true
2022-05-01,ABBT4940020,PROD,GAS,7.2,e3m3,true
2022-05-01,ABBT4940020,PROD,GAS,15.4,e3m3,true
2022-05-01,ABBT4940020,PROD,GAS,12.8,e3m3,true
2022-05-01,ABBT4940020,PROD,GAS,38,e3m3,true
2022-05-01,ABBT4940020,PROD,GAS,26.1,e3m3,true
2022-05-01,ABBT4940020,PROD,GAS,41.8,e3m3,true
2022-05-01,ABBT4940020,PROD,GAS,148.7,e3m3,true
2022-05-01,ABBT4940020,REC,GAS,147,e3m3,true
2022-05-01,ABBT4940020,VENT,GAS,0.1,e3m3,true
2022-05-01,ABBT4940020,DISP,OIL,1296.7,m3,true
2022-05-01,ABBT4940020,IMBAL,OIL,0,m3,true
2022-05-01,ABBT4940020,INVCL,OIL,178.7,m3,true
2022-05-01,ABBT4940020,INVOP,OIL,214.8,m3,true
2022-05-01,ABBT4940020,PROD,OIL,66.1,m3,true
2022-05-01,ABBT4940020,PROD,OIL,61.3,m3,true
2022-05-01,ABBT4940020,PROD,OIL,90.7,m3,true
2022-05-01,ABBT4940020,PROD,OIL,64,m3,true
2022-05-01,ABBT4940020,PROD,OIL,61.7,m3,true
2022-05-01,ABBT4940020,PROD,OIL,133.4,m3,true
2022-05-01,ABBT4940020,PROD,OIL,119.9,m3,true
2022-05-01,ABBT4940020,PROD,OIL,7.3,m3,true
2022-05-01,ABBT4940020,PROD,OIL,33.7,m3,true
2022-05-01,ABBT4940020,PROD,OIL,23.3,m3,true
2022-05-01,ABBT4940020,PROD,OIL,111.3,m3,true
2022-05-01,ABBT4940020,PROD,OIL,99.9,m3,true
2022-05-01,ABBT4940020,PROD,OIL,90.6,m3,true
2022-05-01,ABBT4940020,PROD,OIL,293.2,m3,true
2022-05-01,ABBT4940020,REC,OIL,4.2,m3,true
2022-05-01,ABBT4940020,ROYALTY,OIL,5.8,m3,true
2022-05-01,ABBT4940020,ROYALTY,OIL,5.1,m3,true
2022-05-01,ABBT4940020,ROYALTY,OIL,10.2,m3,true
2022-05-01,ABBT4940020,ROYALTY,OIL,5.5,m3,true
2022-05-01,ABBT4940020,ROYALTY,OIL,5.2,m3,true
2022-05-01,ABBT4940020,ROYALTY,OIL,18.5,m3,true
2022-05-01,ABBT4940020,ROYALTY,OIL,16,m3,true
2022-05-01,ABBT4940020,ROYALTY,OIL,0.2,m3,true
2022-05-01,ABBT4940020,ROYALTY,OIL,1.9,m3,true
2022-05-01,ABBT4940020,ROYALTY,OIL,1.1,m3,true
2022-05-01,ABBT4940020,ROYALTY,OIL,14.5,m3,true
2022-05-01,ABBT4940020,ROYALTY,OIL,13.1,m3,true
2022-05-01,ABBT4940020,ROYALTY,OIL,10.2,m3,true
2022-05-01,ABBT4940020,ROYALTY,OIL,44.6,m3,true
2022-05-01,ABBT4940020,DIFF,WATER,0,m3,true
2022-05-01,ABBT4940020,DISP,WATER,2.6,m3,true
2022-05-01,ABBT4940020,DISP,WATER,28159,m3,true
2022-05-01,ABBT4940020,PROD,WATER,1326.1,m3,true
2022-05-01,ABBT4940020,PROD,WATER,1684.4,m3,true
2022-05-01,ABBT4940020,PROD,WATER,1352.6,m3,true
2022-05-01,ABBT4940020,PROD,WATER,1198.3,m3,true
2022-05-01,ABBT4940020,PROD,WATER,1333.6,m3,true
2022-05-01,ABBT4940020,PROD,WATER,2404.3,m3,true
2022-05-01,ABBT4940020,PROD,WATER,975,m3,true
2022-05-01,ABBT4940020,PROD,WATER,762.3,m3,true
2022-05-01,ABBT4940020,PROD,WATER,1696.8,m3,true
2022-05-01,ABBT4940020,PROD,WATER,1602.6,m3,true
2022-05-01,ABBT4940020,PROD,WATER,724,m3,true
2022-05-01,ABBT4940020,PROD,WATER,1968.3,m3,true
2022-05-01,ABBT4940020,PROD,WATER,2679,m3,true
2022-05-01,ABBT4940020,PROD,WATER,8454.3,m3,true
2022-05-01,ABBT7980014,SHUTIN,,,,true
2022-05-01,ABBT9880004,,,,,true
2022-05-01,ABBT9880004,,,,,true
2022-05-01,ABBT9880004,,,,,true
2022-05-01,ABBT9880004,SHUTIN,,,,true
2022-05-01,ABBT9880004,SHUTIN,,,,true
2022-05-01,ABBT9880004,SHUTIN,,,,true
2022-05-01,ABBT9880004,SHUTIN,,,,true
2022-05-01,ABBT9880004,DIFF,GAS,0,e3m3,true
2022-05-01,ABBT9880004,FLARE,GAS,80.1,e3m3,true
2022-05-01,ABBT9880004,FUEL,GAS,12.5,e3m3,true
2022-05-01,ABBT9880004,PROD,GAS,15.8,e3m3,true
2022-05-01,ABBT9880004,PROD,GAS,4.5,e3m3,true
2022-05-01,ABBT9880004,PROD,GAS,20.5,e3m3,true
2022-05-01,ABBT9880004,PROD,GAS,8.8,e3m3,true
2022-05-01,ABBT9880004,PURREC,GAS,43,e3m3,true
2022-05-01,ABBT9880004,DISP,OIL,321.8,m3,true
2022-05-01,ABBT9880004,IMBAL,OIL,0,m3,true
2022-05-01,ABBT9880004,INVCL,OIL,172.5,m3,true
2022-05-01,ABBT9880004,INVOP,OIL,238.7,m3,true
2022-05-01,ABBT9880004,PROD,OIL,90,m3,true
2022-05-01,ABBT9880004,PROD,OIL,40.7,m3,true
2022-05-01,ABBT9880004,PROD,OIL,114.5,m3,true
2022-05-01,ABBT9880004,PROD,OIL,10.4,m3,true
2022-05-01,ABBT9880004,ROYALTY,OIL,9.7,m3,true
2022-05-01,ABBT9880004,ROYALTY,OIL,5.6,m3,true
2022-05-01,ABBT9880004,ROYALTY,OIL,38.9,m3,true
2022-05-01,ABBT9880004,ROYALTY,OIL,0.7,m3,true
2022-05-01,ABBT9880004,DIFF,WATER,0,m3,true
2022-05-01,ABBT9880004,DISP,WATER,0.6,m3,true
2022-05-01,ABBT9880004,DISP,WATER,948,m3,true
2022-05-01,ABBT9880004,PROD,WATER,568.9,m3,true
2022-05-01,ABBT9880004,PROD,WATER,19.6,m3,true
2022-05-01,ABBT9880004,PROD,WATER,319.9,m3,true
2022-05-01,ABBT9880004,PROD,WATER,40.2,m3,true
2022-05-01,ABGS0002227,DIFF,GAS,-69.3,e3m3,true
2022-05-01,ABGS0002227,DISP,GAS,1504.7,e3m3,true
2022-05-01,ABGS0002227,REC,GAS,510.9,e3m3,true
2022-05-01,ABGS0002227,REC,GAS,924.5,e3m3,true
2022-05-01,ABGS0002227,DIFF,WATER,0,m3,true
2022-05-01,ABGS0002227,DISP,WATER,5.3,m3,true
2022-05-01,ABGS0002227,REC,WATER,5.3,m3,true
2022-05-01,ABGS0135864,DIFF,GAS,0,e3m3,true
2022-05-01,ABGS0135864,DISP,GAS,924.5,e3m3,true
2022-05-01,ABGS0135864,REC,GAS,57.5,e3m3,true
2022-05-01,ABGS0135864,REC,GAS,819.8,e3m3,true
2022-05-01,ABGS0135864,REC,GAS,47.2,e3m3,true
2022-05-01,ABIF0007002,SHUTIN,,,,true
2022-05-01,ABIF0007002,SHUTIN,,,,true
2022-05-01,ABIF0007002,SHUTIN,,,,true
2022-05-01,ABIF0007002,SHUTIN,,,,true
2022-05-01,ABIF0007002,SHUTIN,,,,true
2022-05-01,ABIF0007002,SHUTIN,,,,true
2022-05-01,ABIF0007002,SHUTIN,,,,true
2022-05-01,ABIF0007004,DIFF,WATER,0,m3,true
2022-05-01,ABIF0007004,INJ,WATER,3879,m3,true
2022-05-01,ABIF0007004,INJ,WATER,5133,m3,true
2022-05-01,ABIF0007004,INJ,WATER,7788,m3,true
2022-05-01,ABIF0007004,INJ,WATER,19038,m3,true
2022-05-01,ABIF0007004,INJ,WATER,10665,m3,true
2022-05-01,ABIF0007004,INJ,WATER,2692,m3,true
2022-05-01,ABIF0007004,INJ,WATER,7633,m3,true
2022-05-01,ABIF0007004,INJ,WATER,4875,m3,true
2022-05-01,ABIF0007004,INJ,WATER,9743,m3,true
2022-05-01,ABIF0007004,REC,WATER,71446,m3,true
2022-05-01,ABIF0007006,DIFF,WATER,0,m3,true
2022-05-01,ABIF0007006,INJ,WATER,3584.1,m3,true
2022-05-01,ABIF0007006,INVCL,WATER,0.2,m3,true
2022-05-01,ABIF0007006,INVOP,WATER,0.2,m3,true
2022-05-01,ABIF0007006,REC,WATER,3584.1,m3,true
2022-05-01,ABIF0007052,DIFF,WATER,0,m3,true
2022-05-01,ABIF0007052,INJ,WATER,5249,m3,true
2022-05-01,ABIF0007052,REC,WATER,5249,m3,true
2022-05-01,ABIF0007274,DIFF,WATER,0,m3,true
2022-05-01,ABIF0007274,INJ,WATER,1052,m3,true
2022-05-01,ABIF0007274,INJ,WATER,27107,m3,true
2022-05-01,ABIF0007274,REC,WATER,28159,m3,true
2022-05-01,ABIF0008261,DIFF,WATER,0,m3,true
2022-05-01,ABIF0008261,INJ,WATER,2295.9,m3,true
2022-05-01,ABIF0008261,REC,WATER,2295.9,m3,true
2022-05-01,ABIF0008386,DIFF,WATER,0,m3,true
2022-05-01,ABIF0008386,INJ,WATER,2262.5,m3,true
2022-05-01,ABIF0008386,REC,WATER,2262.5,m3,true
2022-05-01,ABIF0008917,DIFF,WATER,0,m3,true
2022-05-01,ABIF0008917,INJ,WATER,1125.8,m3,true
2022-05-01,ABIF0008917,INVCL,WATER,0.1,m3,true
2022-05-01,ABIF0008917,INVOP,WATER,0.1,m3,true
2022-05-01,ABIF0008917,REC,WATER,1125.8,m3,true
2022-05-01,ABIF0008992,SHUTIN,,,,true
2022-05-01,ABIF0009829,SHUTIN,,,,true
2022-05-01,ABIF0009829,DIFF,WATER,0,m3,true
2022-05-01,ABIF0009829,INJ,WATER,948,m3,true
2022-05-01,ABIF0009829,REC,WATER,948,m3,true
2022-05-01,ABIF0009839,DIFF,WATER,0,m3,true
2022-05-01,ABIF0009839,INJ,WATER,3598,m3,true
2022-05-01,ABIF0009839,REC,WATER,3598,m3,true
2022-05-01,ABIF0140734,DIFF,WATER,0,m3,true
2022-05-01,ABIF0140734,INJ,WATER,5253,m3,true
2022-05-01,ABIF0140734,REC,WATER,5253,m3,true
2022-05-01,ABIF0156447,INJ,CO2,16864.4,,true
2022-05-01,ABIF0156447,INJ,CO2,17378.7,,true
2022-05-01,ABIF0156447,INJ,CO2,12850.3,,true
2022-05-01,ABIF0156447,INJ,CO2,12348.1,,true
2022-05-01,ABIF0156447,INJ,CO2,17318.6,,true
2022-05-01,ABIF0156447,INJ,CO2,15048.7,,true
2022-05-01,ABIF0156447,INJ,CO2,16373.4,,true
2022-05-01,ABIF0156447,REC,CO2,39896.1,,true
2022-05-01,ABIF0156447,REC,CO2,68286.1,,true
2022-05-01,ABIF0156447,DIFF,GAS,0,e3m3,true
2022-05-01,ABIF0156447,INJ,GAS,799.7,e3m3,true
2022-05-01,ABIF0156447,INJ,GAS,829.4,e3m3,true
2022-05-01,ABIF0156447,INJ,GAS,613.2,e3m3,true
2022-05-01,ABIF0156447,INJ,GAS,589.5,e3m3,true
2022-05-01,ABIF0156447,INJ,GAS,820.6,e3m3,true
2022-05-01,ABIF0156447,INJ,GAS,717.7,e3m3,true
2022-05-01,ABIF0156447,INJ,GAS,774.5,e3m3,true
2022-05-01,ABIF0156447,REC,GAS,4722.8,e3m3,true
2022-05-01,ABIF0156447,REC,GAS,421.8,e3m3,true
2022-05-01,ABIF0156447,DIFF,WATER,0,m3,true
2022-05-01,ABIF0156447,INJ,WATER,17404.7,m3,true
2022-05-01,ABIF0156447,REC,WATER,17404.7,m3,true
2022-09-01,ABBT0041124,DISP,SAND,2,,true
2022-09-01,ABBT0048421,DIFF,GAS,0,e3m3,true
2022-09-01,ABBT0048421,DISP,GAS,61.4,e3m3,true
2022-09-01,ABBT0048421,FUEL,GAS,0.2,e3m3,true
2022-09-01,ABBT0048421,PROD,GAS,62,e3m3,true
2022-09-01,ABBT0048421,VENT,GAS,0.4,e3m3,true
2022-09-01,ABBT0059275,SHUTIN,,,,true
2022-09-01,ABBT0059275,IMBAL,OIL,0,m3,true
2022-09-01,ABBT0059275,INVCL,OIL,7.9,m3,true
2022-09-01,ABBT0059275,INVOP,OIL,7.9,m3,true
2022-09-01,ABBT0083457,IMBAL,OIL,0,m3,true
2022-09-01,ABBT0083457,INVCL,OIL,12,m3,true
2022-09-01,ABBT0083457,INVOP,OIL,12,m3,true
2022-09-01,ABBT0083457,DIFF,WATER,0,m3,true
2022-09-01,ABBT0083457,INVCL,WATER,10.4,m3,true
2022-09-01,ABBT0083457,INVOP,WATER,10.4,m3,true
2022-09-01,ABBT0091980,SHUTIN,,,,true
2022-09-01,ABBT0091980,IMBAL,OIL,0,m3,true
2022-09-01,ABBT0091980,INVCL,OIL,24.6,m3,true
2022-09-01,ABBT0091980,INVOP,OIL,24.6,m3,true
2022-09-01,ABBT0101896,PROD,COND,4.9,m3,true
2022-09-01,ABBT0101896,DIFF,GAS,0,e3m3,true
2022-09-01,ABBT0101896,DISP,GAS,885.3,e3m3,true
2022-09-01,ABBT0101896,FLARE,GAS,3.3,e3m3,true
2022-09-01,ABBT0101896,FUEL,GAS,15.2,e3m3,true
2022-09-01,ABBT0101896,PROD,GAS,32.1,e3m3,true
2022-09-01,ABBT0101896,PROD,GAS,25,e3m3,true
2022-09-01,ABBT0101896,PROD,GAS,119.5,e3m3,true
2022-09-01,ABBT0101896,PROD,GAS,67.3,e3m3,true
2022-09-01,ABBT0101896,PROD,GAS,39.3,e3m3,true
2022-09-01,ABBT0101896,PROD,GAS,196.1,e3m3,true
2022-09-01,ABBT0101896,PROD,GAS,99.3,e3m3,true
2022-09-01,ABBT0101896,PROD,GAS,27.3,e3m3,true
2022-09-01,ABBT0101896,PROD,GAS,127.5,e3m3,true
2022-09-01,ABBT0101896,PROD,GAS,151.9,e3m3,true
2022-09-01,ABBT0101896,REC,GAS,22.1,e3m3,true
2022-09-01,ABBT0101896,VENT,GAS,3.6,e3m3,true
2022-09-01,ABBT0101896,DISP,OIL,4.9,m3,true
2022-09-01,ABBT0101896,IMBAL,OIL,0,m3,true
2022-09-01,ABBT0120813,DIFF,GAS,0,e3m3,true
2022-09-01,ABBT0120813,DISP,GAS,50.5,e3m3,true
2022-09-01,ABBT0120813,FUEL,GAS,2.2,e3m3,true
2022-09-01,ABBT0120813,PROD,GAS,53.5,e3m3,true
2022-09-01,ABBT0120813,VENT,GAS,0.8,e3m3,true
2022-09-01,ABBT0120813,IMBAL,OIL,0,m3,true
2022-09-01,ABBT0120813,INVCL,OIL,11,m3,true
2022-09-01,ABBT0120813,INVOP,OIL,8.7,m3,true
2022-09-01,ABBT0120813,PROD,OIL,2.3,m3,true
2022-09-01,ABBT0120813,DIFF,WATER,0,m3,true
2022-09-01,ABBT0120813,INVCL,WATER,8.7,m3,true
2022-09-01,ABBT0120813,INVOP,WATER,8.7,m3,true
2022-09-01,ABBT0137951,,,,,true
2022-09-01,ABBT0137951,DIFF,GAS,0,e3m3,true
2022-09-01,ABBT0137951,DISP,GAS,212.6,e3m3,true
2022-09-01,ABBT0137951,PROD,GAS,70.2,e3m3,true
2022-09-01,ABBT0137951,PROD,GAS,23,e3m3,true
2022-09-01,ABBT0137951,PROD,GAS,30.6,e3m3,true
2022-09-01,ABBT0137951,PROD,GAS,37.6,e3m3,true
2022-09-01,ABBT0137951,PROD,GAS,29.9,e3m3,true
2022-09-01,ABBT0137951,PROD,GAS,0.8,e3m3,true
2022-09-01,ABBT0137951,PROD,GAS,12.2,e3m3,true
2022-09-01,ABBT0137951,PROD,GAS,8.3,e3m3,true
2022-09-01,ABBT0137951,DIFF,WATER,0,m3,true
2022-09-01,ABBT0137951,INVCL,WATER,3,m3,true
2022-09-01,ABBT0137951,INVOP,WATER,3,m3,true
2022-09-01,ABBT0141479,DISP,SAND,3.9,,true
2022-09-01,ABBT0141479,DIFF,WATER,0,m3,true
2022-09-01,ABBT0141479,DISP,WATER,20.7,m3,true
2022-09-01,ABBT0141479,PROD,WATER,20.7,m3,true
2022-09-01,ABBT2240034,,,,,true
2022-09-01,ABBT2240034,,,,,true
2022-09-01,ABBT2240034,,,,,true
2022-09-01,ABBT2240034,SHUTIN,,,,true
2022-09-01,ABBT2240034,SHUTIN,,,,true
2022-09-01,ABBT2240034,SHUTIN,,,,true
2022-09-01,ABBT2240034,SHUTIN,,,,true
2022-09-01,ABBT2240034,SHUTIN,,,,true
2022-09-01,ABBT2240034,SHUTIN,,,,true
2022-09-01,ABBT2240034,SHUTIN,,,,true
2022-09-01,ABBT2240034,SHUTIN,,,,true
2022-09-01,ABBT2240034,SHUTIN,,,,true
2022-09-01,ABBT2240034,DISP,CO2,39698.3,,true
2022-09-01,ABBT2240034,DIFF,GAS,0,e3m3,true
2022-09-01,ABBT2240034,DISP,GAS,5489.5,e3m3,true
2022-09-01,ABBT2240034,FLARE,GAS,31.3,e3m3,true
2022-09-01,ABBT2240034,FUEL,GAS,41.4,e3m3,true
2022-09-01,ABBT2240034,PROD,GAS,8.1,e3m3,true
2022-09-01,ABBT2240034,PROD,GAS,4569.2,e3m3,true
2022-09-01,ABBT2240034,PROD,GAS,8.2,e3m3,true
2022-09-01,ABBT2240034,PROD,GAS,19.1,e3m3,true
2022-09-01,ABBT2240034,PROD,GAS,11.9,e3m3,true
2022-09-01,ABBT2240034,PROD,GAS,12557.2,e3m3,true
2022-09-01,ABBT2240034,PROD,GAS,2,e3m3,true
2022-09-01,ABBT2240034,PROD,GAS,14397.5,e3m3,true
2022-09-01,ABBT2240034,PROD,GAS,4034.7,e3m3,true
2022-09-01,ABBT2240034,PROD,GAS,8558,e3m3,true
2022-09-01,ABBT2240034,PROD,GAS,22.7,e3m3,true
2022-09-01,ABBT2240034,PROD,GAS,945.8,e3m3,true
2022-09-01,ABBT2240034,PROD,GAS,8.1,e3m3,true
2022-09-01,ABBT2240034,PURREC,GAS,118.2,e3m3,true
2022-09-01,ABBT2240034,VENT,GAS,0.2,e3m3,true
2022-09-01,ABBT2240034,DISP,OIL,4654.9,m3,true
2022-09-01,ABBT2240034,IMBAL,OIL,0,m3,true
2022-09-01,ABBT2240034,PROD,OIL,12.8,m3,true
2022-09-01,ABBT2240034,PROD,OIL,381.4,m3,true
2022-09-01,ABBT2240034,PROD,OIL,30.3,m3,true
2022-09-01,ABBT2240034,PROD,OIL,35.8,m3,true
2022-09-01,ABBT2240034,PROD,OIL,45,m3,true
2022-09-01,ABBT2240034,PROD,OIL,1065.9,m3,true
2022-09-01,ABBT2240034,PROD,OIL,3.4,m3,true
2022-09-01,ABBT2240034,PROD,OIL,1092.8,m3,true
2022-09-01,ABBT2240034,PROD,OIL,506.3,m3,true
2022-09-01,ABBT2240034,PROD,OIL,720.1,m3,true
2022-09-01,ABBT2240034,PROD,OIL,489.8,m3,true
2022-09-01,ABBT2240034,PROD,OIL,81.4,m3,true
2022-09-01,ABBT2240034,PROD,OIL,189.9,m3,true
2022-09-01,ABBT2240034,ROYALTY,OIL,0.5,m3,true
2022-09-01,ABBT2240034,ROYALTY,OIL,8.9,m3,true
2022-09-01,ABBT2240034,ROYALTY,OIL,1.9,m3,true
2022-09-01,ABBT2240034,ROYALTY,OIL,4.1,m3,true
2022-09-01,ABBT2240034,ROYALTY,OIL,25,m3,true
2022-09-01,ABBT2240034,ROYALTY,OIL,0.1,m3,true
2022-09-01,ABBT2240034,ROYALTY,OIL,25.6,m3,true
2022-09-01,ABBT2240034,ROYALTY,OIL,11.7,m3,true
2022-09-01,ABBT2240034,ROYALTY,OIL,16.9,m3,true
2022-09-01,ABBT2240034,ROYALTY,OIL,90.8,m3,true
2022-09-01,ABBT2240034,ROYALTY,OIL,10,m3,true
2022-09-01,ABBT2240034,ROYALTY,OIL,40.8,m3,true
2022-09-01,ABBT2240034,DIFF,WATER,0,m3,true
2022-09-01,ABBT2240034,DISP,WATER,3.8,m3,true
2022-09-01,ABBT2240034,DISP,WATER,13692.3,m3,true
2022-09-01,ABBT2240034,PROD,WATER,446.1,m3,true
2022-09-01,ABBT2240034,PROD,WATER,1005.8,m3,true
2022-09-01,ABBT2240034,PROD,WATER,316.2,m3,true
2022-09-01,ABBT2240034,PROD,WATER,1596.8,m3,true
2022-09-01,ABBT2240034,PROD,WATER,919,m3,true
2022-09-01,ABBT2240034,PROD,WATER,2758.7,m3,true
2022-09-01,ABBT2240034,PROD,WATER,302.3,m3,true
2022-09-01,ABBT2240034,PROD,WATER,3001.5,m3,true
2022-09-01,ABBT2240034,PROD,WATER,1.6,m3,true
2022-09-01,ABBT2240034,PROD,WATER,1755.5,m3,true
2022-09-01,ABBT2240034,PROD,WATER,536.5,m3,true
2022-09-01,ABBT2240034,PROD,WATER,697.1,m3,true
2022-09-01,ABBT2240034,PROD,WATER,359,m3,true
2022-09-01,ABBT3620003,,,,,true
2022-09-01,ABBT3620003,,,,,true
2022-09-01,ABBT3620003,,,,,true
2022-09-01,ABBT3620003,SHUTIN,,,,true
2022-09-01,ABBT3620003,DIFF,GAS,0,e3m3,true
2022-09-01,ABBT3620003,FLARE,GAS,17.2,e3m3,true
2022-09-01,ABBT3620003,FUEL,GAS,6.1,e3m3,true
2022-09-01,ABBT3620003,PROD,GAS,6.6,e3m3,true
2022-09-01,ABBT3620003,PROD,GAS,6.4,e3m3,true
2022-09-01,ABBT3620003,PROD,GAS,4.8,e3m3,true
2022-09-01,ABBT3620003,PROD,GAS,5.8,e3m3,true
2022-09-01,ABBT3620003,VENT,GAS,0.3,e3m3,true
2022-09-01,ABBT3620003,DISP,OIL,99.5,m3,true
2022-09-01,ABBT3620003,IMBAL,OIL,0,m3,true
2022-09-01,ABBT3620003,INVCL,OIL,22,m3,true
2022-09-01,ABBT3620003,INVOP,OIL,12.5,m3,true
2022-09-01,ABBT3620003,PROD,OIL,49.4,m3,true
2022-09-01,ABBT3620003,PROD,OIL,19.2,m3,true
2022-09-01,ABBT3620003,PROD,OIL,7.1,m3,true
2022-09-01,ABBT3620003,PROD,OIL,33.3,m3,true
2022-09-01,ABBT3620003,ROYALTY,OIL,8.3,m3,true
2022-09-01,ABBT3620003,ROYALTY,OIL,0.4,m3,true
2022-09-01,ABBT3620003,DIFF,WATER,0,m3,true
2022-09-01,ABBT3620003,DISP,WATER,0.2,m3,true
2022-09-01,ABBT3620003,DISP,WATER,2115.9,m3,true
2022-09-01,ABBT3620003,INVCL,WATER,46.9,m3,true
2022-09-01,ABBT3620003,INVOP,WATER,46.9,m3,true
2022-09-01,ABBT3620003,PROD,WATER,617.5,m3,true
2022-09-01,ABBT3620003,PROD,WATER,239.6,m3,true
2022-09-01,ABBT3620003,PROD,WATER,1102.3,m3,true
2022-09-01,ABBT3620003,PROD,WATER,156.7,m3,true
2022-09-01,ABBT3710049,,,,,true
2022-09-01,ABBT3710049,,,,,true
2022-09-01,ABBT3710049,,,,,true
2022-09-01,ABBT3710049,SHUTIN,,,,true
2022-09-01,ABBT3710049,SHUTIN,,,,true
2022-09-01,ABBT3710049,SHUTIN,,,,true
2022-09-01,ABBT3710049,SHUTIN,,,,true
2022-09-01,ABBT3710049,SHUTIN,,,,true
2022-09-01,ABBT3710049,SHUTIN,,,,true
2022-09-01,ABBT3710049,DIFF,GAS,0,e3m3,true
2022-09-01,ABBT3710049,FLARE,GAS,276.4,e3m3,true
2022-09-01,ABBT3710049,FUEL,GAS,88.4,e3m3,true
2022-09-01,ABBT3710049,PROD,GAS,1.8,e3m3,true
2022-09-01,ABBT3710049,PROD,GAS,8,e3m3,true
2022-09-01,ABBT3710049,PROD,GAS,1.8,e3m3,true
2022-09-01,ABBT3710049,PROD,GAS,11.1,e3m3,true
2022-09-01,ABBT3710049,PROD,GAS,9.5,e3m3,true
2022-09-01,ABBT3710049,PROD,GAS,0.6,e3m3,true
2022-09-01,ABBT3710049,PROD,GAS,15.5,e3m3,true
2022-09-01,ABBT3710049,PROD,GAS,6.4,e3m3,true
2022-09-01,ABBT3710049,PROD,GAS,11.1,e3m3,true
2022-09-01,ABBT3710049,PROD,GAS,0.4,e3m3,true
2022-09-01,ABBT3710049,PROD,GAS,11.6,e3m3,true
2022-09-01,ABBT3710049,PROD,GAS,17.5,e3m3,true
2022-09-01,ABBT3710049,PROD,GAS,14.9,e3m3,true
2022-09-01,ABBT3710049,PROD,GAS,0.9,e3m3,true
2022-09-01,ABBT3710049,PROD,GAS,14.1,e3m3,true
2022-09-01,ABBT3710049,PROD,GAS,4.3,e3m3,true
2022-09-01,ABBT3710049,PROD,GAS,15.5,e3m3,true
2022-09-01,ABBT3710049,PROD,GAS,0.9,e3m3,true
2022-09-01,ABBT3710049,PROD,GAS,8,e3m3,true
2022-09-01,ABBT3710049,PROD,GAS,2,e3m3,true
2022-09-01,ABBT3710049,PROD,GAS,2.6,e3m3,true
2022-09-01,ABBT3710049,PROD,GAS,6.7,e3m3,true
2022-09-01,ABBT3710049,PROD,GAS,6.7,e3m3,true
2022-09-01,ABBT3710049,PROD,GAS,10.5,e3m3,true
2022-09-01,ABBT3710049,PROD,GAS,3.3,e3m3,true
2022-09-01,ABBT3710049,PROD,GAS,13.1,e3m3,true
2022-09-01,ABBT3710049,PROD,GAS,17.8,e3m3,true
2022-09-01,ABBT3710049,PROD,GAS,10.1,e3m3,true
2022-09-01,ABBT3710049,PROD,GAS,5.1,e3m3,true
2022-09-01,ABBT3710049,PROD,GAS,3.5,e3m3,true
2022-09-01,ABBT3710049,PROD,GAS,13.2,e3m3,true
2022-09-01,ABBT3710049,PROD,GAS,25,e3m3,true
2022-09-01,ABBT3710049,PROD,GAS,2.1,e3m3,true
2022-09-01,ABBT3710049,PROD,GAS,1.4,e3m3,true
2022-09-01,ABBT3710049,PURREC,GAS,40.2,e3m3,true
2022-09-01,ABBT3710049,PURREC,GAS,48.2,e3m3,true
2022-09-01,ABBT3710049,VENT,GAS,0.6,e3m3,true
2022-09-01,ABBT3710049,DISP,OIL,1535.1,m3,true
2022-09-01,ABBT3710049,IMBAL,OIL,0,m3,true
2022-09-01,ABBT3710049,INVCL,OIL,105.7,m3,true
2022-09-01,ABBT3710049,INVOP,OIL,109.5,m3,true
2022-09-01,ABBT3710049,PROD,OIL,59.9,m3,true
2022-09-01,ABBT3710049,PROD,OIL,25.7,m3,true
2022-09-01,ABBT3710049,PROD,OIL,41.8,m3,true
2022-09-01,ABBT3710049,PROD,OIL,123.9,m3,true
2022-09-01,ABBT3710049,PROD,OIL,7.4,m3,true
2022-09-01,ABBT3710049,PROD,OIL,23.7,m3,true
2022-09-01,ABBT3710049,PROD,OIL,45.6,m3,true
2022-09-01,ABBT3710049,PROD,OIL,29.5,m3,true
2022-09-01,ABBT3710049,PROD,OIL,20.4,m3,true
2022-09-01,ABBT3710049,PROD,OIL,15.7,m3,true
2022-09-01,ABBT3710049,PROD,OIL,32.6,m3,true
2022-09-01,ABBT3710049,PROD,OIL,49,m3,true
2022-09-01,ABBT3710049,PROD,OIL,135.1,m3,true
2022-09-01,ABBT3710049,PROD,OIL,19,m3,true
2022-09-01,ABBT3710049,PROD,OIL,69.3,m3,true
2022-09-01,ABBT3710049,PROD,OIL,33.1,m3,true
2022-09-01,ABBT3710049,PROD,OIL,47.8,m3,true
2022-09-01,ABBT3710049,PROD,OIL,24.3,m3,true
2022-09-01,ABBT3710049,PROD,OIL,39.7,m3,true
2022-09-01,ABBT3710049,PROD,OIL,18.4,m3,true
2022-09-01,ABBT3710049,PROD,OIL,42.7,m3,true
2022-09-01,ABBT3710049,PROD,OIL,77.3,m3,true
2022-09-01,ABBT3710049,PROD,OIL,77.4,m3,true
2022-09-01,ABBT3710049,PROD,OIL,16.1,m3,true
2022-09-01,ABBT3710049,PROD,OIL,9.9,m3,true
2022-09-01,ABBT3710049,PROD,OIL,39.6,m3,true
2022-09-01,ABBT3710049,PROD,OIL,110.8,m3,true
2022-09-01,ABBT3710049,PROD,OIL,64.7,m3,true
2022-09-01,ABBT3710049,PROD,OIL,27.6,m3,true
2022-09-01,ABBT3710049,PROD,OIL,42.6,m3,true
2022-09-01,ABBT3710049,PROD,OIL,88.8,m3,true
2022-09-01,ABBT3710049,PROD,OIL,39.2,m3,true
2022-09-01,ABBT3710049,PROD,OIL,19.6,m3,true
2022-09-01,ABBT3710049,PROD,OIL,13.1,m3,true
2022-09-01,ABBT3710049,ROYALTY,OIL,2.7,m3,true
2022-09-01,ABBT3710049,ROYALTY,OIL,0.4,m3,true
2022-09-01,ABBT3710049,ROYALTY,OIL,7.2,m3,true
2022-09-01,ABBT3710049,ROYALTY,OIL,3.4,m3,true
2022-09-01,ABBT3710049,ROYALTY,OIL,1.2,m3,true
2022-09-01,ABBT3710049,ROYALTY,OIL,0.8,m3,true
2022-09-01,ABBT3710049,ROYALTY,OIL,46.7,m3,true
2022-09-01,ABBT3710049,ROYALTY,OIL,1.2,m3,true
2022-09-01,ABBT3710049,ROYALTY,OIL,15.3,m3,true
2022-09-01,ABBT3710049,ROYALTY,OIL,7.8,m3,true
2022-09-01,ABBT3710049,ROYALTY,OIL,5.7,m3,true
2022-09-01,ABBT3710049,ROYALTY,OIL,1,m3,true
2022-09-01,ABBT3710049,ROYALTY,OIL,6.4,m3,true
2022-09-01,ABBT3710049,ROYALTY,OIL,0.7,m3,true
2022-09-01,ABBT3710049,ROYALTY,OIL,5.7,m3,true
2022-09-01,ABBT3710049,ROYALTY,OIL,3.5,m3,true
2022-09-01,ABBT3710049,ROYALTY,OIL,15.5,m3,true
2022-09-01,ABBT3710049,DISP,SAND,1,,true
2022-09-01,ABBT3710049,DIFF,WATER,0,m3,true
2022-09-01,ABBT3710049,DISP,WATER,0.8,m3,true
2022-09-01,ABBT3710049,DISP,WATER,64741,m3,true
2022-09-01,ABBT3710049,DISP,WATER,3060,m3,true
2022-09-01,ABBT3710049,DISP,WATER,5102,m3,true
2022-09-01,ABBT3710049,PROD,WATER,115.9,m3,true
2022-09-01,ABBT3710049,PROD,WATER,1590.4,m3,true
2022-09-01,ABBT3710049,PROD,WATER,1066.5,m3,true
2022-09-01,ABBT3710049,PROD,WATER,884.1,m3,true
2022-09-01,ABBT3710049,PROD,WATER,1578.7,m3,true
2022-09-01,ABBT3710049,PROD,WATER,609.7,m3,true
2022-09-01,ABBT3710049,PROD,WATER,1970.6,m3,true
2022-09-01,ABBT3710049,PROD,WATER,597.7,m3,true
2022-09-01,ABBT3710049,PROD,WATER,1433.4,m3,true
2022-09-01,ABBT3710049,PROD,WATER,1651.9,m3,true
2022-09-01,ABBT3710049,PROD,WATER,3442.2,m3,true
2022-09-01,ABBT3710049,PROD,WATER,5163.4,m3,true
2022-09-01,ABBT3710049,PROD,WATER,2075,m3,true
2022-09-01,ABBT3710049,PROD,WATER,609.6,m3,true
2022-09-01,ABBT3710049,PROD,WATER,1772.2,m3,true
2022-09-01,ABBT3710049,PROD,WATER,1367.1,m3,true
2022-09-01,ABBT3710049,PROD,WATER,7231.8,m3,true
2022-09-01,ABBT3710049,PROD,WATER,678.1,m3,true
2022-09-01,ABBT3710049,PROD,WATER,554.8,m3,true
2022-09-01,ABBT3710049,PROD,WATER,960.3,m3,true
2022-09-01,ABBT3710049,PROD,WATER,1773.4,m3,true
2022-09-01,ABBT3710049,PROD,WATER,1292.7,m3,true
2022-09-01,ABBT3710049,PROD,WATER,1292.7,m3,true
2022-09-01,ABBT3710049,PROD,WATER,8530.9,m3,true
2022-09-01,ABBT3710049,PROD,WATER,410.9,m3,true
2022-09-01,ABBT3710049,PROD,WATER,1643.8,m3,true
2022-09-01,ABBT3710049,PROD,WATER,866.4,m3,true
2022-09-01,ABBT3710049,PROD,WATER,4536.7,m3,true
2022-09-01,ABBT3710049,PROD,WATER,2894.8,m3,true
2022-09-01,ABBT3710049,PROD,WATER,1246.2,m3,true
2022-09-01,ABBT3710049,PROD,WATER,2012.7,m3,true
2022-09-01,ABBT3710049,PROD,WATER,10387.4,m3,true
2022-09-01,ABBT3710049,PROD,WATER,397.1,m3,true
2022-09-01,ABBT3710049,PROD,WATER,264.7,m3,true
2022-09-01,ABBT4180001,,,,,true
2022-09-01,ABBT4180001,,,,,true
2022-09-01,ABBT4180001,,,,,true
2022-09-01,ABBT4180001,DIFF,GAS,0,e3m3,true
2022-09-01,ABBT4180001,DISP,GAS,25,e3m3,true
2022-09-01,ABBT4180001,FLARE,GAS,3.2,e3m3,true
2022-09-01,ABBT4180001,FUEL,GAS,5.9,e3m3,true
2022-09-01,ABBT4180001,PROD,GAS,24.6,e3m3,true
2022-09-01,ABBT4180001,PROD,GAS,10.9,e3m3,true
2022-09-01,ABBT4180001,VENT,GAS,1.4,e3m3,true
2022-09-01,ABBT4180001,DISP,OIL,392,m3,true
2022-09-01,ABBT4180001,IMBAL,OIL,0,m3,true
2022-09-01,ABBT4180001,INVCL,OIL,24.7,m3,true
2022-09-01,ABBT4180001,INVOP,OIL,28.1,m3,true
2022-09-01,ABBT4180001,PROD,OIL,267.2,m3,true
2022-09-01,ABBT4180001,PROD,OIL,121.4,m3,true
2022-09-01,ABBT4180001,ROYALTY,OIL,106.9,m3,true
2022-09-01,ABBT4180001,ROYALTY,OIL,41.9,m3,true
2022-09-01,ABBT4180001,DIFF,WATER,0,m3,true
2022-09-01,ABBT4180001,DISP,WATER,2.8,m3,true
2022-09-01,ABBT4180001,DISP,WATER,3522.2,m3,true
2022-09-01,ABBT4180001,PROD,WATER,2461.4,m3,true
2022-09-01,ABBT4180001,PROD,WATER,1063.6,m3,true
2022-09-01,ABBT4550001,,,,,true
2022-09-01,ABBT4550001,,,,,true
2022-09-01,ABBT4550001,,,,,true
2022-09-01,ABBT4550001,SHUTIN,,,,true
2022-09-01,ABBT4550001,SHUTIN,,,,true
2022-09-01,ABBT4550001,SHUTIN,,,,true
2022-09-01,ABBT4550001,SHUTIN,,,,true
2022-09-01,ABBT4550001,DIFF,GAS,0,e3m3,true
2022-09-01,ABBT4550001,FLARE,GAS,302.9,e3m3,true
2022-09-01,ABBT4550001,FUEL,GAS,3.8,e3m3,true
2022-09-01,ABBT4550001,PROD,GAS,0.6,e3m3,true
2022-09-01,ABBT4550001,PROD,GAS,4.2,e3m3,true
2022-09-01,ABBT4550001,PROD,GAS,78.7,e3m3,true
2022-09-01,ABBT4550001,PROD,GAS,1,e3m3,true
2022-09-01,ABBT4550001,PROD,GAS,1.4,e3m3,true
2022-09-01,ABBT4550001,PROD,GAS,34.9,e3m3,true
2022-09-01,ABBT4550001,PROD,GAS,4.2,e3m3,true
2022-09-01,ABBT4550001,PROD,GAS,71.1,e3m3,true
2022-09-01,ABBT4550001,PROD,GAS,4.9,e3m3,true
2022-09-01,ABBT4550001,PROD,GAS,4.5,e3m3,true
2022-09-01,ABBT4550001,PROD,GAS,0.5,e3m3,true
2022-09-01,ABBT4550001,PROD,GAS,90,e3m3,true
2022-09-01,ABBT4550001,PROD,GAS,3.4,e3m3,true
2022-09-01,ABBT4550001,PROD,GAS,0.9,e3m3,true
2022-09-01,ABBT4550001,REC,GAS,6.4,e3m3,true
2022-09-01,ABBT4550001,DISP,OIL,602.9,m3,true
2022-09-01,ABBT4550001,IMBAL,OIL,0,m3,true
2022-09-01,ABBT4550001,INVCL,OIL,134.3,m3,true
2022-09-01,ABBT4550001,INVOP,OIL,130.9,m3,true
2022-09-01,ABBT4550001,PROD,OIL,0.3,m3,true
2022-09-01,ABBT4550001,PROD,OIL,42.8,m3,true
2022-09-01,ABBT4550001,PROD,OIL,60.6,m3,true
2022-09-01,ABBT4550001,PROD,OIL,8.3,m3,true
2022-09-01,ABBT4550001,PROD,OIL,14.8,m3,true
2022-09-01,ABBT4550001,PROD,OIL,83.7,m3,true
2022-09-01,ABBT4550001,PROD,OIL,12.4,m3,true
2022-09-01,ABBT4550001,PROD,OIL,292.4,m3,true
2022-09-01,ABBT4550001,PROD,OIL,22.1,m3,true
2022-09-01,ABBT4550001,PROD,OIL,18.8,m3,true
2022-09-01,ABBT4550001,PROD,OIL,1.3,m3,true
2022-09-01,ABBT4550001,PROD,OIL,47,m3,true
2022-09-01,ABBT4550001,PROD,OIL,1.8,m3,true
2022-09-01,ABBT4550001,ROYALTY,OIL,0.6,m3,true
2022-09-01,ABBT4550001,ROYALTY,OIL,1.4,m3,true
2022-09-01,ABBT4550001,ROYALTY,OIL,21.6,m3,true
2022-09-01,ABBT4550001,ROYALTY,OIL,1.9,m3,true
2022-09-01,ABBT4550001,ROYALTY,OIL,7.6,m3,true
2022-09-01,ABBT4550001,ROYALTY,OIL,0.1,m3,true
2022-09-01,ABBT4550001,DIFF,WATER,0,m3,true
2022-09-01,ABBT4550001,DISP,WATER,0.5,m3,true
2022-09-01,ABBT4550001,DISP,WATER,4693.5,m3,true
2022-09-01,ABBT4550001,DISP,WATER,2343.4,m3,true
2022-09-01,ABBT4550001,DISP,WATER,996,m3,true
2022-09-01,ABBT4550001,DISP,WATER,329,m3,true
2022-09-01,ABBT4550001,PROD,WATER,61.8,m3,true
2022-09-01,ABBT4550001,PROD,WATER,1156.5,m3,true
2022-09-01,ABBT4550001,PROD,WATER,532.2,m3,true
2022-09-01,ABBT4550001,PROD,WATER,540.7,m3,true
2022-09-01,ABBT4550001,PROD,WATER,480.6,m3,true
2022-09-01,ABBT4550001,PROD,WATER,2283.9,m3,true
2022-09-01,ABBT4550001,PROD,WATER,840.5,m3,true
2022-09-01,ABBT4550001,PROD,WATER,420.3,m3,true
2022-09-01,ABBT4550001,PROD,WATER,808.4,m3,true
2022-09-01,ABBT4550001,PROD,WATER,1146.9,m3,true
2022-09-01,ABBT4550001,PROD,WATER,70.7,m3,true
2022-09-01,ABBT4550001,PROD,WATER,15.5,m3,true
2022-09-01,ABBT4550001,PROD,WATER,4.4,m3,true
2022-09-01,ABBT4940020,,,,,true
2022-09-01,ABBT4940020,,,,,true
2022-09-01,ABBT4940020,,,,,true
2022-09-01,ABBT4940020,SHUTIN,,,,true
2022-09-01,ABBT4940020,SHUTIN,,,,true
2022-09-01,ABBT4940020,SHUTIN,,,,true
2022-09-01,ABBT4940020,SHUTIN,,,,true
2022-09-01,ABBT4940020,DIFF,GAS,0,e3m3,true
2022-09-01,ABBT4940020,DISP,GAS,22.1,e3m3,true
2022-09-01,ABBT4940020,DISP,GAS,526.8,e3m3,true
2022-09-01,ABBT4940020,FLARE,GAS,10,e3m3,true
2022-09-01,ABBT4940020,FUEL,GAS,77,e3m3,true
2022-09-01,ABBT4940020,PROD,GAS,21.5,e3m3,true
2022-09-01,ABBT4940020,PROD,GAS,30,e3m3,true
2022-09-01,ABBT4940020,PROD,GAS,32.3,e3m3,true
2022-09-01,ABBT4940020,PROD,GAS,30.1,e3m3,true
2022-09-01,ABBT4940020,PROD,GAS,30.6,e3m3,true
2022-09-01,ABBT4940020,PROD,GAS,37.6,e3m3,true
2022-09-01,ABBT4940020,PROD,GAS,55.7,e3m3,true
2022-09-01,ABBT4940020,PROD,GAS,10.7,e3m3,true
2022-09-01,ABBT4940020,PROD,GAS,22.9,e3m3,true
2022-09-01,ABBT4940020,PROD,GAS,9.4,e3m3,true
2022-09-01,ABBT4940020,PROD,GAS,39.3,e3m3,true
2022-09-01,ABBT4940020,PROD,GAS,29.7,e3m3,true
2022-09-01,ABBT4940020,PROD,GAS,40.2,e3m3,true
2022-09-01,ABBT4940020,PROD,GAS,142,e3m3,true
2022-09-01,ABBT4940020,REC,GAS,104,e3m3,true
2022-09-01,ABBT4940020,VENT,GAS,0.1,e3m3,true
2022-09-01,ABBT4940020,DISP,OIL,1225.9,m3,true
2022-09-01,ABBT4940020,IMBAL,OIL,0,m3,true
2022-09-01,ABBT4940020,INVCL,OIL,107.1,m3,true
2022-09-01,ABBT4940020,INVOP,OIL,173.1,m3,true
2022-09-01,ABBT4940020,PROD,OIL,69.9,m3,true
2022-09-01,ABBT4940020,PROD,OIL,55.7,m3,true
2022-09-01,ABBT4940020,PROD,OIL,86.6,m3,true
2022-09-01,ABBT4940020,PROD,OIL,59.1,m3,true
2022-09-01,ABBT4940020,PROD,OIL,50.7,m3,true
2022-09-01,ABBT4940020,PROD,OIL,123.8,m3,true
2022-09-01,ABBT4940020,PROD,OIL,118.5,m3,true
2022-09-01,ABBT4940020,PROD,OIL,8.3,m3,true
2022-09-01,ABBT4940020,PROD,OIL,21.7,m3,true
2022-09-01,ABBT4940020,PROD,OIL,20.5,m3,true
2022-09-01,ABBT4940020,PROD,OIL,109.2,m3,true
2022-09-01,ABBT4940020,PROD,OIL,87.1,m3,true
2022-09-01,ABBT4940020,PROD,OIL,80.6,m3,true
2022-09-01,ABBT4940020,PROD,OIL,263.3,m3,true
2022-09-01,ABBT4940020,REC,OIL,4.9,m3,true
2022-09-01,ABBT4940020,ROYALTY,OIL,6.3,m3,true
2022-09-01,ABBT4940020,ROYALTY,OIL,4.2,m3,true
2022-09-01,ABBT4940020,ROYALTY,OIL,9.2,m3,true
2022-09-01,ABBT4940020,ROYALTY,OIL,4.7,m3,true
2022-09-01,ABBT4940020,ROYALTY,OIL,3.6,m3,true
2022-09-01,ABBT4940020,ROYALTY,OIL,16.4,m3,true
2022-09-01,ABBT4940020,ROYALTY,OIL,15.4,m3,true
2022-09-01,ABBT4940020,ROYALTY,OIL,0.4,m3,true
2022-09-01,ABBT4940020,ROYALTY,OIL,0.9,m3,true
2022-09-01,ABBT4940020,ROYALTY,OIL,0.8,m3,true
2022-09-01,ABBT4940020,ROYALTY,OIL,13.8,m3,true
2022-09-01,ABBT4940020,ROYALTY,OIL,9.3,m3,true
2022-09-01,ABBT4940020,ROYALTY,OIL,8.1,m3,true
2022-09-01,ABBT4940020,ROYALTY,OIL,40.1,m3,true
2022-09-01,ABBT4940020,DIFF,WATER,0,m3,true
2022-09-01,ABBT4940020,DISP,WATER,1,m3,true
2022-09-01,ABBT4940020,DISP,WATER,26977,m3,true
2022-09-01,ABBT4940020,PROD,WATER,1414.7,m3,true
2022-09-01,ABBT4940020,PROD,WATER,1695,m3,true
2022-09-01,ABBT4940020,PROD,WATER,1289.7,m3,true
2022-09-01,ABBT4940020,PROD,WATER,1129.1,m3,true
2022-09-01,ABBT4940020,PROD,WATER,1304.8,m3,true
2022-09-01,ABBT4940020,PROD,WATER,2178.3,m3,true
2022-09-01,ABBT4940020,PROD,WATER,995.7,m3,true
2022-09-01,ABBT4940020,PROD,WATER,1065.3,m3,true
2022-09-01,ABBT4940020,PROD,WATER,1607.6,m3,true
2022-09-01,ABBT4940020,PROD,WATER,1394.5,m3,true
2022-09-01,ABBT4940020,PROD,WATER,719.9,m3,true
2022-09-01,ABBT4940020,PROD,WATER,1903.3,m3,true
2022-09-01,ABBT4940020,PROD,WATER,2565.4,m3,true
2022-09-01,ABBT4940020,PROD,WATER,7714.7,m3,true
2022-09-01,ABBT9880004,,,,,true
2022-09-01,ABBT9880004,,,,,true
2022-09-01,ABBT9880004,,,,,true
2022-09-01,ABBT9880004,SHUTIN,,,,true
2022-09-01,ABBT9880004,SHUTIN,,,,true
2022-09-01,ABBT9880004,SHUTIN,,,,true
2022-09-01,ABBT9880004,SHUTIN,,,,true
2022-09-01,ABBT9880004,DIFF,GAS,0,e3m3,true
2022-09-01,ABBT9880004,FLARE,GAS,85.6,e3m3,true
2022-09-01,ABBT9880004,FUEL,GAS,8.9,e3m3,true
2022-09-01,ABBT9880004,PROD,GAS,27.1,e3m3,true
2022-09-01,ABBT9880004,PROD,GAS,12.4,e3m3,true
2022-09-01,ABBT9880004,PROD,GAS,8.3,e3m3,true
2022-09-01,ABBT9880004,PROD,GAS,4.9,e3m3,true
2022-09-01,ABBT9880004,PURREC,GAS,41.8,e3m3,true
2022-09-01,ABBT9880004,DISP,OIL,265.9,m3,true
2022-09-01,ABBT9880004,IMBAL,OIL,0,m3,true
2022-09-01,ABBT9880004,INVCL,OIL,150.3,m3,true
2022-09-01,ABBT9880004,INVOP,OIL,149.9,m3,true
2022-09-01,ABBT9880004,PROD,OIL,81.5,m3,true
2022-09-01,ABBT9880004,PROD,OIL,68.1,m3,true
2022-09-01,ABBT9880004,PROD,OIL,104.9,m3,true
2022-09-01,ABBT9880004,PROD,OIL,11.8,m3,true
2022-09-01,ABBT9880004,ROYALTY,OIL,7.9,m3,true
2022-09-01,ABBT9880004,ROYALTY,OIL,13,m3,true
2022-09-01,ABBT9880004,ROYALTY,OIL,33.6,m3,true
2022-09-01,ABBT9880004,ROYALTY,OIL,0.7,m3,true
2022-09-01,ABBT9880004,DIFF,WATER,0,m3,true
2022-09-01,ABBT9880004,DISP,WATER,0.4,m3,true
2022-09-01,ABBT9880004,DISP,WATER,1011,m3,true
2022-09-01,ABBT9880004,PROD,WATER,581,m3,true
2022-09-01,ABBT9880004,PROD,WATER,18.1,m3,true
2022-09-01,ABBT9880004,PROD,WATER,357,m3,true
2022-09-01,ABBT9880004,PROD,WATER,55.3,m3,true
2022-09-01,ABGS0002227,DIFF,GAS,10,e3m3,true
2022-09-01,ABGS0002227,DISP,GAS,1514,e3m3,true
2022-09-01,ABGS0002227,REC,GAS,526.8,e3m3,true
2022-09-01,ABGS0002227,REC,GAS,997.2,e3m3,true
2022-09-01,ABGS0002227,DIFF,WATER,0,m3,true
2022-09-01,ABGS0002227,DISP,WATER,7.8,m3,true
2022-09-01,ABGS0002227,REC,WATER,7.8,m3,true
2022-09-01,ABGS0135864,DIFF,GAS,0,e3m3,true
2022-09-01,ABGS0135864,DISP,GAS,997.2,e3m3,true
2022-09-01,ABGS0135864,REC,GAS,61.4,e3m3,true
2022-09-01,ABGS0135864,REC,GAS,885.3,e3m3,true
2022-09-01,ABGS0135864,REC,GAS,50.5,e3m3,true
2022-09-01,ABIF0007002,SHUTIN,,,,true
2022-09-01,ABIF0007002,SHUTIN,,,,true
2022-09-01,ABIF0007002,SHUTIN,,,,true
2022-09-01,ABIF0007002,SHUTIN,,,,true
2022-09-01,ABIF0007002,SHUTIN,,,,true
2022-09-01,ABIF0007002,SHUTIN,,,,true
2022-09-01,ABIF0007004,DIFF,WATER,0,m3,true
2022-09-01,ABIF0007004,INJ,WATER,3633,m3,true
2022-09-01,ABIF0007004,INJ,WATER,4585,m3,true
2022-09-01,ABIF0007004,INJ,WATER,8531,m3,true
2022-09-01,ABIF0007004,INJ,WATER,17098,m3,true
2022-09-01,ABIF0007004,INJ,WATER,10094,m3,true
2022-09-01,ABIF0007004,INJ,WATER,343,m3,true
2022-09-01,ABIF0007004,INJ,WATER,5493,m3,true
2022-09-01,ABIF0007004,INJ,WATER,4904,m3,true
2022-09-01,ABIF0007004,INJ,WATER,10060,m3,true
2022-09-01,ABIF0007004,REC,WATER,64741,m3,true
2022-09-01,ABIF0007006,DIFF,WATER,0,m3,true
2022-09-01,ABIF0007006,INJ,WATER,3522.2,m3,true
2022-09-01,ABIF0007006,INVCL,WATER,0.2,m3,true
2022-09-01,ABIF0007006,INVOP,WATER,0.2,m3,true
2022-09-01,ABIF0007006,REC,WATER,3522.2,m3,true
2022-09-01,ABIF0007052,DIFF,WATER,0,m3,true
2022-09-01,ABIF0007052,INJ,WATER,4693.5,m3,true
2022-09-01,ABIF0007052,REC,WATER,4693.5,m3,true
2022-09-01,ABIF0007274,DIFF,WATER,0,m3,true
2022-09-01,ABIF0007274,INJ,WATER,1759,m3,true
2022-09-01,ABIF0007274,INJ,WATER,25218,m3,true
2022-09-01,ABIF0007274,REC,WATER,26977,m3,true
2022-09-01,ABIF0008261,DIFF,WATER,0,m3,true
2022-09-01,ABIF0008261,INJ,WATER,2343.4,m3,true
2022-09-01,ABIF0008261,REC,WATER,2343.4,m3,true
2022-09-01,ABIF0008386,DIFF,WATER,0,m3,true
2022-09-01,ABIF0008386,INJ,WATER,2115.9,m3,true
2022-09-01,ABIF0008386,REC,WATER,2115.9,m3,true
2022-09-01,ABIF0008917,DIFF,WATER,0,m3,true
2022-09-01,ABIF0008917,INJ,WATER,996,m3,true
2022-09-01,ABIF0008917,INVCL,WATER,0.1,m3,true
2022-09-01,ABIF0008917,INVOP,WATER,0.1,m3,true
2022-09-01,ABIF0008917,REC,WATER,996,m3,true
2022-09-01,ABIF0008992,DIFF,WATER,0,m3,true
2022-09-01,ABIF0008992,INJ,WATER,329,m3,true
2022-09-01,ABIF0008992,REC,WATER,329,m3,true
2022-09-01,ABIF0009829,SHUTIN,,,,true
2022-09-01,ABIF0009829,DIFF,WATER,0,m3,true
2022-09-01,ABIF0009829,INJ,WATER,1011,m3,true
2022-09-01,ABIF0009829,REC,WATER,1011,m3,true
2022-09-01,ABIF0009839,DIFF,WATER,0,m3,true
2022-09-01,ABIF0009839,INJ,WATER,3060,m3,true
2022-09-01,ABIF0009839,REC,WATER,3060,m3,true
2022-09-01,ABIF0140734,DIFF,WATER,0,m3,true
2022-09-01,ABIF0140734,INJ,WATER,5102,m3,true
2022-09-01,ABIF0140734,REC,WATER,5102,m3,true
2022-09-01,ABIF0156447,PROD,BRKWTR,29144.4,,true
2022-09-01,ABIF0156447,INJ,CO2,7.3,,true
2022-09-01,ABIF0156447,INJ,CO2,2103.3,,true
2022-09-01,ABIF0156447,INJ,CO2,4419.1,,true
2022-09-01,ABIF0156447,INJ,CO2,5190.2,,true
2022-09-01,ABIF0156447,INJ,CO2,7103.6,,true
2022-09-01,ABIF0156447,INJ,CO2,1832.3,,true
2022-09-01,ABIF0156447,INJ,CO2,24884.2,,true
2022-09-01,ABIF0156447,INJ,CO2,945.9,,true
2022-09-01,ABIF0156447,REC,CO2,39698.3,,true
2022-09-01,ABIF0156447,REC,CO2,6787.5,,true
2022-09-01,ABIF0156447,DIFF,GAS,0,e3m3,true
2022-09-01,ABIF0156447,INJ,GAS,0.9,e3m3,true
2022-09-01,ABIF0156447,INJ,GAS,252.1,e3m3,true
2022-09-01,ABIF0156447,INJ,GAS,529.3,e3m3,true
2022-09-01,ABIF0156447,INJ,GAS,625.3,e3m3,true
2022-09-01,ABIF0156447,INJ,GAS,852.3,e3m3,true
2022-09-01,ABIF0156447,INJ,GAS,219.7,e3m3,true
2022-09-01,ABIF0156447,INJ,GAS,2984.4,e3m3,true
2022-09-01,ABIF0156447,INJ,GAS,108.3,e3m3,true
2022-09-01,ABIF0156447,REC,GAS,5489.5,e3m3,true
2022-09-01,ABIF0156447,REC,GAS,82.9,e3m3,true
2022-09-01,ABIF0156447,DIFF,WATER,0,m3,true
2022-09-01,ABIF0156447,INJ,WATER,26546.7,m3,true
2022-09-01,ABIF0156447,INJ,WATER,16290,m3,true
2022-09-01,ABIF0156447,REC,WATER,13692.3,m3,true
2022-07-01,ABBT0048421,DIFF,GAS,0,e3m3,true
2022-07-01,ABBT0048421,DISP,GAS,44,e3m3,true
2022-07-01,ABBT0048421,PROD,GAS,44.3,e3m3,true
2022-07-01,ABBT0048421,VENT,GAS,0.3,e3m3,true
2022-07-01,ABBT0059275,SHUTIN,,,,true
2022-07-01,ABBT0059275,IMBAL,OIL,0,m3,true
2022-07-01,ABBT0059275,INVCL,OIL,7.9,m3,true
2022-07-01,ABBT0059275,INVOP,OIL,7.9,m3,true
2022-07-01,ABBT0083457,IMBAL,OIL,0,m3,true
2022-07-01,ABBT0083457,INVCL,OIL,12,m3,true
2022-07-01,ABBT0083457,INVOP,OIL,12,m3,true
2022-07-01,ABBT0083457,DIFF,WATER,0,m3,true
2022-07-01,ABBT0083457,INVCL,WATER,10.4,m3,true
2022-07-01,ABBT0083457,INVOP,WATER,10.4,m3,true
2022-07-01,ABBT0091980,SHUTIN,,,,true
2022-07-01,ABBT0091980,IMBAL,OIL,0,m3,true
2022-07-01,ABBT0091980,INVCL,OIL,24.6,m3,true
2022-07-01,ABBT0091980,INVOP,OIL,24.6,m3,true
2022-07-01,ABBT0101896,PROD,COND,4.9,m3,true
2022-07-01,ABBT0101896,DIFF,GAS,0,e3m3,true
2022-07-01,ABBT0101896,DISP,GAS,496.3,e3m3,true
2022-07-01,ABBT0101896,FLARE,GAS,4.4,e3m3,true
2022-07-01,ABBT0101896,FUEL,GAS,5.4,e3m3,true
2022-07-01,ABBT0101896,PROD,GAS,29.6,e3m3,true
2022-07-01,ABBT0101896,PROD,GAS,19.5,e3m3,true
2022-07-01,ABBT0101896,PROD,GAS,75.8,e3m3,true
2022-07-01,ABBT0101896,PROD,GAS,21.8,e3m3,true
2022-07-01,ABBT0101896,PROD,GAS,26.9,e3m3,true
2022-07-01,ABBT0101896,PROD,GAS,77.5,e3m3,true
2022-07-01,ABBT0101896,PROD,GAS,61.8,e3m3,true
2022-07-01,ABBT0101896,PROD,GAS,28.4,e3m3,true
2022-07-01,ABBT0101896,PROD,GAS,56.6,e3m3,true
2022-07-01,ABBT0101896,PROD,GAS,98.5,e3m3,true
2022-07-01,ABBT0101896,REC,GAS,9.9,e3m3,true
2022-07-01,ABBT0101896,VENT,GAS,0.2,e3m3,true
2022-07-01,ABBT0101896,DISP,OIL,4.9,m3,true
2022-07-01,ABBT0101896,IMBAL,OIL,0,m3,true
2022-07-01,ABBT0101896,DISP,SAND,0.5,,true
2022-07-01,ABBT0101896,DIFF,WATER,0,m3,true
2022-07-01,ABBT0101896,DISP,WATER,1,m3,true
2022-07-01,ABBT0101896,PROD,WATER,1,m3,true
2022-07-01,ABBT0120813,DIFF,GAS,0,e3m3,true
2022-07-01,ABBT0120813,DISP,GAS,29.8,e3m3,true
2022-07-01,ABBT0120813,FUEL,GAS,2,e3m3,true
2022-07-01,ABBT0120813,PROD,GAS,33.3,e3m3,true
2022-07-01,ABBT0120813,VENT,GAS,1.5,e3m3,true
2022-07-01,ABBT0120813,IMBAL,OIL,0,m3,true
2022-07-01,ABBT0120813,INVCL,OIL,40.9,m3,true
2022-07-01,ABBT0120813,INVOP,OIL,33.4,m3,true
2022-07-01,ABBT0120813,PROD,OIL,7.5,m3,true
2022-07-01,ABBT0120813,DIFF,WATER,0,m3,true
2022-07-01,ABBT0120813,INVCL,WATER,1.1,m3,true
2022-07-01,ABBT0120813,INVOP,WATER,1.1,m3,true
2022-07-01,ABBT0137951,,,,,true
2022-07-01,ABBT0137951,SHUTIN,,,,true
2022-07-01,ABBT0137951,DIFF,GAS,0,e3m3,true
2022-07-01,ABBT0137951,DISP,GAS,49.7,e3m3,true
2022-07-01,ABBT0137951,PROD,GAS,11.4,e3m3,true
2022-07-01,ABBT0137951,PROD,GAS,20.6,e3m3,true
2022-07-01,ABBT0137951,PROD,GAS,8.1,e3m3,true
2022-07-01,ABBT0137951,PROD,GAS,1.4,e3m3,true
2022-07-01,ABBT0137951,PROD,GAS,8.2,e3m3,true
2022-07-01,ABBT0137951,DIFF,WATER,0,m3,true
2022-07-01,ABBT0137951,INVCL,WATER,3,m3,true
2022-07-01,ABBT0137951,INVOP,WATER,3,m3,true
2022-07-01,ABBT0141479,SHUTIN,,,,true
2022-07-01,ABBT2240034,,,,,true
2022-07-01,ABBT2240034,,,,,true
2022-07-01,ABBT2240034,,,,,true
2022-07-01,ABBT2240034,SHUTIN,,,,true
2022-07-01,ABBT2240034,SHUTIN,,,,true
2022-07-01,ABBT2240034,SHUTIN,,,,true
2022-07-01,ABBT2240034,SHUTIN,,,,true
2022-07-01,ABBT2240034,SHUTIN,,,,true
2022-07-01,ABBT2240034,SHUTIN,,,,true
2022-07-01,ABBT2240034,SHUTIN,,,,true
2022-07-01,ABBT2240034,DISP,CO2,36563.3,,true
2022-07-01,ABBT2240034,DIFF,GAS,0,e3m3,true
2022-07-01,ABBT2240034,DISP,GAS,5826.7,e3m3,true
2022-07-01,ABBT2240034,FLARE,GAS,58.5,e3m3,true
2022-07-01,ABBT2240034,FUEL,GAS,147.7,e3m3,true
2022-07-01,ABBT2240034,PROD,GAS,8.4,e3m3,true
2022-07-01,ABBT2240034,PROD,GAS,6212.2,e3m3,true
2022-07-01,ABBT2240034,PROD,GAS,10.7,e3m3,true
2022-07-01,ABBT2240034,PROD,GAS,27.5,e3m3,true
2022-07-01,ABBT2240034,PROD,GAS,14.7,e3m3,true
2022-07-01,ABBT2240034,PROD,GAS,13967.1,e3m3,true
2022-07-01,ABBT2240034,PROD,GAS,1.5,e3m3,true
2022-07-01,ABBT2240034,PROD,GAS,6.5,e3m3,true
2022-07-01,ABBT2240034,PROD,GAS,14194.2,e3m3,true
2022-07-01,ABBT2240034,PROD,GAS,1515.1,e3m3,true
2022-07-01,ABBT2240034,PROD,GAS,5538.1,e3m3,true
2022-07-01,ABBT2240034,PROD,GAS,22,e3m3,true
2022-07-01,ABBT2240034,PROD,GAS,824.1,e3m3,true
2022-07-01,ABBT2240034,PROD,GAS,0.8,e3m3,true
2022-07-01,ABBT2240034,PROD,GAS,24.8,e3m3,true
2022-07-01,ABBT2240034,PURREC,GAS,228.7,e3m3,true
2022-07-01,ABBT2240034,VENT,GAS,0.2,e3m3,true
2022-07-01,ABBT2240034,DISP,OIL,4278.3,m3,true
2022-07-01,ABBT2240034,IMBAL,OIL,0,m3,true
2022-07-01,ABBT2240034,PROD,OIL,2.8,m3,true
2022-07-01,ABBT2240034,PROD,OIL,531.3,m3,true
2022-07-01,ABBT2240034,PROD,OIL,38.6,m3,true
2022-07-01,ABBT2240034,PROD,OIL,34.3,m3,true
2022-07-01,ABBT2240034,PROD,OIL,58.8,m3,true
2022-07-01,ABBT2240034,PROD,OIL,1190.6,m3,true
2022-07-01,ABBT2240034,PROD,OIL,2.8,m3,true
2022-07-01,ABBT2240034,PROD,OIL,1212.2,m3,true
2022-07-01,ABBT2240034,PROD,OIL,200,m3,true
2022-07-01,ABBT2240034,PROD,OIL,477.3,m3,true
2022-07-01,ABBT2240034,PROD,OIL,312,m3,true
2022-07-01,ABBT2240034,PROD,OIL,59.2,m3,true
2022-07-01,ABBT2240034,PROD,OIL,0.1,m3,true
2022-07-01,ABBT2240034,PROD,OIL,158.3,m3,true
2022-07-01,ABBT2240034,ROYALTY,OIL,0.1,m3,true
2022-07-01,ABBT2240034,ROYALTY,OIL,12.4,m3,true
2022-07-01,ABBT2240034,ROYALTY,OIL,2.9,m3,true
2022-07-01,ABBT2240034,ROYALTY,OIL,6.7,m3,true
2022-07-01,ABBT2240034,ROYALTY,OIL,27.9,m3,true
2022-07-01,ABBT2240034,ROYALTY,OIL,0.1,m3,true
2022-07-01,ABBT2240034,ROYALTY,OIL,28.4,m3,true
2022-07-01,ABBT2240034,ROYALTY,OIL,4.6,m3,true
2022-07-01,ABBT2240034,ROYALTY,OIL,11.2,m3,true
2022-07-01,ABBT2240034,ROYALTY,OIL,57.8,m3,true
2022-07-01,ABBT2240034,ROYALTY,OIL,5.9,m3,true
2022-07-01,ABBT2240034,ROYALTY,OIL,33.1,m3,true
2022-07-01,ABBT2240034,DIFF,WATER,0,m3,true
2022-07-01,ABBT2240034,DISP,WATER,13.1,m3,true
2022-07-01,ABBT2240034,DISP,WATER,13935.1,m3,true
2022-07-01,ABBT2240034,PROD,WATER,394.9,m3,true
2022-07-01,ABBT2240034,PROD,WATER,1336.1,m3,true
2022-07-01,ABBT2240034,PROD,WATER,320.9,m3,true
2022-07-01,ABBT2240034,PROD,WATER,1630.7,m3,true
2022-07-01,ABBT2240034,PROD,WATER,973.1,m3,true
2022-07-01,ABBT2240034,PROD,WATER,3395.5,m3,true
2022-07-01,ABBT2240034,PROD,WATER,318,m3,true
2022-07-01,ABBT2240034,PROD,WATER,3252.2,m3,true
2022-07-01,ABBT2240034,PROD,WATER,4,m3,true
2022-07-01,ABBT2240034,PROD,WATER,1089.6,m3,true
2022-07-01,ABBT2240034,PROD,WATER,307.7,m3,true
2022-07-01,ABBT2240034,PROD,WATER,544.3,m3,true
2022-07-01,ABBT2240034,PROD,WATER,1.1,m3,true
2022-07-01,ABBT2240034,PROD,WATER,380.1,m3,true
2022-07-01,ABBT3620003,,,,,true
2022-07-01,ABBT3620003,,,,,true
2022-07-01,ABBT3620003,,,,,true
2022-07-01,ABBT3620003,SHUTIN,,,,true
2022-07-01,ABBT3620003,DIFF,GAS,0,e3m3,true
2022-07-01,ABBT3620003,FLARE,GAS,9.8,e3m3,true
2022-07-01,ABBT3620003,FUEL,GAS,4,e3m3,true
2022-07-01,ABBT3620003,PROD,GAS,4.1,e3m3,true
2022-07-01,ABBT3620003,PROD,GAS,3.8,e3m3,true
2022-07-01,ABBT3620003,PROD,GAS,2.8,e3m3,true
2022-07-01,ABBT3620003,PROD,GAS,3.3,e3m3,true
2022-07-01,ABBT3620003,VENT,GAS,0.2,e3m3,true
2022-07-01,ABBT3620003,DISP,OIL,81.8,m3,true
2022-07-01,ABBT3620003,IMBAL,OIL,0,m3,true
2022-07-01,ABBT3620003,INVCL,OIL,16.1,m3,true
2022-07-01,ABBT3620003,INVOP,OIL,21.1,m3,true
2022-07-01,ABBT3620003,PROD,OIL,33.9,m3,true
2022-07-01,ABBT3620003,PROD,OIL,12.8,m3,true
2022-07-01,ABBT3620003,PROD,OIL,6.2,m3,true
2022-07-01,ABBT3620003,PROD,OIL,23.9,m3,true
2022-07-01,ABBT3620003,ROYALTY,OIL,4.6,m3,true
2022-07-01,ABBT3620003,ROYALTY,OIL,0.4,m3,true
2022-07-01,ABBT3620003,DIFF,WATER,0,m3,true
2022-07-01,ABBT3620003,DISP,WATER,1331.4,m3,true
2022-07-01,ABBT3620003,INVCL,WATER,46.9,m3,true
2022-07-01,ABBT3620003,INVOP,WATER,46.9,m3,true
2022-07-01,ABBT3620003,PROD,WATER,373.4,m3,true
2022-07-01,ABBT3620003,PROD,WATER,139.6,m3,true
2022-07-01,ABBT3620003,PROD,WATER,719.3,m3,true
2022-07-01,ABBT3620003,PROD,WATER,99.1,m3,true
2022-07-01,ABBT3710049,,,,,true
2022-07-01,ABBT3710049,,,,,true
2022-07-01,ABBT3710049,,,,,true
2022-07-01,ABBT3710049,SHUTIN,,,,true
2022-07-01,ABBT3710049,SHUTIN,,,,true
2022-07-01,ABBT3710049,SHUTIN,,,,true
2022-07-01,ABBT3710049,SHUTIN,,,,true
2022-07-01,ABBT3710049,SHUTIN,,,,true
2022-07-01,ABBT3710049,SHUTIN,,,,true
2022-07-01,ABBT3710049,DIFF,GAS,0,e3m3,true
2022-07-01,ABBT3710049,FLARE,GAS,286.7,e3m3,true
2022-07-01,ABBT3710049,FUEL,GAS,87.6,e3m3,true
2022-07-01,ABBT3710049,PROD,GAS,3.5,e3m3,true
2022-07-01,ABBT3710049,PROD,GAS,9.2,e3m3,true
2022-07-01,ABBT3710049,PROD,GAS,2.5,e3m3,true
2022-07-01,ABBT3710049,PROD,GAS,12.1,e3m3,true
2022-07-01,ABBT3710049,PROD,GAS,9.8,e3m3,true
2022-07-01,ABBT3710049,PROD,GAS,0.8,e3m3,true
2022-07-01,ABBT3710049,PROD,GAS,15.4,e3m3,true
2022-07-01,ABBT3710049,PROD,GAS,10.7,e3m3,true
2022-07-01,ABBT3710049,PROD,GAS,11.3,e3m3,true
2022-07-01,ABBT3710049,PROD,GAS,0.1,e3m3,true
2022-07-01,ABBT3710049,PROD,GAS,9.6,e3m3,true
2022-07-01,ABBT3710049,PROD,GAS,14.3,e3m3,true
2022-07-01,ABBT3710049,PROD,GAS,14.1,e3m3,true
2022-07-01,ABBT3710049,PROD,GAS,1.2,e3m3,true
2022-07-01,ABBT3710049,PROD,GAS,13.3,e3m3,true
2022-07-01,ABBT3710049,PROD,GAS,2.7,e3m3,true
2022-07-01,ABBT3710049,PROD,GAS,12.9,e3m3,true
2022-07-01,ABBT3710049,PROD,GAS,0.5,e3m3,true
2022-07-01,ABBT3710049,PROD,GAS,9.5,e3m3,true
2022-07-01,ABBT3710049,PROD,GAS,2.1,e3m3,true
2022-07-01,ABBT3710049,PROD,GAS,2.3,e3m3,true
2022-07-01,ABBT3710049,PROD,GAS,9.4,e3m3,true
2022-07-01,ABBT3710049,PROD,GAS,9.4,e3m3,true
2022-07-01,ABBT3710049,PROD,GAS,11.6,e3m3,true
2022-07-01,ABBT3710049,PROD,GAS,3.8,e3m3,true
2022-07-01,ABBT3710049,PROD,GAS,15.4,e3m3,true
2022-07-01,ABBT3710049,PROD,GAS,16,e3m3,true
2022-07-01,ABBT3710049,PROD,GAS,8.5,e3m3,true
2022-07-01,ABBT3710049,PROD,GAS,4.7,e3m3,true
2022-07-01,ABBT3710049,PROD,GAS,3.9,e3m3,true
2022-07-01,ABBT3710049,PROD,GAS,12,e3m3,true
2022-07-01,ABBT3710049,PROD,GAS,30.1,e3m3,true
2022-07-01,ABBT3710049,PROD,GAS,2.9,e3m3,true
2022-07-01,ABBT3710049,PROD,GAS,2,e3m3,true
2022-07-01,ABBT3710049,PURREC,GAS,38.1,e3m3,true
2022-07-01,ABBT3710049,PURREC,GAS,49.5,e3m3,true
2022-07-01,ABBT3710049,VENT,GAS,0.9,e3m3,true
2022-07-01,ABBT3710049,DISP,OIL,1591.8,m3,true
2022-07-01,ABBT3710049,IMBAL,OIL,0,m3,true
2022-07-01,ABBT3710049,INVCL,OIL,130.6,m3,true
2022-07-01,ABBT3710049,INVOP,OIL,130.6,m3,true
2022-07-01,ABBT3710049,PROD,OIL,63.7,m3,true
2022-07-01,ABBT3710049,PROD,OIL,29.1,m3,true
2022-07-01,ABBT3710049,PROD,OIL,40.7,m3,true
2022-07-01,ABBT3710049,PROD,OIL,118.8,m3,true
2022-07-01,ABBT3710049,PROD,OIL,8.1,m3,true
2022-07-01,ABBT3710049,PROD,OIL,25,m3,true
2022-07-01,ABBT3710049,PROD,OIL,49,m3,true
2022-07-01,ABBT3710049,PROD,OIL,31.3,m3,true
2022-07-01,ABBT3710049,PROD,OIL,21.2,m3,true
2022-07-01,ABBT3710049,PROD,OIL,16,m3,true
2022-07-01,ABBT3710049,PROD,OIL,32.7,m3,true
2022-07-01,ABBT3710049,PROD,OIL,48.9,m3,true
2022-07-01,ABBT3710049,PROD,OIL,141.1,m3,true
2022-07-01,ABBT3710049,PROD,OIL,19.6,m3,true
2022-07-01,ABBT3710049,PROD,OIL,71.4,m3,true
2022-07-01,ABBT3710049,PROD,OIL,33.1,m3,true
2022-07-01,ABBT3710049,PROD,OIL,45.8,m3,true
2022-07-01,ABBT3710049,PROD,OIL,27.5,m3,true
2022-07-01,ABBT3710049,PROD,OIL,45.2,m3,true
2022-07-01,ABBT3710049,PROD,OIL,20.5,m3,true
2022-07-01,ABBT3710049,PROD,OIL,45.7,m3,true
2022-07-01,ABBT3710049,PROD,OIL,81.6,m3,true
2022-07-01,ABBT3710049,PROD,OIL,81.6,m3,true
2022-07-01,ABBT3710049,PROD,OIL,19.3,m3,true
2022-07-01,ABBT3710049,PROD,OIL,10.3,m3,true
2022-07-01,ABBT3710049,PROD,OIL,41.4,m3,true
2022-07-01,ABBT3710049,PROD,OIL,114.2,m3,true
2022-07-01,ABBT3710049,PROD,OIL,65.9,m3,true
2022-07-01,ABBT3710049,PROD,OIL,27.3,m3,true
2022-07-01,ABBT3710049,PROD,OIL,41.8,m3,true
2022-07-01,ABBT3710049,PROD,OIL,94.2,m3,true
2022-07-01,ABBT3710049,PROD,OIL,40.9,m3,true
2022-07-01,ABBT3710049,PROD,OIL,23.4,m3,true
2022-07-01,ABBT3710049,PROD,OIL,15.5,m3,true
2022-07-01,ABBT3710049,ROYALTY,OIL,3.6,m3,true
2022-07-01,ABBT3710049,ROYALTY,OIL,0.6,m3,true
2022-07-01,ABBT3710049,ROYALTY,OIL,8.6,m3,true
2022-07-01,ABBT3710049,ROYALTY,OIL,4.1,m3,true
2022-07-01,ABBT3710049,ROYALTY,OIL,1.4,m3,true
2022-07-01,ABBT3710049,ROYALTY,OIL,0.9,m3,true
2022-07-01,ABBT3710049,ROYALTY,OIL,50.8,m3,true
2022-07-01,ABBT3710049,ROYALTY,OIL,1.7,m3,true
2022-07-01,ABBT3710049,ROYALTY,OIL,16.7,m3,true
2022-07-01,ABBT3710049,ROYALTY,OIL,7.7,m3,true
2022-07-01,ABBT3710049,ROYALTY,OIL,7.5,m3,true
2022-07-01,ABBT3710049,ROYALTY,OIL,1.4,m3,true
2022-07-01,ABBT3710049,ROYALTY,OIL,7.7,m3,true
2022-07-01,ABBT3710049,ROYALTY,OIL,0.8,m3,true
2022-07-01,ABBT3710049,ROYALTY,OIL,6.5,m3,true
2022-07-01,ABBT3710049,ROYALTY,OIL,3.6,m3,true
2022-07-01,ABBT3710049,ROYALTY,OIL,17.9,m3,true
2022-07-01,ABBT3710049,DISP,SAND,6.6,,true
2022-07-01,ABBT3710049,DIFF,WATER,0,m3,true
2022-07-01,ABBT3710049,DISP,WATER,16.1,m3,true
2022-07-01,ABBT3710049,DISP,WATER,67790,m3,true
2022-07-01,ABBT3710049,DISP,WATER,3371,m3,true
2022-07-01,ABBT3710049,DISP,WATER,4613,m3,true
2022-07-01,ABBT3710049,PROD,WATER,120.5,m3,true
2022-07-01,ABBT3710049,PROD,WATER,1675.7,m3,true
2022-07-01,ABBT3710049,PROD,WATER,1182.8,m3,true
2022-07-01,ABBT3710049,PROD,WATER,840.7,m3,true
2022-07-01,ABBT3710049,PROD,WATER,1710.6,m3,true
2022-07-01,ABBT3710049,PROD,WATER,629.7,m3,true
2022-07-01,ABBT3710049,PROD,WATER,2018,m3,true
2022-07-01,ABBT3710049,PROD,WATER,644.7,m3,true
2022-07-01,ABBT3710049,PROD,WATER,1469.5,m3,true
2022-07-01,ABBT3710049,PROD,WATER,1671.7,m3,true
2022-07-01,ABBT3710049,PROD,WATER,3369.6,m3,true
2022-07-01,ABBT3710049,PROD,WATER,5054.4,m3,true
2022-07-01,ABBT3710049,PROD,WATER,2145.1,m3,true
2022-07-01,ABBT3710049,PROD,WATER,623.6,m3,true
2022-07-01,ABBT3710049,PROD,WATER,1810.5,m3,true
2022-07-01,ABBT3710049,PROD,WATER,1365.7,m3,true
2022-07-01,ABBT3710049,PROD,WATER,6860.5,m3,true
2022-07-01,ABBT3710049,PROD,WATER,751.8,m3,true
2022-07-01,ABBT3710049,PROD,WATER,587.8,m3,true
2022-07-01,ABBT3710049,PROD,WATER,1053.8,m3,true
2022-07-01,ABBT3710049,PROD,WATER,1875,m3,true
2022-07-01,ABBT3710049,PROD,WATER,1410.8,m3,true
2022-07-01,ABBT3710049,PROD,WATER,1410.8,m3,true
2022-07-01,ABBT3710049,PROD,WATER,10058.5,m3,true
2022-07-01,ABBT3710049,PROD,WATER,448.5,m3,true
2022-07-01,ABBT3710049,PROD,WATER,1793.8,m3,true
2022-07-01,ABBT3710049,PROD,WATER,885.6,m3,true
2022-07-01,ABBT3710049,PROD,WATER,4571,m3,true
2022-07-01,ABBT3710049,PROD,WATER,2868.9,m3,true
2022-07-01,ABBT3710049,PROD,WATER,1221.3,m3,true
2022-07-01,ABBT3710049,PROD,WATER,2105.1,m3,true
2022-07-01,ABBT3710049,PROD,WATER,10731.7,m3,true
2022-07-01,ABBT3710049,PROD,WATER,493.7,m3,true
2022-07-01,ABBT3710049,PROD,WATER,328.7,m3,true
2022-07-01,ABBT4180001,,,,,true
2022-07-01,ABBT4180001,,,,,true
2022-07-01,ABBT4180001,,,,,true
2022-07-01,ABBT4180001,DIFF,GAS,0,e3m3,true
2022-07-01,ABBT4180001,DISP,GAS,26.8,e3m3,true
2022-07-01,ABBT4180001,FLARE,GAS,3.8,e3m3,true
2022-07-01,ABBT4180001,FUEL,GAS,6.1,e3m3,true
2022-07-01,ABBT4180001,PROD,GAS,28,e3m3,true
2022-07-01,ABBT4180001,PROD,GAS,10.2,e3m3,true
2022-07-01,ABBT4180001,VENT,GAS,1.5,e3m3,true
2022-07-01,ABBT4180001,DISP,OIL,413.3,m3,true
2022-07-01,ABBT4180001,IMBAL,OIL,0,m3,true
2022-07-01,ABBT4180001,INVCL,OIL,37.3,m3,true
2022-07-01,ABBT4180001,INVOP,OIL,37,m3,true
2022-07-01,ABBT4180001,PROD,OIL,298.4,m3,true
2022-07-01,ABBT4180001,PROD,OIL,115.2,m3,true
2022-07-01,ABBT4180001,ROYALTY,OIL,119.4,m3,true
2022-07-01,ABBT4180001,ROYALTY,OIL,39.9,m3,true
2022-07-01,ABBT4180001,DIFF,WATER,0,m3,true
2022-07-01,ABBT4180001,DISP,WATER,2.3,m3,true
2022-07-01,ABBT4180001,DISP,WATER,3474.5,m3,true
2022-07-01,ABBT4180001,PROD,WATER,2418.2,m3,true
2022-07-01,ABBT4180001,PROD,WATER,1058.6,m3,true
2022-07-01,ABBT4550001,,,,,true
2022-07-01,ABBT4550001,,,,,true
2022-07-01,ABBT4550001,,,,,true
2022-07-01,ABBT4550001,SHUTIN,,,,true
2022-07-01,ABBT4550001,SHUTIN,,,,true
2022-07-01,ABBT4550001,SHUTIN,,,,true
2022-07-01,ABBT4550001,SHUTIN,,,,true
2022-07-01,ABBT4550001,SHUTIN,,,,true
2022-07-01,ABBT4550001,SHUTIN,,,,true
2022-07-01,ABBT4550001,SHUTIN,,,,true
2022-07-01,ABBT4550001,SHUTIN,,,,true
2022-07-01,ABBT4550001,DIFF,GAS,0,e3m3,true
2022-07-01,ABBT4550001,FLARE,GAS,232.5,e3m3,true
2022-07-01,ABBT4550001,FUEL,GAS,2.9,e3m3,true
2022-07-01,ABBT4550001,PROD,GAS,5.3,e3m3,true
2022-07-01,ABBT4550001,PROD,GAS,0.9,e3m3,true
2022-07-01,ABBT4550001,PROD,GAS,57.1,e3m3,true
2022-07-01,ABBT4550001,PROD,GAS,1.7,e3m3,true
2022-07-01,ABBT4550001,PROD,GAS,26.7,e3m3,true
2022-07-01,ABBT4550001,PROD,GAS,5.3,e3m3,true
2022-07-01,ABBT4550001,PROD,GAS,78.6,e3m3,true
2022-07-01,ABBT4550001,PROD,GAS,5.4,e3m3,true
2022-07-01,ABBT4550001,PROD,GAS,5.3,e3m3,true
2022-07-01,ABBT4550001,PROD,GAS,42.8,e3m3,true
2022-07-01,ABBT4550001,REC,GAS,6.3,e3m3,true
2022-07-01,ABBT4550001,DISP,OIL,639.6,m3,true
2022-07-01,ABBT4550001,IMBAL,OIL,0,m3,true
2022-07-01,ABBT4550001,INVCL,OIL,127.9,m3,true
2022-07-01,ABBT4550001,INVOP,OIL,91.5,m3,true
2022-07-01,ABBT4550001,PROD,OIL,46.8,m3,true
2022-07-01,ABBT4550001,PROD,OIL,71.4,m3,true
2022-07-01,ABBT4550001,PROD,OIL,16.3,m3,true
2022-07-01,ABBT4550001,PROD,OIL,90.3,m3,true
2022-07-01,ABBT4550001,PROD,OIL,13.8,m3,true
2022-07-01,ABBT4550001,PROD,OIL,318.6,m3,true
2022-07-01,ABBT4550001,PROD,OIL,23.3,m3,true
2022-07-01,ABBT4550001,PROD,OIL,14.5,m3,true
2022-07-01,ABBT4550001,PROD,OIL,81,m3,true
2022-07-01,ABBT4550001,ROYALTY,OIL,1.7,m3,true
2022-07-01,ABBT4550001,ROYALTY,OIL,25.5,m3,true
2022-07-01,ABBT4550001,ROYALTY,OIL,1.4,m3,true
2022-07-01,ABBT4550001,ROYALTY,OIL,15.7,m3,true
2022-07-01,ABBT4550001,DISP,SAND,2,,true
2022-07-01,ABBT4550001,DIFF,WATER,0,m3,true
2022-07-01,ABBT4550001,DISP,WATER,48.6,m3,true
2022-07-01,ABBT4550001,DISP,WATER,5121,m3,true
2022-07-01,ABBT4550001,DISP,WATER,2550.1,m3,true
2022-07-01,ABBT4550001,DISP,WATER,1153.8,m3,true
2022-07-01,ABBT4550001,PROD,WATER,1301.7,m3,true
2022-07-01,ABBT4550001,PROD,WATER,67.6,m3,true
2022-07-01,ABBT4550001,PROD,WATER,627,m3,true
2022-07-01,ABBT4550001,PROD,WATER,558.4,m3,true
2022-07-01,ABBT4550001,PROD,WATER,2623.8,m3,true
2022-07-01,ABBT4550001,PROD,WATER,935.7,m3,true
2022-07-01,ABBT4550001,PROD,WATER,491.3,m3,true
2022-07-01,ABBT4550001,PROD,WATER,841.7,m3,true
2022-07-01,ABBT4550001,PROD,WATER,1315.2,m3,true
2022-07-01,ABBT4550001,PROD,WATER,111.1,m3,true
2022-07-01,ABBT4940020,,,,,true
2022-07-01,ABBT4940020,,,,,true
2022-07-01,ABBT4940020,,,,,true
2022-07-01,ABBT4940020,SHUTIN,,,,true
2022-07-01,ABBT4940020,SHUTIN,,,,true
2022-07-01,ABBT4940020,SHUTIN,,,,true
2022-07-01,ABBT4940020,SHUTIN,,,,true
2022-07-01,ABBT4940020,DIFF,GAS,0,e3m3,true
2022-07-01,ABBT4940020,DISP,GAS,9.9,e3m3,true
2022-07-01,ABBT4940020,DISP,GAS,243.4,e3m3,true
2022-07-01,ABBT4940020,FLARE,GAS,341,e3m3,true
2022-07-01,ABBT4940020,FUEL,GAS,77.8,e3m3,true
2022-07-01,ABBT4940020,PROD,GAS,21.9,e3m3,true
2022-07-01,ABBT4940020,PROD,GAS,20.7,e3m3,true
2022-07-01,ABBT4940020,PROD,GAS,36.5,e3m3,true
2022-07-01,ABBT4940020,PROD,GAS,19.2,e3m3,true
2022-07-01,ABBT4940020,PROD,GAS,29.8,e3m3,true
2022-07-01,ABBT4940020,PROD,GAS,42.3,e3m3,true
2022-07-01,ABBT4940020,PROD,GAS,44.6,e3m3,true
2022-07-01,ABBT4940020,PROD,GAS,8.1,e3m3,true
2022-07-01,ABBT4940020,PROD,GAS,14.9,e3m3,true
2022-07-01,ABBT4940020,PROD,GAS,11.2,e3m3,true
2022-07-01,ABBT4940020,PROD,GAS,31.2,e3m3,true
2022-07-01,ABBT4940020,PROD,GAS,28,e3m3,true
2022-07-01,ABBT4940020,PROD,GAS,6.4,e3m3,true
2022-07-01,ABBT4940020,PROD,GAS,223.6,e3m3,true
2022-07-01,ABBT4940020,REC,GAS,133.8,e3m3,true
2022-07-01,ABBT4940020,VENT,GAS,0.1,e3m3,true
2022-07-01,ABBT4940020,DISP,OIL,1301.1,m3,true
2022-07-01,ABBT4940020,IMBAL,OIL,0,m3,true
2022-07-01,ABBT4940020,INVCL,OIL,175.7,m3,true
2022-07-01,ABBT4940020,INVOP,OIL,206.2,m3,true
2022-07-01,ABBT4940020,PROD,OIL,66.9,m3,true
2022-07-01,ABBT4940020,PROD,OIL,54.8,m3,true
2022-07-01,ABBT4940020,PROD,OIL,92.8,m3,true
2022-07-01,ABBT4940020,PROD,OIL,56.9,m3,true
2022-07-01,ABBT4940020,PROD,OIL,55.4,m3,true
2022-07-01,ABBT4940020,PROD,OIL,123.5,m3,true
2022-07-01,ABBT4940020,PROD,OIL,120.5,m3,true
2022-07-01,ABBT4940020,PROD,OIL,7.9,m3,true
2022-07-01,ABBT4940020,PROD,OIL,31.5,m3,true
2022-07-01,ABBT4940020,PROD,OIL,21.7,m3,true
2022-07-01,ABBT4940020,PROD,OIL,110.8,m3,true
2022-07-01,ABBT4940020,PROD,OIL,91.4,m3,true
2022-07-01,ABBT4940020,PROD,OIL,14.2,m3,true
2022-07-01,ABBT4940020,PROD,OIL,417.4,m3,true
2022-07-01,ABBT4940020,REC,OIL,4.9,m3,true
2022-07-01,ABBT4940020,ROYALTY,OIL,6.1,m3,true
2022-07-01,ABBT4940020,ROYALTY,OIL,4.2,m3,true
2022-07-01,ABBT4940020,ROYALTY,OIL,10.7,m3,true
2022-07-01,ABBT4940020,ROYALTY,OIL,4.7,m3,true
2022-07-01,ABBT4940020,ROYALTY,OIL,4.3,m3,true
2022-07-01,ABBT4940020,ROYALTY,OIL,17,m3,true
2022-07-01,ABBT4940020,ROYALTY,OIL,16.1,m3,true
2022-07-01,ABBT4940020,ROYALTY,OIL,0.2,m3,true
2022-07-01,ABBT4940020,ROYALTY,OIL,1.7,m3,true
2022-07-01,ABBT4940020,ROYALTY,OIL,1,m3,true
2022-07-01,ABBT4940020,ROYALTY,OIL,14.4,m3,true
2022-07-01,ABBT4940020,ROYALTY,OIL,10.6,m3,true
2022-07-01,ABBT4940020,ROYALTY,OIL,0.5,m3,true
2022-07-01,ABBT4940020,ROYALTY,OIL,63.5,m3,true
2022-07-01,ABBT4940020,DIFF,WATER,0,m3,true
2022-07-01,ABBT4940020,DISP,WATER,3.1,m3,true
2022-07-01,ABBT4940020,DISP,WATER,27625,m3,true
2022-07-01,ABBT4940020,PROD,WATER,1283.5,m3,true
2022-07-01,ABBT4940020,PROD,WATER,1642.3,m3,true
2022-07-01,ABBT4940020,PROD,WATER,1265.4,m3,true
2022-07-01,ABBT4940020,PROD,WATER,1089.8,m3,true
2022-07-01,ABBT4940020,PROD,WATER,1336.3,m3,true
2022-07-01,ABBT4940020,PROD,WATER,2151.9,m3,true
2022-07-01,ABBT4940020,PROD,WATER,901.5,m3,true
2022-07-01,ABBT4940020,PROD,WATER,778.6,m3,true
2022-07-01,ABBT4940020,PROD,WATER,1598.1,m3,true
2022-07-01,ABBT4940020,PROD,WATER,1429.2,m3,true
2022-07-01,ABBT4940020,PROD,WATER,672.2,m3,true
2022-07-01,ABBT4940020,PROD,WATER,1899.7,m3,true
2022-07-01,ABBT4940020,PROD,WATER,503.7,m3,true
2022-07-01,ABBT4940020,PROD,WATER,11075.9,m3,true
2022-07-01,ABBT9880004,,,,,true
2022-07-01,ABBT9880004,,,,,true
2022-07-01,ABBT9880004,,,,,true
2022-07-01,ABBT9880004,SHUTIN,,,,true
2022-07-01,ABBT9880004,SHUTIN,,,,true
2022-07-01,ABBT9880004,SHUTIN,,,,true
2022-07-01,ABBT9880004,SHUTIN,,,,true
2022-07-01,ABBT9880004,DIFF,GAS,0,e3m3,true
2022-07-01,ABBT9880004,FLARE,GAS,77,e3m3,true
2022-07-01,ABBT9880004,FUEL,GAS,7.8,e3m3,true
2022-07-01,ABBT9880004,PROD,GAS,22,e3m3,true
2022-07-01,ABBT9880004,PROD,GAS,9.6,e3m3,true
2022-07-01,ABBT9880004,PROD,GAS,6.6,e3m3,true
2022-07-01,ABBT9880004,PROD,GAS,4.2,e3m3,true
2022-07-01,ABBT9880004,PURREC,GAS,41.8,e3m3,true
2022-07-01,ABBT9880004,REC,GAS,0.6,e3m3,true
2022-07-01,ABBT9880004,DISP,OIL,265.2,m3,true
2022-07-01,ABBT9880004,IMBAL,OIL,0,m3,true
2022-07-01,ABBT9880004,INVCL,OIL,129.6,m3,true
2022-07-01,ABBT9880004,INVOP,OIL,112.7,m3,true
2022-07-01,ABBT9880004,PROD,OIL,87.6,m3,true
2022-07-01,ABBT9880004,PROD,OIL,70.4,m3,true
2022-07-01,ABBT9880004,PROD,OIL,110.9,m3,true
2022-07-01,ABBT9880004,PROD,OIL,13.2,m3,true
2022-07-01,ABBT9880004,ROYALTY,OIL,9.3,m3,true
2022-07-01,ABBT9880004,ROYALTY,OIL,14.3,m3,true
2022-07-01,ABBT9880004,ROYALTY,OIL,37.3,m3,true
2022-07-01,ABBT9880004,ROYALTY,OIL,1,m3,true
2022-07-01,ABBT9880004,DISP,SAND,2.4,,true
2022-07-01,ABBT9880004,DIFF,WATER,0,m3,true
2022-07-01,ABBT9880004,DISP,WATER,1.3,m3,true
2022-07-01,ABBT9880004,DISP,WATER,1138,m3,true
2022-07-01,ABBT9880004,PROD,WATER,659.5,m3,true
2022-07-01,ABBT9880004,PROD,WATER,14.5,m3,true
2022-07-01,ABBT9880004,PROD,WATER,400,m3,true
2022-07-01,ABBT9880004,PROD,WATER,65.3,m3,true
2022-07-01,ABGS0002227,DIFF,GAS,-34.6,e3m3,true
2022-07-01,ABGS0002227,DISP,GAS,848.1,e3m3,true
2022-07-01,ABGS0002227,REC,GAS,243.4,e3m3,true
2022-07-01,ABGS0002227,REC,GAS,570.1,e3m3,true
2022-07-01,ABGS0002227,DIFF,WATER,0,m3,true
2022-07-01,ABGS0002227,DISP,WATER,16.3,m3,true
2022-07-01,ABGS0002227,REC,WATER,16.3,m3,true
2022-07-01,ABGS0135864,DIFF,GAS,0,e3m3,true
2022-07-01,ABGS0135864,DISP,GAS,570.1,e3m3,true
2022-07-01,ABGS0135864,REC,GAS,44,e3m3,true
2022-07-01,ABGS0135864,REC,GAS,496.3,e3m3,true
2022-07-01,ABGS0135864,REC,GAS,29.8,e3m3,true
2022-07-01,ABIF0007002,SHUTIN,,,,true
2022-07-01,ABIF0007002,SHUTIN,,,,true
2022-07-01,ABIF0007002,SHUTIN,,,,true
2022-07-01,ABIF0007002,SHUTIN,,,,true
2022-07-01,ABIF0007002,SHUTIN,,,,true
2022-07-01,ABIF0007002,SHUTIN,,,,true
2022-07-01,ABIF0007002,SHUTIN,,,,true
2022-07-01,ABIF0007004,DIFF,WATER,0,m3,true
2022-07-01,ABIF0007004,INJ,WATER,3598,m3,true
2022-07-01,ABIF0007004,INJ,WATER,4923,m3,true
2022-07-01,ABIF0007004,INJ,WATER,7736,m3,true
2022-07-01,ABIF0007004,INJ,WATER,18706,m3,true
2022-07-01,ABIF0007004,INJ,WATER,10234,m3,true
2022-07-01,ABIF0007004,INJ,WATER,742,m3,true
2022-07-01,ABIF0007004,INJ,WATER,6971,m3,true
2022-07-01,ABIF0007004,INJ,WATER,4853,m3,true
2022-07-01,ABIF0007004,INJ,WATER,10027,m3,true
2022-07-01,ABIF0007004,REC,WATER,67790,m3,true
2022-07-01,ABIF0007006,DIFF,WATER,0,m3,true
2022-07-01,ABIF0007006,INJ,WATER,3474.5,m3,true
2022-07-01,ABIF0007006,INVCL,WATER,0.2,m3,true
2022-07-01,ABIF0007006,INVOP,WATER,0.2,m3,true
2022-07-01,ABIF0007006,REC,WATER,3474.5,m3,true
2022-07-01,ABIF0007052,DIFF,WATER,0,m3,true
2022-07-01,ABIF0007052,INJ,WATER,5121,m3,true
2022-07-01,ABIF0007052,REC,WATER,5121,m3,true
2022-07-01,ABIF0007274,DIFF,WATER,0,m3,true
2022-07-01,ABIF0007274,INJ,WATER,904,m3,true
2022-07-01,ABIF0007274,INJ,WATER,26721,m3,true
2022-07-01,ABIF0007274,REC,WATER,27625,m3,true
2022-07-01,ABIF0008261,DIFF,WATER,0,m3,true
2022-07-01,ABIF0008261,INJ,WATER,2550.1,m3,true
2022-07-01,ABIF0008261,REC,WATER,2550.1,m3,true
2022-07-01,ABIF0008386,DIFF,WATER,0,m3,true
2022-07-01,ABIF0008386,INJ,WATER,1331.4,m3,true
2022-07-01,ABIF0008386,REC,WATER,1331.4,m3,true
2022-07-01,ABIF0008917,DIFF,WATER,0,m3,true
2022-07-01,ABIF0008917,INJ,WATER,1153.8,m3,true
2022-07-01,ABIF0008917,INVCL,WATER,0.1,m3,true
2022-07-01,ABIF0008917,INVOP,WATER,0.1,m3,true
2022-07-01,ABIF0008917,REC,WATER,1153.8,m3,true
2022-07-01,ABIF0008992,SHUTIN,,,,true
2022-07-01,ABIF0009829,SHUTIN,,,,true
2022-07-01,ABIF0009829,DIFF,WATER,0,m3,true
2022-07-01,ABIF0009829,INJ,WATER,1138,m3,true
2022-07-01,ABIF0009829,REC,WATER,1138,m3,true
2022-07-01,ABIF0009839,DIFF,WATER,0,m3,true
2022-07-01,ABIF0009839,INJ,WATER,3371,m3,true
2022-07-01,ABIF0009839,REC,WATER,3371,m3,true
2022-07-01,ABIF0140734,DIFF,WATER,0,m3,true
2022-07-01,ABIF0140734,INJ,WATER,4613,m3,true
2022-07-01,ABIF0140734,REC,WATER,4613,m3,true
2022-07-01,ABIF0156447,INJ,CO2,15603.4,,true
2022-07-01,ABIF0156447,INJ,CO2,14671.4,,true
2022-07-01,ABIF0156447,INJ,CO2,14862.9,,true
2022-07-01,ABIF0156447,INJ,CO2,14027.6,,true
2022-07-01,ABIF0156447,INJ,CO2,15814.9,,true
2022-07-01,ABIF0156447,INJ,CO2,14807,,true
2022-07-01,ABIF0156447,INJ,CO2,16485.8,,true
2022-07-01,ABIF0156447,REC,CO2,36563.3,,true
2022-07-01,ABIF0156447,REC,CO2,69709.7,,true
2022-07-01,ABIF0156447,DIFF,GAS,0,e3m3,true
2022-07-01,ABIF0156447,INJ,GAS,927.2,e3m3,true
2022-07-01,ABIF0156447,INJ,GAS,874.7,e3m3,true
2022-07-01,ABIF0156447,INJ,GAS,883.6,e3m3,true
2022-07-01,ABIF0156447,INJ,GAS,833.3,e3m3,true
2022-07-01,ABIF0156447,INJ,GAS,939.6,e3m3,true
2022-07-01,ABIF0156447,INJ,GAS,882.9,e3m3,true
2022-07-01,ABIF0156447,INJ,GAS,978.6,e3m3,true
2022-07-01,ABIF0156447,REC,GAS,5826.7,e3m3,true
2022-07-01,ABIF0156447,REC,GAS,493.2,e3m3,true
2022-07-01,ABIF0156447,DIFF,WATER,0,m3,true
2022-07-01,ABIF0156447,INJ,WATER,13935.1,m3,true
2022-07-01,ABIF0156447,REC,WATER,13935.1,m3,true
2022-03-01,ABBT0041124,SHUTIN,,,,true
2022-03-01,ABBT0048421,DIFF,GAS,0,e3m3,true
2022-03-01,ABBT0048421,DISP,GAS,81.9,e3m3,true
2022-03-01,ABBT0048421,FUEL,GAS,0.3,e3m3,true
2022-03-01,ABBT0048421,PROD,GAS,82.6,e3m3,true
2022-03-01,ABBT0048421,VENT,GAS,0.4,e3m3,true
2022-03-01,ABBT0059275,SHUTIN,,,,true
2022-03-01,ABBT0059275,IMBAL,OIL,0,m3,true
2022-03-01,ABBT0059275,INVCL,OIL,7.9,m3,true
2022-03-01,ABBT0059275,INVOP,OIL,7.9,m3,true
2022-03-01,ABBT0083457,IMBAL,OIL,0,m3,true
2022-03-01,ABBT0083457,INVCL,OIL,12,m3,true
2022-03-01,ABBT0083457,INVOP,OIL,12,m3,true
2022-03-01,ABBT0083457,DIFF,WATER,0,m3,true
2022-03-01,ABBT0083457,INVCL,WATER,10.4,m3,true
2022-03-01,ABBT0083457,INVOP,WATER,10.4,m3,true
2022-03-01,ABBT0091980,SHUTIN,,,,true
2022-03-01,ABBT0091980,IMBAL,OIL,0,m3,true
2022-03-01,ABBT0091980,INVCL,OIL,24.6,m3,true
2022-03-01,ABBT0091980,INVOP,OIL,24.6,m3,true
2022-03-01,ABBT0101896,SHUTIN,,,,true
2022-03-01,ABBT0101896,PROD,COND,4.3,m3,true
2022-03-01,ABBT0101896,DIFF,GAS,0,e3m3,true
2022-03-01,ABBT0101896,DISP,GAS,836,e3m3,true
2022-03-01,ABBT0101896,FLARE,GAS,4.3,e3m3,true
2022-03-01,ABBT0101896,FUEL,GAS,18.1,e3m3,true
2022-03-01,ABBT0101896,PROD,GAS,29.9,e3m3,true
2022-03-01,ABBT0101896,PROD,GAS,24,e3m3,true
2022-03-01,ABBT0101896,PROD,GAS,117.2,e3m3,true
2022-03-01,ABBT0101896,PROD,GAS,60.7,e3m3,true
2022-03-01,ABBT0101896,PROD,GAS,41.7,e3m3,true
2022-03-01,ABBT0101896,PROD,GAS,186.2,e3m3,true
2022-03-01,ABBT0101896,PROD,GAS,82.5,e3m3,true
2022-03-01,ABBT0101896,PROD,GAS,131.1,e3m3,true
2022-03-01,ABBT0101896,PROD,GAS,162.7,e3m3,true
2022-03-01,ABBT0101896,REC,GAS,27.6,e3m3,true
2022-03-01,ABBT0101896,VENT,GAS,5.2,e3m3,true
2022-03-01,ABBT0101896,DISP,OIL,4.3,m3,true
2022-03-01,ABBT0101896,IMBAL,OIL,0,m3,true
2022-03-01,ABBT0120813,DIFF,GAS,0,e3m3,true
2022-03-01,ABBT0120813,DISP,GAS,47.7,e3m3,true
2022-03-01,ABBT0120813,FUEL,GAS,2.5,e3m3,true
2022-03-01,ABBT0120813,PROD,GAS,51,e3m3,true
2022-03-01,ABBT0120813,VENT,GAS,0.8,e3m3,true
2022-03-01,ABBT0120813,IMBAL,OIL,0,m3,true
2022-03-01,ABBT0120813,INVCL,OIL,22.9,m3,true
2022-03-01,ABBT0120813,INVOP,OIL,11.2,m3,true
2022-03-01,ABBT0120813,PROD,OIL,11.7,m3,true
2022-03-01,ABBT0120813,DIFF,WATER,0,m3,true
2022-03-01,ABBT0120813,INVCL,WATER,1.1,m3,true
2022-03-01,ABBT0120813,INVOP,WATER,1.1,m3,true
2022-03-01,ABBT0137951,SHUTIN,,,,true
2022-03-01,ABBT0137951,SHUTIN,,,,true
2022-03-01,ABBT0137951,SHUTIN,,,,true
2022-03-01,ABBT0137951,SHUTIN,,,,true
2022-03-01,ABBT0137951,DIFF,WATER,0,m3,true
2022-03-01,ABBT0137951,INVCL,WATER,3,m3,true
2022-03-01,ABBT0137951,INVOP,WATER,3,m3,true
2022-03-01,ABBT0141479,SHUTIN,,,,true
2022-03-01,ABBT2240034,,,,,true
2022-03-01,ABBT2240034,,,,,true
2022-03-01,ABBT2240034,,,,,true
2022-03-01,ABBT2240034,SHUTIN,,,,true
2022-03-01,ABBT2240034,SHUTIN,,,,true
2022-03-01,ABBT2240034,SHUTIN,,,,true
2022-03-01,ABBT2240034,SHUTIN,,,,true
2022-03-01,ABBT2240034,SHUTIN,,,,true
2022-03-01,ABBT2240034,SHUTIN,,,,true
2022-03-01,ABBT2240034,SHUTIN,,,,true
2022-03-01,ABBT2240034,SHUTIN,,,,true
2022-03-01,ABBT2240034,SHUTIN,,,,true
2022-03-01,ABBT2240034,SHUTIN,,,,true
2022-03-01,ABBT2240034,DISP,CO2,35214.1,,true
2022-03-01,ABBT2240034,DIFF,GAS,0,e3m3,true
2022-03-01,ABBT2240034,DISP,GAS,3993.6,e3m3,true
2022-03-01,ABBT2240034,FLARE,GAS,37.9,e3m3,true
2022-03-01,ABBT2240034,FUEL,GAS,59,e3m3,true
2022-03-01,ABBT2240034,PROD,GAS,10544.2,e3m3,true
2022-03-01,ABBT2240034,PROD,GAS,6.9,e3m3,true
2022-03-01,ABBT2240034,PROD,GAS,31.3,e3m3,true
2022-03-01,ABBT2240034,PROD,GAS,16.6,e3m3,true
2022-03-01,ABBT2240034,PROD,GAS,11425.9,e3m3,true
2022-03-01,ABBT2240034,PROD,GAS,8444.2,e3m3,true
2022-03-01,ABBT2240034,PROD,GAS,1040.7,e3m3,true
2022-03-01,ABBT2240034,PROD,GAS,0.2,e3m3,true
2022-03-01,ABBT2240034,PROD,GAS,7182,e3m3,true
2022-03-01,ABBT2240034,PROD,GAS,0.2,e3m3,true
2022-03-01,ABBT2240034,PROD,GAS,393.8,e3m3,true
2022-03-01,ABBT2240034,PROD,GAS,8.9,e3m3,true
2022-03-01,ABBT2240034,PURREC,GAS,209.9,e3m3,true
2022-03-01,ABBT2240034,VENT,GAS,0.2,e3m3,true
2022-03-01,ABBT2240034,DISP,OIL,3773,m3,true
2022-03-01,ABBT2240034,IMBAL,OIL,0,m3,true
2022-03-01,ABBT2240034,PROD,OIL,957.5,m3,true
2022-03-01,ABBT2240034,PROD,OIL,0.7,m3,true
2022-03-01,ABBT2240034,PROD,OIL,29.5,m3,true
2022-03-01,ABBT2240034,PROD,OIL,31.6,m3,true
2022-03-01,ABBT2240034,PROD,OIL,1014.8,m3,true
2022-03-01,ABBT2240034,PROD,OIL,771.1,m3,true
2022-03-01,ABBT2240034,PROD,OIL,177.3,m3,true
2022-03-01,ABBT2240034,PROD,OIL,0.2,m3,true
2022-03-01,ABBT2240034,PROD,OIL,659.4,m3,true
2022-03-01,ABBT2240034,PROD,OIL,1,m3,true
2022-03-01,ABBT2240034,PROD,OIL,64.5,m3,true
2022-03-01,ABBT2240034,PROD,OIL,65.4,m3,true
2022-03-01,ABBT2240034,ROYALTY,OIL,22.4,m3,true
2022-03-01,ABBT2240034,ROYALTY,OIL,1.2,m3,true
2022-03-01,ABBT2240034,ROYALTY,OIL,23.8,m3,true
2022-03-01,ABBT2240034,ROYALTY,OIL,18.1,m3,true
2022-03-01,ABBT2240034,ROYALTY,OIL,27.7,m3,true
2022-03-01,ABBT2240034,ROYALTY,OIL,15.4,m3,true
2022-03-01,ABBT2240034,ROYALTY,OIL,4.7,m3,true
2022-03-01,ABBT2240034,ROYALTY,OIL,5.6,m3,true
2022-03-01,ABBT2240034,DIFF,WATER,0,m3,true
2022-03-01,ABBT2240034,DISP,WATER,470.3,m3,true
2022-03-01,ABBT2240034,DISP,WATER,19875.4,m3,true
2022-03-01,ABBT2240034,PROD,WATER,3752.5,m3,true
2022-03-01,ABBT2240034,PROD,WATER,496.7,m3,true
2022-03-01,ABBT2240034,PROD,WATER,2011.3,m3,true
2022-03-01,ABBT2240034,PROD,WATER,1170.5,m3,true
2022-03-01,ABBT2240034,PROD,WATER,6333.5,m3,true
2022-03-01,ABBT2240034,PROD,WATER,3537.7,m3,true
2022-03-01,ABBT2240034,PROD,WATER,8.1,m3,true
2022-03-01,ABBT2240034,PROD,WATER,1.6,m3,true
2022-03-01,ABBT2240034,PROD,WATER,2228.1,m3,true
2022-03-01,ABBT2240034,PROD,WATER,0.9,m3,true
2022-03-01,ABBT2240034,PROD,WATER,567.1,m3,true
2022-03-01,ABBT2240034,PROD,WATER,237.7,m3,true
2022-03-01,ABBT3620003,,,,,true
2022-03-01,ABBT3620003,,,,,true
2022-03-01,ABBT3620003,,,,,true
2022-03-01,ABBT3620003,DIFF,GAS,0,e3m3,true
2022-03-01,ABBT3620003,FLARE,GAS,15.7,e3m3,true
2022-03-01,ABBT3620003,FUEL,GAS,11.3,e3m3,true
2022-03-01,ABBT3620003,PROD,GAS,5.8,e3m3,true
2022-03-01,ABBT3620003,PROD,GAS,0.3,e3m3,true
2022-03-01,ABBT3620003,PROD,GAS,11.4,e3m3,true
2022-03-01,ABBT3620003,PROD,GAS,4.4,e3m3,true
2022-03-01,ABBT3620003,PROD,GAS,5.4,e3m3,true
2022-03-01,ABBT3620003,VENT,GAS,0.3,e3m3,true
2022-03-01,ABBT3620003,DISP,OIL,161.1,m3,true
2022-03-01,ABBT3620003,IMBAL,OIL,0,m3,true
2022-03-01,ABBT3620003,INVCL,OIL,14.1,m3,true
2022-03-01,ABBT3620003,INVOP,OIL,28.9,m3,true
2022-03-01,ABBT3620003,PROD,OIL,61.3,m3,true
2022-03-01,ABBT3620003,PROD,OIL,3,m3,true
2022-03-01,ABBT3620003,PROD,OIL,24.1,m3,true
2022-03-01,ABBT3620003,PROD,OIL,13.2,m3,true
2022-03-01,ABBT3620003,PROD,OIL,44.7,m3,true
2022-03-01,ABBT3620003,ROYALTY,OIL,8.5,m3,true
2022-03-01,ABBT3620003,ROYALTY,OIL,0.2,m3,true
2022-03-01,ABBT3620003,DIFF,WATER,0,m3,true
2022-03-01,ABBT3620003,DISP,WATER,0.2,m3,true
2022-03-01,ABBT3620003,DISP,WATER,2524.4,m3,true
2022-03-01,ABBT3620003,INVCL,WATER,46.9,m3,true
2022-03-01,ABBT3620003,INVOP,WATER,46.9,m3,true
2022-03-01,ABBT3620003,PROD,WATER,681.6,m3,true
2022-03-01,ABBT3620003,PROD,WATER,97.6,m3,true
2022-03-01,ABBT3620003,PROD,WATER,271.4,m3,true
2022-03-01,ABBT3620003,PROD,WATER,1298.6,m3,true
2022-03-01,ABBT3620003,PROD,WATER,175.4,m3,true
2022-03-01,ABBT3710049,,,,,true
2022-03-01,ABBT3710049,,,,,true
2022-03-01,ABBT3710049,,,,,true
2022-03-01,ABBT3710049,SHUTIN,,,,true
2022-03-01,ABBT3710049,SHUTIN,,,,true
2022-03-01,ABBT3710049,SHUTIN,,,,true
2022-03-01,ABBT3710049,SHUTIN,,,,true
2022-03-01,ABBT3710049,DIFF,GAS,0,e3m3,true
2022-03-01,ABBT3710049,FLARE,GAS,277,e3m3,true
2022-03-01,ABBT3710049,FUEL,GAS,121.3,e3m3,true
2022-03-01,ABBT3710049,PROD,GAS,2,e3m3,true
2022-03-01,ABBT3710049,PROD,GAS,5.4,e3m3,true
2022-03-01,ABBT3710049,PROD,GAS,2.4,e3m3,true
2022-03-01,ABBT3710049,PROD,GAS,13.1,e3m3,true
2022-03-01,ABBT3710049,PROD,GAS,7.3,e3m3,true
2022-03-01,ABBT3710049,PROD,GAS,0.9,e3m3,true
2022-03-01,ABBT3710049,PROD,GAS,14.6,e3m3,true
2022-03-01,ABBT3710049,PROD,GAS,10.6,e3m3,true
2022-03-01,ABBT3710049,PROD,GAS,8.9,e3m3,true
2022-03-01,ABBT3710049,PROD,GAS,2,e3m3,true
2022-03-01,ABBT3710049,PROD,GAS,0.1,e3m3,true
2022-03-01,ABBT3710049,PROD,GAS,15.8,e3m3,true
2022-03-01,ABBT3710049,PROD,GAS,23.7,e3m3,true
2022-03-01,ABBT3710049,PROD,GAS,13.4,e3m3,true
2022-03-01,ABBT3710049,PROD,GAS,1.8,e3m3,true
2022-03-01,ABBT3710049,PROD,GAS,12.6,e3m3,true
2022-03-01,ABBT3710049,PROD,GAS,0.1,e3m3,true
2022-03-01,ABBT3710049,PROD,GAS,15.7,e3m3,true
2022-03-01,ABBT3710049,PROD,GAS,0.3,e3m3,true
2022-03-01,ABBT3710049,PROD,GAS,9.4,e3m3,true
2022-03-01,ABBT3710049,PROD,GAS,2.6,e3m3,true
2022-03-01,ABBT3710049,PROD,GAS,2.3,e3m3,true
2022-03-01,ABBT3710049,PROD,GAS,5.5,e3m3,true
2022-03-01,ABBT3710049,PROD,GAS,7.4,e3m3,true
2022-03-01,ABBT3710049,PROD,GAS,7.4,e3m3,true
2022-03-01,ABBT3710049,PROD,GAS,11.2,e3m3,true
2022-03-01,ABBT3710049,PROD,GAS,2.9,e3m3,true
2022-03-01,ABBT3710049,PROD,GAS,11.4,e3m3,true
2022-03-01,ABBT3710049,PROD,GAS,36.3,e3m3,true
2022-03-01,ABBT3710049,PROD,GAS,3.6,e3m3,true
2022-03-01,ABBT3710049,PROD,GAS,4.6,e3m3,true
2022-03-01,ABBT3710049,PROD,GAS,0.4,e3m3,true
2022-03-01,ABBT3710049,PROD,GAS,1.1,e3m3,true
2022-03-01,ABBT3710049,PROD,GAS,24.2,e3m3,true
2022-03-01,ABBT3710049,PROD,GAS,0.1,e3m3,true
2022-03-01,ABBT3710049,PROD,GAS,0.1,e3m3,true
2022-03-01,ABBT3710049,PURREC,GAS,51.7,e3m3,true
2022-03-01,ABBT3710049,PURREC,GAS,69.6,e3m3,true
2022-03-01,ABBT3710049,VENT,GAS,4.2,e3m3,true
2022-03-01,ABBT3710049,DISP,OIL,1552.2,m3,true
2022-03-01,ABBT3710049,IMBAL,OIL,0,m3,true
2022-03-01,ABBT3710049,INVCL,OIL,143.8,m3,true
2022-03-01,ABBT3710049,INVOP,OIL,119.4,m3,true
2022-03-01,ABBT3710049,PROD,OIL,69.6,m3,true
2022-03-01,ABBT3710049,PROD,OIL,28.1,m3,true
2022-03-01,ABBT3710049,PROD,OIL,48.9,m3,true
2022-03-01,ABBT3710049,PROD,OIL,168.2,m3,true
2022-03-01,ABBT3710049,PROD,OIL,8.4,m3,true
2022-03-01,ABBT3710049,PROD,OIL,23.7,m3,true
2022-03-01,ABBT3710049,PROD,OIL,60.2,m3,true
2022-03-01,ABBT3710049,PROD,OIL,32.1,m3,true
2022-03-01,ABBT3710049,PROD,OIL,23.2,m3,true
2022-03-01,ABBT3710049,PROD,OIL,1.5,m3,true
2022-03-01,ABBT3710049,PROD,OIL,17.5,m3,true
2022-03-01,ABBT3710049,PROD,OIL,29,m3,true
2022-03-01,ABBT3710049,PROD,OIL,43.4,m3,true
2022-03-01,ABBT3710049,PROD,OIL,143,m3,true
2022-03-01,ABBT3710049,PROD,OIL,26.2,m3,true
2022-03-01,ABBT3710049,PROD,OIL,72,m3,true
2022-03-01,ABBT3710049,PROD,OIL,22.1,m3,true
2022-03-01,ABBT3710049,PROD,OIL,55.1,m3,true
2022-03-01,ABBT3710049,PROD,OIL,28.2,m3,true
2022-03-01,ABBT3710049,PROD,OIL,68.5,m3,true
2022-03-01,ABBT3710049,PROD,OIL,21.8,m3,true
2022-03-01,ABBT3710049,PROD,OIL,46.9,m3,true
2022-03-01,ABBT3710049,PROD,OIL,0.7,m3,true
2022-03-01,ABBT3710049,PROD,OIL,66.1,m3,true
2022-03-01,ABBT3710049,PROD,OIL,66.1,m3,true
2022-03-01,ABBT3710049,PROD,OIL,20.7,m3,true
2022-03-01,ABBT3710049,PROD,OIL,10.4,m3,true
2022-03-01,ABBT3710049,PROD,OIL,41.7,m3,true
2022-03-01,ABBT3710049,PROD,OIL,94.1,m3,true
2022-03-01,ABBT3710049,PROD,OIL,72.2,m3,true
2022-03-01,ABBT3710049,PROD,OIL,29.3,m3,true
2022-03-01,ABBT3710049,PROD,OIL,46.5,m3,true
2022-03-01,ABBT3710049,PROD,OIL,8.2,m3,true
2022-03-01,ABBT3710049,PROD,OIL,42.9,m3,true
2022-03-01,ABBT3710049,PROD,OIL,24.1,m3,true
2022-03-01,ABBT3710049,PROD,OIL,16,m3,true
2022-03-01,ABBT3710049,ROYALTY,OIL,1.4,m3,true
2022-03-01,ABBT3710049,ROYALTY,OIL,8.1,m3,true
2022-03-01,ABBT3710049,ROYALTY,OIL,2,m3,true
2022-03-01,ABBT3710049,ROYALTY,OIL,0.6,m3,true
2022-03-01,ABBT3710049,ROYALTY,OIL,0.3,m3,true
2022-03-01,ABBT3710049,ROYALTY,OIL,41.7,m3,true
2022-03-01,ABBT3710049,ROYALTY,OIL,1,m3,true
2022-03-01,ABBT3710049,ROYALTY,OIL,11.9,m3,true
2022-03-01,ABBT3710049,ROYALTY,OIL,6.7,m3,true
2022-03-01,ABBT3710049,ROYALTY,OIL,10.7,m3,true
2022-03-01,ABBT3710049,ROYALTY,OIL,0.5,m3,true
2022-03-01,ABBT3710049,ROYALTY,OIL,4.7,m3,true
2022-03-01,ABBT3710049,ROYALTY,OIL,0.1,m3,true
2022-03-01,ABBT3710049,ROYALTY,OIL,3.6,m3,true
2022-03-01,ABBT3710049,ROYALTY,OIL,1.9,m3,true
2022-03-01,ABBT3710049,DIFF,WATER,0,m3,true
2022-03-01,ABBT3710049,DISP,WATER,0.8,m3,true
2022-03-01,ABBT3710049,DISP,WATER,74490,m3,true
2022-03-01,ABBT3710049,DISP,WATER,3559,m3,true
2022-03-01,ABBT3710049,DISP,WATER,5339,m3,true
2022-03-01,ABBT3710049,PROD,WATER,121.3,m3,true
2022-03-01,ABBT3710049,PROD,WATER,1794.4,m3,true
2022-03-01,ABBT3710049,PROD,WATER,1224.7,m3,true
2022-03-01,ABBT3710049,PROD,WATER,855.2,m3,true
2022-03-01,ABBT3710049,PROD,WATER,1738.8,m3,true
2022-03-01,ABBT3710049,PROD,WATER,589.9,m3,true
2022-03-01,ABBT3710049,PROD,WATER,2022.3,m3,true
2022-03-01,ABBT3710049,PROD,WATER,636.9,m3,true
2022-03-01,ABBT3710049,PROD,WATER,1593.8,m3,true
2022-03-01,ABBT3710049,PROD,WATER,1424.3,m3,true
2022-03-01,ABBT3710049,PROD,WATER,1793.8,m3,true
2022-03-01,ABBT3710049,PROD,WATER,2990.7,m3,true
2022-03-01,ABBT3710049,PROD,WATER,4486,m3,true
2022-03-01,ABBT3710049,PROD,WATER,2145.4,m3,true
2022-03-01,ABBT3710049,PROD,WATER,654.9,m3,true
2022-03-01,ABBT3710049,PROD,WATER,1802.4,m3,true
2022-03-01,ABBT3710049,PROD,WATER,1509.5,m3,true
2022-03-01,ABBT3710049,PROD,WATER,8166.9,m3,true
2022-03-01,ABBT3710049,PROD,WATER,765.9,m3,true
2022-03-01,ABBT3710049,PROD,WATER,558.7,m3,true
2022-03-01,ABBT3710049,PROD,WATER,1116.4,m3,true
2022-03-01,ABBT3710049,PROD,WATER,1904.9,m3,true
2022-03-01,ABBT3710049,PROD,WATER,3619,m3,true
2022-03-01,ABBT3710049,PROD,WATER,1308,m3,true
2022-03-01,ABBT3710049,PROD,WATER,1308,m3,true
2022-03-01,ABBT3710049,PROD,WATER,10716.1,m3,true
2022-03-01,ABBT3710049,PROD,WATER,424.4,m3,true
2022-03-01,ABBT3710049,PROD,WATER,1697.4,m3,true
2022-03-01,ABBT3710049,PROD,WATER,792.5,m3,true
2022-03-01,ABBT3710049,PROD,WATER,4952.4,m3,true
2022-03-01,ABBT3710049,PROD,WATER,2940.5,m3,true
2022-03-01,ABBT3710049,PROD,WATER,1334.2,m3,true
2022-03-01,ABBT3710049,PROD,WATER,2497,m3,true
2022-03-01,ABBT3710049,PROD,WATER,11106.9,m3,true
2022-03-01,ABBT3710049,PROD,WATER,477.2,m3,true
2022-03-01,ABBT3710049,PROD,WATER,318.1,m3,true
2022-03-01,ABBT4180001,,,,,true
2022-03-01,ABBT4180001,,,,,true
2022-03-01,ABBT4180001,,,,,true
2022-03-01,ABBT4180001,DIFF,GAS,0,e3m3,true
2022-03-01,ABBT4180001,DISP,GAS,25.7,e3m3,true
2022-03-01,ABBT4180001,FLARE,GAS,4.8,e3m3,true
2022-03-01,ABBT4180001,FUEL,GAS,6.1,e3m3,true
2022-03-01,ABBT4180001,PROD,GAS,27.3,e3m3,true
2022-03-01,ABBT4180001,PROD,GAS,10.8,e3m3,true
2022-03-01,ABBT4180001,VENT,GAS,1.5,e3m3,true
2022-03-01,ABBT4180001,DISP,OIL,399.5,m3,true
2022-03-01,ABBT4180001,IMBAL,OIL,0,m3,true
2022-03-01,ABBT4180001,INVCL,OIL,49.1,m3,true
2022-03-01,ABBT4180001,INVOP,OIL,20.3,m3,true
2022-03-01,ABBT4180001,PROD,OIL,310.5,m3,true
2022-03-01,ABBT4180001,PROD,OIL,117.8,m3,true
2022-03-01,ABBT4180001,ROYALTY,OIL,124.2,m3,true
2022-03-01,ABBT4180001,ROYALTY,OIL,32.7,m3,true
2022-03-01,ABBT4180001,DIFF,WATER,0,m3,true
2022-03-01,ABBT4180001,DISP,WATER,2,m3,true
2022-03-01,ABBT4180001,DISP,WATER,4840.2,m3,true
2022-03-01,ABBT4180001,PROD,WATER,3486.2,m3,true
2022-03-01,ABBT4180001,PROD,WATER,1356,m3,true
2022-03-01,ABBT4550001,,,,,true
2022-03-01,ABBT4550001,,,,,true
2022-03-01,ABBT4550001,,,,,true
2022-03-01,ABBT4550001,SHUTIN,,,,true
2022-03-01,ABBT4550001,SHUTIN,,,,true
2022-03-01,ABBT4550001,SHUTIN,,,,true
2022-03-01,ABBT4550001,SHUTIN,,,,true
2022-03-01,ABBT4550001,SHUTIN,,,,true
2022-03-01,ABBT4550001,SHUTIN,,,,true
2022-03-01,ABBT4550001,SHUTIN,,,,true
2022-03-01,ABBT4550001,SHUTIN,,,,true
2022-03-01,ABBT4550001,DIFF,GAS,0,e3m3,true
2022-03-01,ABBT4550001,FLARE,GAS,282.6,e3m3,true
2022-03-01,ABBT4550001,FUEL,GAS,10.4,e3m3,true
2022-03-01,ABBT4550001,PROD,GAS,6.8,e3m3,true
2022-03-01,ABBT4550001,PROD,GAS,7.7,e3m3,true
2022-03-01,ABBT4550001,PROD,GAS,2.1,e3m3,true
2022-03-01,ABBT4550001,PROD,GAS,30.6,e3m3,true
2022-03-01,ABBT4550001,PROD,GAS,6.8,e3m3,true
2022-03-01,ABBT4550001,PROD,GAS,110.5,e3m3,true
2022-03-01,ABBT4550001,PROD,GAS,2.1,e3m3,true
2022-03-01,ABBT4550001,PROD,GAS,5.9,e3m3,true
2022-03-01,ABBT4550001,PROD,GAS,109.7,e3m3,true
2022-03-01,ABBT4550001,REC,GAS,10.8,e3m3,true
2022-03-01,ABBT4550001,DISP,OIL,621.8,m3,true
2022-03-01,ABBT4550001,IMBAL,OIL,0,m3,true
2022-03-01,ABBT4550001,INVCL,OIL,129.4,m3,true
2022-03-01,ABBT4550001,INVOP,OIL,134.5,m3,true
2022-03-01,ABBT4550001,PROD,OIL,57.5,m3,true
2022-03-01,ABBT4550001,PROD,OIL,84.5,m3,true
2022-03-01,ABBT4550001,PROD,OIL,15.2,m3,true
2022-03-01,ABBT4550001,PROD,OIL,92.8,m3,true
2022-03-01,ABBT4550001,PROD,OIL,13.6,m3,true
2022-03-01,ABBT4550001,PROD,OIL,305.2,m3,true
2022-03-01,ABBT4550001,PROD,OIL,25.4,m3,true
2022-03-01,ABBT4550001,PROD,OIL,22.5,m3,true
2022-03-01,ABBT4550001,ROYALTY,OIL,0.4,m3,true
2022-03-01,ABBT4550001,ROYALTY,OIL,20.4,m3,true
2022-03-01,ABBT4550001,ROYALTY,OIL,1.1,m3,true
2022-03-01,ABBT4550001,DIFF,WATER,0,m3,true
2022-03-01,ABBT4550001,DISP,WATER,1.4,m3,true
2022-03-01,ABBT4550001,DISP,WATER,5090,m3,true
2022-03-01,ABBT4550001,DISP,WATER,2481.7,m3,true
2022-03-01,ABBT4550001,DISP,WATER,992,m3,true
2022-03-01,ABBT4550001,PROD,WATER,1228.2,m3,true
2022-03-01,ABBT4550001,PROD,WATER,616.6,m3,true
2022-03-01,ABBT4550001,PROD,WATER,550.6,m3,true
2022-03-01,ABBT4550001,PROD,WATER,2556.1,m3,true
2022-03-01,ABBT4550001,PROD,WATER,947,m3,true
2022-03-01,ABBT4550001,PROD,WATER,489,m3,true
2022-03-01,ABBT4550001,PROD,WATER,871.4,m3,true
2022-03-01,ABBT4550001,PROD,WATER,1306.2,m3,true
2022-03-01,ABBT4940020,,,,,true
2022-03-01,ABBT4940020,,,,,true
2022-03-01,ABBT4940020,,,,,true
2022-03-01,ABBT4940020,SHUTIN,,,,true
2022-03-01,ABBT4940020,SHUTIN,,,,true
2022-03-01,ABBT4940020,SHUTIN,,,,true
2022-03-01,ABBT4940020,SHUTIN,,,,true
2022-03-01,ABBT4940020,DIFF,GAS,0,e3m3,true
2022-03-01,ABBT4940020,DISP,GAS,27.6,e3m3,true
2022-03-01,ABBT4940020,DISP,GAS,610.3,e3m3,true
2022-03-01,ABBT4940020,FLARE,GAS,9.5,e3m3,true
2022-03-01,ABBT4940020,FUEL,GAS,146.3,e3m3,true
2022-03-01,ABBT4940020,PROD,GAS,21,e3m3,true
2022-03-01,ABBT4940020,PROD,GAS,25.5,e3m3,true
2022-03-01,ABBT4940020,PROD,GAS,35.7,e3m3,true
2022-03-01,ABBT4940020,PROD,GAS,31.3,e3m3,true
2022-03-01,ABBT4940020,PROD,GAS,28.3,e3m3,true
2022-03-01,ABBT4940020,PROD,GAS,53.2,e3m3,true
2022-03-01,ABBT4940020,PROD,GAS,37.2,e3m3,true
2022-03-01,ABBT4940020,PROD,GAS,12.1,e3m3,true
2022-03-01,ABBT4940020,PROD,GAS,16.8,e3m3,true
2022-03-01,ABBT4940020,PROD,GAS,13.9,e3m3,true
2022-03-01,ABBT4940020,PROD,GAS,40.8,e3m3,true
2022-03-01,ABBT4940020,PROD,GAS,29.7,e3m3,true
2022-03-01,ABBT4940020,PROD,GAS,38.1,e3m3,true
2022-03-01,ABBT4940020,PROD,GAS,230.6,e3m3,true
2022-03-01,ABBT4940020,REC,GAS,182.2,e3m3,true
2022-03-01,ABBT4940020,VENT,GAS,2.7,e3m3,true
2022-03-01,ABBT4940020,DISP,OIL,1384.2,m3,true
2022-03-01,ABBT4940020,IMBAL,OIL,0,m3,true
2022-03-01,ABBT4940020,INVCL,OIL,192.1,m3,true
2022-03-01,ABBT4940020,INVOP,OIL,217.6,m3,true
2022-03-01,ABBT4940020,PROD,OIL,66.8,m3,true
2022-03-01,ABBT4940020,PROD,OIL,59.5,m3,true
2022-03-01,ABBT4940020,PROD,OIL,88.4,m3,true
2022-03-01,ABBT4940020,PROD,OIL,62.3,m3,true
2022-03-01,ABBT4940020,PROD,OIL,58.4,m3,true
2022-03-01,ABBT4940020,PROD,OIL,130.5,m3,true
2022-03-01,ABBT4940020,PROD,OIL,123.8,m3,true
2022-03-01,ABBT4940020,PROD,OIL,7.2,m3,true
2022-03-01,ABBT4940020,PROD,OIL,32.7,m3,true
2022-03-01,ABBT4940020,PROD,OIL,22.6,m3,true
2022-03-01,ABBT4940020,PROD,OIL,117.9,m3,true
2022-03-01,ABBT4940020,PROD,OIL,100.6,m3,true
2022-03-01,ABBT4940020,PROD,OIL,95.5,m3,true
2022-03-01,ABBT4940020,PROD,OIL,388.2,m3,true
2022-03-01,ABBT4940020,REC,OIL,4.3,m3,true
2022-03-01,ABBT4940020,ROYALTY,OIL,4.2,m3,true
2022-03-01,ABBT4940020,ROYALTY,OIL,3.3,m3,true
2022-03-01,ABBT4940020,ROYALTY,OIL,7.4,m3,true
2022-03-01,ABBT4940020,ROYALTY,OIL,3.6,m3,true
2022-03-01,ABBT4940020,ROYALTY,OIL,3.1,m3,true
2022-03-01,ABBT4940020,ROYALTY,OIL,14.4,m3,true
2022-03-01,ABBT4940020,ROYALTY,OIL,13.4,m3,true
2022-03-01,ABBT4940020,ROYALTY,OIL,0.9,m3,true
2022-03-01,ABBT4940020,ROYALTY,OIL,0.4,m3,true
2022-03-01,ABBT4940020,ROYALTY,OIL,12.5,m3,true
2022-03-01,ABBT4940020,ROYALTY,OIL,9.6,m3,true
2022-03-01,ABBT4940020,ROYALTY,OIL,8.6,m3,true
2022-03-01,ABBT4940020,ROYALTY,OIL,59.1,m3,true
2022-03-01,ABBT4940020,DIFF,WATER,0,m3,true
2022-03-01,ABBT4940020,DISP,WATER,3.8,m3,true
2022-03-01,ABBT4940020,DISP,WATER,9.8,m3,true
2022-03-01,ABBT4940020,DISP,WATER,29668,m3,true
2022-03-01,ABBT4940020,PROD,WATER,1301.5,m3,true
2022-03-01,ABBT4940020,PROD,WATER,1595.4,m3,true
2022-03-01,ABBT4940020,PROD,WATER,1294.7,m3,true
2022-03-01,ABBT4940020,PROD,WATER,1121.6,m3,true
2022-03-01,ABBT4940020,PROD,WATER,1276.1,m3,true
2022-03-01,ABBT4940020,PROD,WATER,2227.8,m3,true
2022-03-01,ABBT4940020,PROD,WATER,915.9,m3,true
2022-03-01,ABBT4940020,PROD,WATER,712,m3,true
2022-03-01,ABBT4940020,PROD,WATER,1607.1,m3,true
2022-03-01,ABBT4940020,PROD,WATER,1517.9,m3,true
2022-03-01,ABBT4940020,PROD,WATER,768.3,m3,true
2022-03-01,ABBT4940020,PROD,WATER,1931.3,m3,true
2022-03-01,ABBT4940020,PROD,WATER,2577.8,m3,true
2022-03-01,ABBT4940020,PROD,WATER,10834.2,m3,true
2022-03-01,ABBT9880004,,,,,true
2022-03-01,ABBT9880004,,,,,true
2022-03-01,ABBT9880004,,,,,true
2022-03-01,ABBT9880004,SHUTIN,,,,true
2022-03-01,ABBT9880004,SHUTIN,,,,true
2022-03-01,ABBT9880004,SHUTIN,,,,true
2022-03-01,ABBT9880004,SHUTIN,,,,true
2022-03-01,ABBT9880004,DIFF,GAS,0,e3m3,true
2022-03-01,ABBT9880004,FLARE,GAS,68.8,e3m3,true
2022-03-01,ABBT9880004,FUEL,GAS,10.2,e3m3,true
2022-03-01,ABBT9880004,PROD,GAS,13.7,e3m3,true
2022-03-01,ABBT9880004,PROD,GAS,1.5,e3m3,true
2022-03-01,ABBT9880004,PROD,GAS,17.6,e3m3,true
2022-03-01,ABBT9880004,PROD,GAS,0.9,e3m3,true
2022-03-01,ABBT9880004,PURREC,GAS,45.3,e3m3,true
2022-03-01,ABBT9880004,DISP,OIL,121.5,m3,true
2022-03-01,ABBT9880004,IMBAL,OIL,0,m3,true
2022-03-01,ABBT9880004,INVCL,OIL,136.6,m3,true
2022-03-01,ABBT9880004,INVOP,OIL,61.5,m3,true
2022-03-01,ABBT9880004,PROD,OIL,85.2,m3,true
2022-03-01,ABBT9880004,PROD,OIL,1,m3,true
2022-03-01,ABBT9880004,PROD,OIL,109.2,m3,true
2022-03-01,ABBT9880004,PROD,OIL,1.2,m3,true
2022-03-01,ABBT9880004,ROYALTY,OIL,6.6,m3,true
2022-03-01,ABBT9880004,ROYALTY,OIL,28.9,m3,true
2022-03-01,ABBT9880004,DIFF,WATER,0,m3,true
2022-03-01,ABBT9880004,DISP,WATER,0.2,m3,true
2022-03-01,ABBT9880004,DISP,WATER,976,m3,true
2022-03-01,ABBT9880004,PROD,WATER,613.5,m3,true
2022-03-01,ABBT9880004,PROD,WATER,0.8,m3,true
2022-03-01,ABBT9880004,PROD,WATER,356.9,m3,true
2022-03-01,ABBT9880004,PROD,WATER,5,m3,true
2022-03-01,ABGS0002227,DIFF,GAS,61.8,e3m3,true
2022-03-01,ABGS0002227,DISP,GAS,1514.1,e3m3,true
2022-03-01,ABGS0002227,REC,GAS,610.3,e3m3,true
2022-03-01,ABGS0002227,REC,GAS,965.6,e3m3,true
2022-03-01,ABGS0002227,DIFF,WATER,0,m3,true
2022-03-01,ABGS0002227,DISP,WATER,9.8,m3,true
2022-03-01,ABGS0002227,REC,WATER,9.8,m3,true
2022-03-01,ABGS0135864,DIFF,GAS,0,e3m3,true
2022-03-01,ABGS0135864,DISP,GAS,965.6,e3m3,true
2022-03-01,ABGS0135864,REC,GAS,81.9,e3m3,true
2022-03-01,ABGS0135864,REC,GAS,836,e3m3,true
2022-03-01,ABGS0135864,REC,GAS,47.7,e3m3,true
2022-03-01,ABIF0007002,SHUTIN,,,,true
2022-03-01,ABIF0007002,SHUTIN,,,,true
2022-03-01,ABIF0007002,SHUTIN,,,,true
2022-03-01,ABIF0007002,SHUTIN,,,,true
2022-03-01,ABIF0007002,SHUTIN,,,,true
2022-03-01,ABIF0007002,SHUTIN,,,,true
2022-03-01,ABIF0007002,DIFF,WATER,0,m3,true
2022-03-01,ABIF0007002,INJ,WATER,470.3,m3,true
2022-03-01,ABIF0007002,REC,WATER,470.3,m3,true
2022-03-01,ABIF0007004,DIFF,WATER,0,m3,true
2022-03-01,ABIF0007004,INJ,WATER,4027,m3,true
2022-03-01,ABIF0007004,INJ,WATER,5132,m3,true
2022-03-01,ABIF0007004,INJ,WATER,9123,m3,true
2022-03-01,ABIF0007004,INJ,WATER,19054,m3,true
2022-03-01,ABIF0007004,INJ,WATER,11021,m3,true
2022-03-01,ABIF0007004,INJ,WATER,3099,m3,true
2022-03-01,ABIF0007004,INJ,WATER,8815,m3,true
2022-03-01,ABIF0007004,INJ,WATER,4143,m3,true
2022-03-01,ABIF0007004,INJ,WATER,10076,m3,true
2022-03-01,ABIF0007004,REC,WATER,74490,m3,true
2022-03-01,ABIF0007006,DIFF,WATER,0,m3,true
2022-03-01,ABIF0007006,INJ,WATER,4840.2,m3,true
2022-03-01,ABIF0007006,INVCL,WATER,0.2,m3,true
2022-03-01,ABIF0007006,INVOP,WATER,0.2,m3,true
2022-03-01,ABIF0007006,REC,WATER,4840.2,m3,true
2022-03-01,ABIF0007052,DIFF,WATER,0,m3,true
2022-03-01,ABIF0007052,INJ,WATER,5090,m3,true
2022-03-01,ABIF0007052,REC,WATER,5090,m3,true
2022-03-01,ABIF0007274,DIFF,WATER,0,m3,true
2022-03-01,ABIF0007274,INJ,WATER,1414,m3,true
2022-03-01,ABIF0007274,INJ,WATER,28254,m3,true
2022-03-01,ABIF0007274,REC,WATER,29668,m3,true
2022-03-01,ABIF0008261,DIFF,WATER,0,m3,true
2022-03-01,ABIF0008261,INJ,WATER,2481.7,m3,true
2022-03-01,ABIF0008261,REC,WATER,2481.7,m3,true
2022-03-01,ABIF0008386,DIFF,WATER,0,m3,true
2022-03-01,ABIF0008386,INJ,WATER,2524.4,m3,true
2022-03-01,ABIF0008386,REC,WATER,2524.4,m3,true
2022-03-01,ABIF0008917,DIFF,WATER,0,m3,true
2022-03-01,ABIF0008917,INJ,WATER,992,m3,true
2022-03-01,ABIF0008917,INVCL,WATER,0.1,m3,true
2022-03-01,ABIF0008917,INVOP,WATER,0.1,m3,true
2022-03-01,ABIF0008917,REC,WATER,992,m3,true
2022-03-01,ABIF0008992,SHUTIN,,,,true
2022-03-01,ABIF0009829,SHUTIN,,,,true
2022-03-01,ABIF0009829,DIFF,WATER,0,m3,true
2022-03-01,ABIF0009829,INJ,WATER,976,m3,true
2022-03-01,ABIF0009829,REC,WATER,976,m3,true
2022-03-01,ABIF0009839,DIFF,WATER,0,m3,true
2022-03-01,ABIF0009839,INJ,WATER,3559,m3,true
2022-03-01,ABIF0009839,REC,WATER,3559,m3,true
2022-03-01,ABIF0140734,DIFF,WATER,0,m3,true
2022-03-01,ABIF0140734,INJ,WATER,5339,m3,true
2022-03-01,ABIF0140734,REC,WATER,5339,m3,true
2022-03-01,ABIF0156447,INJ,CO2,14780.8,,true
2022-03-01,ABIF0156447,INJ,CO2,13245.5,,true
2022-03-01,ABIF0156447,INJ,CO2,90.8,,true
2022-03-01,ABIF0156447,INJ,CO2,13058.4,,true
2022-03-01,ABIF0156447,INJ,CO2,12386.8,,true
2022-03-01,ABIF0156447,INJ,CO2,14275.3,,true
2022-03-01,ABIF0156447,INJ,CO2,13663.7,,true
2022-03-01,ABIF0156447,INJ,CO2,13329,,true
2022-03-01,ABIF0156447,REC,CO2,35214.1,,true
2022-03-01,ABIF0156447,REC,CO2,59616.2,,true
2022-03-01,ABIF0156447,DIFF,GAS,0,e3m3,true
2022-03-01,ABIF0156447,INJ,GAS,643.9,e3m3,true
2022-03-01,ABIF0156447,INJ,GAS,617.1,e3m3,true
2022-03-01,ABIF0156447,INJ,GAS,4.6,e3m3,true
2022-03-01,ABIF0156447,INJ,GAS,591.9,e3m3,true
2022-03-01,ABIF0156447,INJ,GAS,579.1,e3m3,true
2022-03-01,ABIF0156447,INJ,GAS,627.9,e3m3,true
2022-03-01,ABIF0156447,INJ,GAS,628.6,e3m3,true
2022-03-01,ABIF0156447,INJ,GAS,588,e3m3,true
2022-03-01,ABIF0156447,REC,GAS,3993.6,e3m3,true
2022-03-01,ABIF0156447,REC,GAS,287.5,e3m3,true
2022-03-01,ABIF0156447,DISP,SAND,0.1,,true
2022-03-01,ABIF0156447,DIFF,WATER,-1.8,m3,true
2022-03-01,ABIF0156447,DISP,WATER,0.9,m3,true
2022-03-01,ABIF0156447,INJ,WATER,19876.3,m3,true
2022-03-01,ABIF0156447,REC,WATER,19875.4,m3,true
2022-11-01,ABBT0048421,DIFF,GAS,0,e3m3,true
2022-11-01,ABBT0048421,DISP,GAS,56.8,e3m3,true
2022-11-01,ABBT0048421,FUEL,GAS,0.4,e3m3,true
2022-11-01,ABBT0048421,PROD,GAS,57.6,e3m3,true
2022-11-01,ABBT0048421,VENT,GAS,0.4,e3m3,true
2022-11-01,ABBT0059275,SHUTIN,,,,true
2022-11-01,ABBT0059275,IMBAL,OIL,0,m3,true
2022-11-01,ABBT0059275,INVCL,OIL,1.6,m3,true
2022-11-01,ABBT0059275,INVOP,OIL,1.6,m3,true
2022-11-01,ABBT0083457,IMBAL,OIL,0,m3,true
2022-11-01,ABBT0083457,INVCL,OIL,12,m3,true
2022-11-01,ABBT0083457,INVOP,OIL,12,m3,true
2022-11-01,ABBT0083457,DIFF,WATER,0,m3,true
2022-11-01,ABBT0083457,INVCL,WATER,10.4,m3,true
2022-11-01,ABBT0083457,INVOP,WATER,10.4,m3,true
2022-11-01,ABBT0091980,SHUTIN,,,,true
2022-11-01,ABBT0091980,IMBAL,OIL,0,m3,true
2022-11-01,ABBT0091980,INVCL,OIL,24.6,m3,true
2022-11-01,ABBT0091980,INVOP,OIL,24.6,m3,true
2022-11-01,ABBT0101896,PROD,COND,4.7,m3,true
2022-11-01,ABBT0101896,DIFF,GAS,0,e3m3,true
2022-11-01,ABBT0101896,DISP,GAS,804.4,e3m3,true
2022-11-01,ABBT0101896,FLARE,GAS,4.2,e3m3,true
2022-11-01,ABBT0101896,FUEL,GAS,20.1,e3m3,true
2022-11-01,ABBT0101896,PROD,GAS,28.4,e3m3,true
2022-11-01,ABBT0101896,PROD,GAS,19.6,e3m3,true
2022-11-01,ABBT0101896,PROD,GAS,114.8,e3m3,true
2022-11-01,ABBT0101896,PROD,GAS,62.9,e3m3,true
2022-11-01,ABBT0101896,PROD,GAS,38,e3m3,true
2022-11-01,ABBT0101896,PROD,GAS,153.9,e3m3,true
2022-11-01,ABBT0101896,PROD,GAS,92.1,e3m3,true
2022-11-01,ABBT0101896,PROD,GAS,7.1,e3m3,true
2022-11-01,ABBT0101896,PROD,GAS,121.2,e3m3,true
2022-11-01,ABBT0101896,PROD,GAS,166.4,e3m3,true
2022-11-01,ABBT0101896,REC,GAS,28.1,e3m3,true
2022-11-01,ABBT0101896,VENT,GAS,3.8,e3m3,true
2022-11-01,ABBT0101896,DISP,OIL,4.7,m3,true
2022-11-01,ABBT0101896,IMBAL,OIL,0,m3,true
2022-11-01,ABBT0120813,DIFF,GAS,0,e3m3,true
2022-11-01,ABBT0120813,DISP,GAS,44.8,e3m3,true
2022-11-01,ABBT0120813,FUEL,GAS,2.6,e3m3,true
2022-11-01,ABBT0120813,PROD,GAS,48.2,e3m3,true
2022-11-01,ABBT0120813,VENT,GAS,0.8,e3m3,true
2022-11-01,ABBT0120813,IMBAL,OIL,0,m3,true
2022-11-01,ABBT0120813,INVCL,OIL,15.8,m3,true
2022-11-01,ABBT0120813,INVOP,OIL,11,m3,true
2022-11-01,ABBT0120813,PROD,OIL,4.8,m3,true
2022-11-01,ABBT0120813,DIFF,WATER,0,m3,true
2022-11-01,ABBT0120813,INVCL,WATER,8.7,m3,true
2022-11-01,ABBT0120813,INVOP,WATER,8.7,m3,true
2022-11-01,ABBT0137951,,,,,true
2022-11-01,ABBT0137951,SHUTIN,,,,true
2022-11-01,ABBT0137951,DIFF,GAS,0,e3m3,true
2022-11-01,ABBT0137951,DISP,GAS,245.9,e3m3,true
2022-11-01,ABBT0137951,PROD,GAS,125,e3m3,true
2022-11-01,ABBT0137951,PROD,GAS,22.5,e3m3,true
2022-11-01,ABBT0137951,PROD,GAS,25.1,e3m3,true
2022-11-01,ABBT0137951,PROD,GAS,35.1,e3m3,true
2022-11-01,ABBT0137951,PROD,GAS,21.9,e3m3,true
2022-11-01,ABBT0137951,PROD,GAS,8.1,e3m3,true
2022-11-01,ABBT0137951,PROD,GAS,8.2,e3m3,true
2022-11-01,ABBT0137951,DIFF,WATER,0,m3,true
2022-11-01,ABBT0137951,INVCL,WATER,3,m3,true
2022-11-01,ABBT0137951,INVOP,WATER,3,m3,true
2022-11-01,ABBT0141479,SHUTIN,,,,true
2022-11-01,ABBT0141479,SHUTIN,,,,true
2022-11-01,ABBT2240034,,,,,true
2022-11-01,ABBT2240034,,,,,true
2022-11-01,ABBT2240034,,,,,true
2022-11-01,ABBT2240034,SHUTIN,,,,true
2022-11-01,ABBT2240034,SHUTIN,,,,true
2022-11-01,ABBT2240034,SHUTIN,,,,true
2022-11-01,ABBT2240034,SHUTIN,,,,true
2022-11-01,ABBT2240034,SHUTIN,,,,true
2022-11-01,ABBT2240034,SHUTIN,,,,true
2022-11-01,ABBT2240034,SHUTIN,,,,true
2022-11-01,ABBT2240034,SHUTIN,,,,true
2022-11-01,ABBT2240034,SHUTIN,,,,true
2022-11-01,ABBT2240034,DISP,CO2,37033.2,,true
2022-11-01,ABBT2240034,DIFF,GAS,0,e3m3,true
2022-11-01,ABBT2240034,DISP,GAS,5131.4,e3m3,true
2022-11-01,ABBT2240034,FLARE,GAS,23,e3m3,true
2022-11-01,ABBT2240034,FUEL,GAS,56,e3m3,true
2022-11-01,ABBT2240034,PROD,GAS,1.7,e3m3,true
2022-11-01,ABBT2240034,PROD,GAS,4599.3,e3m3,true
2022-11-01,ABBT2240034,PROD,GAS,17.6,e3m3,true
2022-11-01,ABBT2240034,PROD,GAS,25,e3m3,true
2022-11-01,ABBT2240034,PROD,GAS,8.7,e3m3,true
2022-11-01,ABBT2240034,PROD,GAS,10404.9,e3m3,true
2022-11-01,ABBT2240034,PROD,GAS,5.7,e3m3,true
2022-11-01,ABBT2240034,PROD,GAS,12049.6,e3m3,true
2022-11-01,ABBT2240034,PROD,GAS,7567.3,e3m3,true
2022-11-01,ABBT2240034,PROD,GAS,6600.6,e3m3,true
2022-11-01,ABBT2240034,PROD,GAS,11.7,e3m3,true
2022-11-01,ABBT2240034,PROD,GAS,804.1,e3m3,true
2022-11-01,ABBT2240034,PROD,GAS,16.4,e3m3,true
2022-11-01,ABBT2240034,PURREC,GAS,131.2,e3m3,true
2022-11-01,ABBT2240034,VENT,GAS,0.2,e3m3,true
2022-11-01,ABBT2240034,DISP,OIL,3779,m3,true
2022-11-01,ABBT2240034,IMBAL,OIL,0,m3,true
2022-11-01,ABBT2240034,PROD,OIL,2.7,m3,true
2022-11-01,ABBT2240034,PROD,OIL,374.6,m3,true
2022-11-01,ABBT2240034,PROD,OIL,10.7,m3,true
2022-11-01,ABBT2240034,PROD,OIL,26.4,m3,true
2022-11-01,ABBT2240034,PROD,OIL,30.4,m3,true
2022-11-01,ABBT2240034,PROD,OIL,857,m3,true
2022-11-01,ABBT2240034,PROD,OIL,1.8,m3,true
2022-11-01,ABBT2240034,PROD,OIL,1004.9,m3,true
2022-11-01,ABBT2240034,PROD,OIL,654.5,m3,true
2022-11-01,ABBT2240034,PROD,OIL,535.5,m3,true
2022-11-01,ABBT2240034,PROD,OIL,125.1,m3,true
2022-11-01,ABBT2240034,PROD,OIL,69.2,m3,true
2022-11-01,ABBT2240034,PROD,OIL,86.2,m3,true
2022-11-01,ABBT2240034,ROYALTY,OIL,8.8,m3,true
2022-11-01,ABBT2240034,ROYALTY,OIL,0.2,m3,true
2022-11-01,ABBT2240034,ROYALTY,OIL,1.7,m3,true
2022-11-01,ABBT2240034,ROYALTY,OIL,20.1,m3,true
2022-11-01,ABBT2240034,ROYALTY,OIL,23.5,m3,true
2022-11-01,ABBT2240034,ROYALTY,OIL,15.2,m3,true
2022-11-01,ABBT2240034,ROYALTY,OIL,12.5,m3,true
2022-11-01,ABBT2240034,ROYALTY,OIL,18.4,m3,true
2022-11-01,ABBT2240034,ROYALTY,OIL,6.5,m3,true
2022-11-01,ABBT2240034,ROYALTY,OIL,11.4,m3,true
2022-11-01,ABBT2240034,DIFF,WATER,0,m3,true
2022-11-01,ABBT2240034,DISP,WATER,1.7,m3,true
2022-11-01,ABBT2240034,DISP,WATER,15777.5,m3,true
2022-11-01,ABBT2240034,PROD,WATER,119.4,m3,true
2022-11-01,ABBT2240034,PROD,WATER,1226.5,m3,true
2022-11-01,ABBT2240034,PROD,WATER,276.9,m3,true
2022-11-01,ABBT2240034,PROD,WATER,1520.8,m3,true
2022-11-01,ABBT2240034,PROD,WATER,896.1,m3,true
2022-11-01,ABBT2240034,PROD,WATER,3036.6,m3,true
2022-11-01,ABBT2240034,PROD,WATER,235.2,m3,true
2022-11-01,ABBT2240034,PROD,WATER,3485.1,m3,true
2022-11-01,ABBT2240034,PROD,WATER,1555.1,m3,true
2022-11-01,ABBT2240034,PROD,WATER,1646.2,m3,true
2022-11-01,ABBT2240034,PROD,WATER,671.3,m3,true
2022-11-01,ABBT2240034,PROD,WATER,731.5,m3,true
2022-11-01,ABBT2240034,PROD,WATER,378.5,m3,true
2022-11-01,ABBT3620003,,,,,true
2022-11-01,ABBT3620003,,,,,true
2022-11-01,ABBT3620003,,,,,true
2022-11-01,ABBT3620003,SHUTIN,,,,true
2022-11-01,ABBT3620003,DIFF,GAS,0,e3m3,true
2022-11-01,ABBT3620003,FLARE,GAS,16,e3m3,true
2022-11-01,ABBT3620003,FUEL,GAS,9.3,e3m3,true
2022-11-01,ABBT3620003,PROD,GAS,8,e3m3,true
2022-11-01,ABBT3620003,PROD,GAS,6.2,e3m3,true
2022-11-01,ABBT3620003,PROD,GAS,4.9,e3m3,true
2022-11-01,ABBT3620003,PROD,GAS,6.5,e3m3,true
2022-11-01,ABBT3620003,VENT,GAS,0.3,e3m3,true
2022-11-01,ABBT3620003,DISP,OIL,90.4,m3,true
2022-11-01,ABBT3620003,IMBAL,OIL,0,m3,true
2022-11-01,ABBT3620003,INVCL,OIL,22,m3,true
2022-11-01,ABBT3620003,INVOP,OIL,9.5,m3,true
2022-11-01,ABBT3620003,PROD,OIL,43,m3,true
2022-11-01,ABBT3620003,PROD,OIL,19.6,m3,true
2022-11-01,ABBT3620003,PROD,OIL,8.3,m3,true
2022-11-01,ABBT3620003,PROD,OIL,32,m3,true
2022-11-01,ABBT3620003,ROYALTY,OIL,4.9,m3,true
2022-11-01,ABBT3620003,ROYALTY,OIL,0.2,m3,true
2022-11-01,ABBT3620003,DIFF,WATER,0,m3,true
2022-11-01,ABBT3620003,DISP,WATER,0.1,m3,true
2022-11-01,ABBT3620003,DISP,WATER,2306.4,m3,true
2022-11-01,ABBT3620003,INVCL,WATER,46.9,m3,true
2022-11-01,ABBT3620003,INVOP,WATER,46.9,m3,true
2022-11-01,ABBT3620003,PROD,WATER,690,m3,true
2022-11-01,ABBT3620003,PROD,WATER,230.9,m3,true
2022-11-01,ABBT3620003,PROD,WATER,1212.9,m3,true
2022-11-01,ABBT3620003,PROD,WATER,172.7,m3,true
2022-11-01,ABBT3710049,,,,,true
2022-11-01,ABBT3710049,,,,,true
2022-11-01,ABBT3710049,,,,,true
2022-11-01,ABBT3710049,SHUTIN,,,,true
2022-11-01,ABBT3710049,SHUTIN,,,,true
2022-11-01,ABBT3710049,SHUTIN,,,,true
2022-11-01,ABBT3710049,SHUTIN,,,,true
2022-11-01,ABBT3710049,SHUTIN,,,,true
2022-11-01,ABBT3710049,SHUTIN,,,,true
2022-11-01,ABBT3710049,DIFF,GAS,0,e3m3,true
2022-11-01,ABBT3710049,FLARE,GAS,240.3,e3m3,true
2022-11-01,ABBT3710049,FUEL,GAS,122.2,e3m3,true
2022-11-01,ABBT3710049,PROD,GAS,5.6,e3m3,true
2022-11-01,ABBT3710049,PROD,GAS,5.9,e3m3,true
2022-11-01,ABBT3710049,PROD,GAS,2.4,e3m3,true
2022-11-01,ABBT3710049,PROD,GAS,9.6,e3m3,true
2022-11-01,ABBT3710049,PROD,GAS,3.9,e3m3,true
2022-11-01,ABBT3710049,PROD,GAS,0.6,e3m3,true
2022-11-01,ABBT3710049,PROD,GAS,7,e3m3,true
2022-11-01,ABBT3710049,PROD,GAS,16.2,e3m3,true
2022-11-01,ABBT3710049,PROD,GAS,8.6,e3m3,true
2022-11-01,ABBT3710049,PROD,GAS,0.1,e3m3,true
2022-11-01,ABBT3710049,PROD,GAS,9.4,e3m3,true
2022-11-01,ABBT3710049,PROD,GAS,14.3,e3m3,true
2022-11-01,ABBT3710049,PROD,GAS,12.4,e3m3,true
2022-11-01,ABBT3710049,PROD,GAS,0.7,e3m3,true
2022-11-01,ABBT3710049,PROD,GAS,11.6,e3m3,true
2022-11-01,ABBT3710049,PROD,GAS,0.3,e3m3,true
2022-11-01,ABBT3710049,PROD,GAS,28.4,e3m3,true
2022-11-01,ABBT3710049,PROD,GAS,1,e3m3,true
2022-11-01,ABBT3710049,PROD,GAS,7.1,e3m3,true
2022-11-01,ABBT3710049,PROD,GAS,1.7,e3m3,true
2022-11-01,ABBT3710049,PROD,GAS,2,e3m3,true
2022-11-01,ABBT3710049,PROD,GAS,6.6,e3m3,true
2022-11-01,ABBT3710049,PROD,GAS,6.6,e3m3,true
2022-11-01,ABBT3710049,PROD,GAS,9.8,e3m3,true
2022-11-01,ABBT3710049,PROD,GAS,2.6,e3m3,true
2022-11-01,ABBT3710049,PROD,GAS,10.5,e3m3,true
2022-11-01,ABBT3710049,PROD,GAS,13.8,e3m3,true
2022-11-01,ABBT3710049,PROD,GAS,3.6,e3m3,true
2022-11-01,ABBT3710049,PROD,GAS,3.6,e3m3,true
2022-11-01,ABBT3710049,PROD,GAS,0.9,e3m3,true
2022-11-01,ABBT3710049,PROD,GAS,10.7,e3m3,true
2022-11-01,ABBT3710049,PROD,GAS,20.8,e3m3,true
2022-11-01,ABBT3710049,PROD,GAS,1.6,e3m3,true
2022-11-01,ABBT3710049,PROD,GAS,1,e3m3,true
2022-11-01,ABBT3710049,PURREC,GAS,45.6,e3m3,true
2022-11-01,ABBT3710049,PURREC,GAS,76.6,e3m3,true
2022-11-01,ABBT3710049,VENT,GAS,0.6,e3m3,true
2022-11-01,ABBT3710049,DISP,OIL,1455.6,m3,true
2022-11-01,ABBT3710049,IMBAL,OIL,0,m3,true
2022-11-01,ABBT3710049,INVCL,OIL,141,m3,true
2022-11-01,ABBT3710049,INVOP,OIL,94,m3,true
2022-11-01,ABBT3710049,PROD,OIL,56.2,m3,true
2022-11-01,ABBT3710049,PROD,OIL,23.1,m3,true
2022-11-01,ABBT3710049,PROD,OIL,40.9,m3,true
2022-11-01,ABBT3710049,PROD,OIL,116.2,m3,true
2022-11-01,ABBT3710049,PROD,OIL,7.6,m3,true
2022-11-01,ABBT3710049,PROD,OIL,23.4,m3,true
2022-11-01,ABBT3710049,PROD,OIL,54.9,m3,true
2022-11-01,ABBT3710049,PROD,OIL,28.7,m3,true
2022-11-01,ABBT3710049,PROD,OIL,19.6,m3,true
2022-11-01,ABBT3710049,PROD,OIL,15.8,m3,true
2022-11-01,ABBT3710049,PROD,OIL,31.6,m3,true
2022-11-01,ABBT3710049,PROD,OIL,47.6,m3,true
2022-11-01,ABBT3710049,PROD,OIL,129.3,m3,true
2022-11-01,ABBT3710049,PROD,OIL,20.4,m3,true
2022-11-01,ABBT3710049,PROD,OIL,66,m3,true
2022-11-01,ABBT3710049,PROD,OIL,32.1,m3,true
2022-11-01,ABBT3710049,PROD,OIL,51.3,m3,true
2022-11-01,ABBT3710049,PROD,OIL,27.4,m3,true
2022-11-01,ABBT3710049,PROD,OIL,36.9,m3,true
2022-11-01,ABBT3710049,PROD,OIL,18.7,m3,true
2022-11-01,ABBT3710049,PROD,OIL,43.3,m3,true
2022-11-01,ABBT3710049,PROD,OIL,76,m3,true
2022-11-01,ABBT3710049,PROD,OIL,76,m3,true
2022-11-01,ABBT3710049,PROD,OIL,18.4,m3,true
2022-11-01,ABBT3710049,PROD,OIL,9.8,m3,true
2022-11-01,ABBT3710049,PROD,OIL,38.9,m3,true
2022-11-01,ABBT3710049,PROD,OIL,108.7,m3,true
2022-11-01,ABBT3710049,PROD,OIL,59.8,m3,true
2022-11-01,ABBT3710049,PROD,OIL,26.7,m3,true
2022-11-01,ABBT3710049,PROD,OIL,39.8,m3,true
2022-11-01,ABBT3710049,PROD,OIL,86.1,m3,true
2022-11-01,ABBT3710049,PROD,OIL,39.5,m3,true
2022-11-01,ABBT3710049,PROD,OIL,19.1,m3,true
2022-11-01,ABBT3710049,PROD,OIL,12.8,m3,true
2022-11-01,ABBT3710049,ROYALTY,OIL,1.4,m3,true
2022-11-01,ABBT3710049,ROYALTY,OIL,0.2,m3,true
2022-11-01,ABBT3710049,ROYALTY,OIL,7.9,m3,true
2022-11-01,ABBT3710049,ROYALTY,OIL,2.2,m3,true
2022-11-01,ABBT3710049,ROYALTY,OIL,0.7,m3,true
2022-11-01,ABBT3710049,ROYALTY,OIL,0.4,m3,true
2022-11-01,ABBT3710049,ROYALTY,OIL,39,m3,true
2022-11-01,ABBT3710049,ROYALTY,OIL,0.7,m3,true
2022-11-01,ABBT3710049,ROYALTY,OIL,11.5,m3,true
2022-11-01,ABBT3710049,ROYALTY,OIL,6.9,m3,true
2022-11-01,ABBT3710049,ROYALTY,OIL,3.6,m3,true
2022-11-01,ABBT3710049,ROYALTY,OIL,0.6,m3,true
2022-11-01,ABBT3710049,ROYALTY,OIL,5,m3,true
2022-11-01,ABBT3710049,ROYALTY,OIL,0.3,m3,true
2022-11-01,ABBT3710049,ROYALTY,OIL,4,m3,true
2022-11-01,ABBT3710049,ROYALTY,OIL,2.4,m3,true
2022-11-01,ABBT3710049,ROYALTY,OIL,12.6,m3,true
2022-11-01,ABBT3710049,DIFF,WATER,0,m3,true
2022-11-01,ABBT3710049,DISP,WATER,0.7,m3,true
2022-11-01,ABBT3710049,DISP,WATER,67431,m3,true
2022-11-01,ABBT3710049,DISP,WATER,3062,m3,true
2022-11-01,ABBT3710049,DISP,WATER,5542,m3,true
2022-11-01,ABBT3710049,INVCL,WATER,13.3,m3,true
2022-11-01,ABBT3710049,PROD,WATER,115.4,m3,true
2022-11-01,ABBT3710049,PROD,WATER,1666.2,m3,true
2022-11-01,ABBT3710049,PROD,WATER,1080.2,m3,true
2022-11-01,ABBT3710049,PROD,WATER,858.6,m3,true
2022-11-01,ABBT3710049,PROD,WATER,1653.8,m3,true
2022-11-01,ABBT3710049,PROD,WATER,618.7,m3,true
2022-11-01,ABBT3710049,PROD,WATER,1983.4,m3,true
2022-11-01,ABBT3710049,PROD,WATER,673.6,m3,true
2022-11-01,ABBT3710049,PROD,WATER,1414.4,m3,true
2022-11-01,ABBT3710049,PROD,WATER,1710.6,m3,true
2022-11-01,ABBT3710049,PROD,WATER,3461.4,m3,true
2022-11-01,ABBT3710049,PROD,WATER,5192.1,m3,true
2022-11-01,ABBT3710049,PROD,WATER,2049.5,m3,true
2022-11-01,ABBT3710049,PROD,WATER,544.9,m3,true
2022-11-01,ABBT3710049,PROD,WATER,1746.8,m3,true
2022-11-01,ABBT3710049,PROD,WATER,1375.5,m3,true
2022-11-01,ABBT3710049,PROD,WATER,8003.4,m3,true
2022-11-01,ABBT3710049,PROD,WATER,783.8,m3,true
2022-11-01,ABBT3710049,PROD,WATER,585.6,m3,true
2022-11-01,ABBT3710049,PROD,WATER,1007.5,m3,true
2022-11-01,ABBT3710049,PROD,WATER,1856.5,m3,true
2022-11-01,ABBT3710049,PROD,WATER,1311.9,m3,true
2022-11-01,ABBT3710049,PROD,WATER,1311.9,m3,true
2022-11-01,ABBT3710049,PROD,WATER,10036.4,m3,true
2022-11-01,ABBT3710049,PROD,WATER,418.6,m3,true
2022-11-01,ABBT3710049,PROD,WATER,1674.3,m3,true
2022-11-01,ABBT3710049,PROD,WATER,880.4,m3,true
2022-11-01,ABBT3710049,PROD,WATER,4320.8,m3,true
2022-11-01,ABBT3710049,PROD,WATER,2926.8,m3,true
2022-11-01,ABBT3710049,PROD,WATER,1212.2,m3,true
2022-11-01,ABBT3710049,PROD,WATER,2017.8,m3,true
2022-11-01,ABBT3710049,PROD,WATER,10886.5,m3,true
2022-11-01,ABBT3710049,PROD,WATER,401.7,m3,true
2022-11-01,ABBT3710049,PROD,WATER,267.8,m3,true
2022-11-01,ABBT4180001,,,,,true
2022-11-01,ABBT4180001,,,,,true
2022-11-01,ABBT4180001,,,,,true
2022-11-01,ABBT4180001,DIFF,GAS,0,e3m3,true
2022-11-01,ABBT4180001,DISP,GAS,24.6,e3m3,true
2022-11-01,ABBT4180001,FLARE,GAS,1.8,e3m3,true
2022-11-01,ABBT4180001,FUEL,GAS,5.9,e3m3,true
2022-11-01,ABBT4180001,PROD,GAS,22.8,e3m3,true
2022-11-01,ABBT4180001,PROD,GAS,11,e3m3,true
2022-11-01,ABBT4180001,VENT,GAS,1.5,e3m3,true
2022-11-01,ABBT4180001,DISP,OIL,393.3,m3,true
2022-11-01,ABBT4180001,IMBAL,OIL,0,m3,true
2022-11-01,ABBT4180001,INVCL,OIL,87,m3,true
2022-11-01,ABBT4180001,INVOP,OIL,50.3,m3,true
2022-11-01,ABBT4180001,PROD,OIL,321.3,m3,true
2022-11-01,ABBT4180001,PROD,OIL,108.7,m3,true
2022-11-01,ABBT4180001,ROYALTY,OIL,128.5,m3,true
2022-11-01,ABBT4180001,ROYALTY,OIL,32.7,m3,true
2022-11-01,ABBT4180001,DISP,SAND,0.5,,true
2022-11-01,ABBT4180001,DIFF,WATER,0,m3,true
2022-11-01,ABBT4180001,DISP,WATER,14.4,m3,true
2022-11-01,ABBT4180001,DISP,WATER,4379.5,m3,true
2022-11-01,ABBT4180001,PROD,WATER,3338.3,m3,true
2022-11-01,ABBT4180001,PROD,WATER,1055.6,m3,true
2022-11-01,ABBT4550001,,,,,true
2022-11-01,ABBT4550001,,,,,true
2022-11-01,ABBT4550001,,,,,true
2022-11-01,ABBT4550001,SHUTIN,,,,true
2022-11-01,ABBT4550001,SHUTIN,,,,true
2022-11-01,ABBT4550001,SHUTIN,,,,true
2022-11-01,ABBT4550001,SHUTIN,,,,true
2022-11-01,ABBT4550001,SHUTIN,,,,true
2022-11-01,ABBT4550001,SHUTIN,,,,true
2022-11-01,ABBT4550001,SHUTIN,,,,true
2022-11-01,ABBT4550001,SHUTIN,,,,true
2022-11-01,ABBT4550001,DIFF,GAS,0,e3m3,true
2022-11-01,ABBT4550001,FLARE,GAS,285.2,e3m3,true
2022-11-01,ABBT4550001,FUEL,GAS,5.3,e3m3,true
2022-11-01,ABBT4550001,PROD,GAS,5.1,e3m3,true
2022-11-01,ABBT4550001,PROD,GAS,15.6,e3m3,true
2022-11-01,ABBT4550001,PROD,GAS,1.9,e3m3,true
2022-11-01,ABBT4550001,PROD,GAS,60.4,e3m3,true
2022-11-01,ABBT4550001,PROD,GAS,5.6,e3m3,true
2022-11-01,ABBT4550001,PROD,GAS,100.6,e3m3,true
2022-11-01,ABBT4550001,PROD,GAS,5.1,e3m3,true
2022-11-01,ABBT4550001,PROD,GAS,4.4,e3m3,true
2022-11-01,ABBT4550001,PROD,GAS,14.8,e3m3,true
2022-11-01,ABBT4550001,PROD,GAS,68.3,e3m3,true
2022-11-01,ABBT4550001,REC,GAS,8.7,e3m3,true
2022-11-01,ABBT4550001,DISP,OIL,602,m3,true
2022-11-01,ABBT4550001,IMBAL,OIL,0,m3,true
2022-11-01,ABBT4550001,INVCL,OIL,124.9,m3,true
2022-11-01,ABBT4550001,INVOP,OIL,143.1,m3,true
2022-11-01,ABBT4550001,PROD,OIL,52.8,m3,true
2022-11-01,ABBT4550001,PROD,OIL,66.5,m3,true
2022-11-01,ABBT4550001,PROD,OIL,15.5,m3,true
2022-11-01,ABBT4550001,PROD,OIL,77.4,m3,true
2022-11-01,ABBT4550001,PROD,OIL,15.3,m3,true
2022-11-01,ABBT4550001,PROD,OIL,297.6,m3,true
2022-11-01,ABBT4550001,PROD,OIL,21.8,m3,true
2022-11-01,ABBT4550001,PROD,OIL,20.8,m3,true
2022-11-01,ABBT4550001,PROD,OIL,10.4,m3,true
2022-11-01,ABBT4550001,REC,OIL,5.7,m3,true
2022-11-01,ABBT4550001,ROYALTY,OIL,1,m3,true
2022-11-01,ABBT4550001,ROYALTY,OIL,14.3,m3,true
2022-11-01,ABBT4550001,ROYALTY,OIL,1.6,m3,true
2022-11-01,ABBT4550001,ROYALTY,OIL,0.1,m3,true
2022-11-01,ABBT4550001,DIFF,WATER,0,m3,true
2022-11-01,ABBT4550001,DISP,WATER,29.8,m3,true
2022-11-01,ABBT4550001,DISP,WATER,4933,m3,true
2022-11-01,ABBT4550001,DISP,WATER,2112.5,m3,true
2022-11-01,ABBT4550001,DISP,WATER,1142.3,m3,true
2022-11-01,ABBT4550001,PROD,WATER,1269.1,m3,true
2022-11-01,ABBT4550001,PROD,WATER,587.3,m3,true
2022-11-01,ABBT4550001,PROD,WATER,538.6,m3,true
2022-11-01,ABBT4550001,PROD,WATER,2212.1,m3,true
2022-11-01,ABBT4550001,PROD,WATER,980.1,m3,true
2022-11-01,ABBT4550001,PROD,WATER,440.3,m3,true
2022-11-01,ABBT4550001,PROD,WATER,931.4,m3,true
2022-11-01,ABBT4550001,PROD,WATER,1194,m3,true
2022-11-01,ABBT4550001,PROD,WATER,62.2,m3,true
2022-11-01,ABBT4550001,REC,WATER,2.5,m3,true
2022-11-01,ABBT4940020,,,,,true
2022-11-01,ABBT4940020,,,,,true
2022-11-01,ABBT4940020,,,,,true
2022-11-01,ABBT4940020,SHUTIN,,,,true
2022-11-01,ABBT4940020,SHUTIN,,,,true
2022-11-01,ABBT4940020,SHUTIN,,,,true
2022-11-01,ABBT4940020,SHUTIN,,,,true
2022-11-01,ABBT4940020,DIFF,GAS,0,e3m3,true
2022-11-01,ABBT4940020,DISP,GAS,28.1,e3m3,true
2022-11-01,ABBT4940020,DISP,GAS,569.1,e3m3,true
2022-11-01,ABBT4940020,FLARE,GAS,10.3,e3m3,true
2022-11-01,ABBT4940020,FUEL,GAS,115.2,e3m3,true
2022-11-01,ABBT4940020,PROD,GAS,20.8,e3m3,true
2022-11-01,ABBT4940020,PROD,GAS,10.2,e3m3,true
2022-11-01,ABBT4940020,PROD,GAS,35.8,e3m3,true
2022-11-01,ABBT4940020,PROD,GAS,21.7,e3m3,true
2022-11-01,ABBT4940020,PROD,GAS,37.1,e3m3,true
2022-11-01,ABBT4940020,PROD,GAS,22.1,e3m3,true
2022-11-01,ABBT4940020,PROD,GAS,38.1,e3m3,true
2022-11-01,ABBT4940020,PROD,GAS,23.3,e3m3,true
2022-11-01,ABBT4940020,PROD,GAS,37.7,e3m3,true
2022-11-01,ABBT4940020,PROD,GAS,29.5,e3m3,true
2022-11-01,ABBT4940020,PROD,GAS,35.1,e3m3,true
2022-11-01,ABBT4940020,PROD,GAS,28.1,e3m3,true
2022-11-01,ABBT4940020,PROD,GAS,37.1,e3m3,true
2022-11-01,ABBT4940020,PROD,GAS,192.6,e3m3,true
2022-11-01,ABBT4940020,REC,GAS,153.6,e3m3,true
2022-11-01,ABBT4940020,VENT,GAS,0.1,e3m3,true
2022-11-01,ABBT4940020,DISP,OIL,1198.3,m3,true
2022-11-01,ABBT4940020,IMBAL,OIL,0,m3,true
2022-11-01,ABBT4940020,INVCL,OIL,104,m3,true
2022-11-01,ABBT4940020,INVOP,OIL,81.2,m3,true
2022-11-01,ABBT4940020,PROD,OIL,49.6,m3,true
2022-11-01,ABBT4940020,PROD,OIL,23,m3,true
2022-11-01,ABBT4940020,PROD,OIL,91.2,m3,true
2022-11-01,ABBT4940020,PROD,OIL,65.2,m3,true
2022-11-01,ABBT4940020,PROD,OIL,48,m3,true
2022-11-01,ABBT4940020,PROD,OIL,58.8,m3,true
2022-11-01,ABBT4940020,PROD,OIL,119.9,m3,true
2022-11-01,ABBT4940020,PROD,OIL,30.8,m3,true
2022-11-01,ABBT4940020,PROD,OIL,13.5,m3,true
2022-11-01,ABBT4940020,PROD,OIL,26.5,m3,true
2022-11-01,ABBT4940020,PROD,OIL,117.1,m3,true
2022-11-01,ABBT4940020,PROD,OIL,108.1,m3,true
2022-11-01,ABBT4940020,PROD,OIL,78.6,m3,true
2022-11-01,ABBT4940020,PROD,OIL,386.1,m3,true
2022-11-01,ABBT4940020,REC,OIL,4.7,m3,true
2022-11-01,ABBT4940020,ROYALTY,OIL,2.9,m3,true
2022-11-01,ABBT4940020,ROYALTY,OIL,0.7,m3,true
2022-11-01,ABBT4940020,ROYALTY,OIL,9,m3,true
2022-11-01,ABBT4940020,ROYALTY,OIL,4.8,m3,true
2022-11-01,ABBT4940020,ROYALTY,OIL,2.7,m3,true
2022-11-01,ABBT4940020,ROYALTY,OIL,3.9,m3,true
2022-11-01,ABBT4940020,ROYALTY,OIL,14.2,m3,true
2022-11-01,ABBT4940020,ROYALTY,OIL,1.2,m3,true
2022-11-01,ABBT4940020,ROYALTY,OIL,0.3,m3,true
2022-11-01,ABBT4940020,ROYALTY,OIL,0.9,m3,true
2022-11-01,ABBT4940020,ROYALTY,OIL,13.8,m3,true
2022-11-01,ABBT4940020,ROYALTY,OIL,13.1,m3,true
2022-11-01,ABBT4940020,ROYALTY,OIL,6.8,m3,true
2022-11-01,ABBT4940020,ROYALTY,OIL,58.7,m3,true
2022-11-01,ABBT4940020,DIFF,WATER,0,m3,true
2022-11-01,ABBT4940020,DISP,WATER,0.7,m3,true
2022-11-01,ABBT4940020,DISP,WATER,30863,m3,true
2022-11-01,ABBT4940020,PROD,WATER,1234.5,m3,true
2022-11-01,ABBT4940020,PROD,WATER,2133.7,m3,true
2022-11-01,ABBT4940020,PROD,WATER,1236.9,m3,true
2022-11-01,ABBT4940020,PROD,WATER,979.5,m3,true
2022-11-01,ABBT4940020,PROD,WATER,1254.8,m3,true
2022-11-01,ABBT4940020,PROD,WATER,2092.2,m3,true
2022-11-01,ABBT4940020,PROD,WATER,840.2,m3,true
2022-11-01,ABBT4940020,PROD,WATER,1635.5,m3,true
2022-11-01,ABBT4940020,PROD,WATER,1386.6,m3,true
2022-11-01,ABBT4940020,PROD,WATER,1301.6,m3,true
2022-11-01,ABBT4940020,PROD,WATER,665.4,m3,true
2022-11-01,ABBT4940020,PROD,WATER,1867,m3,true
2022-11-01,ABBT4940020,PROD,WATER,2291.7,m3,true
2022-11-01,ABBT4940020,PROD,WATER,11944.1,m3,true
2022-11-01,ABBT9880004,,,,,true
2022-11-01,ABBT9880004,,,,,true
2022-11-01,ABBT9880004,,,,,true
2022-11-01,ABBT9880004,SHUTIN,,,,true
2022-11-01,ABBT9880004,SHUTIN,,,,true
2022-11-01,ABBT9880004,SHUTIN,,,,true
2022-11-01,ABBT9880004,SHUTIN,,,,true
2022-11-01,ABBT9880004,DIFF,GAS,0,e3m3,true
2022-11-01,ABBT9880004,FLARE,GAS,75.6,e3m3,true
2022-11-01,ABBT9880004,FUEL,GAS,3.3,e3m3,true
2022-11-01,ABBT9880004,PROD,GAS,35.6,e3m3,true
2022-11-01,ABBT9880004,PROD,GAS,15,e3m3,true
2022-11-01,ABBT9880004,PROD,GAS,12.9,e3m3,true
2022-11-01,ABBT9880004,PROD,GAS,6.3,e3m3,true
2022-11-01,ABBT9880004,REC,GAS,9.1,e3m3,true
2022-11-01,ABBT9880004,DISP,OIL,298.2,m3,true
2022-11-01,ABBT9880004,IMBAL,OIL,0,m3,true
2022-11-01,ABBT9880004,INVCL,OIL,139.1,m3,true
2022-11-01,ABBT9880004,INVOP,OIL,139.1,m3,true
2022-11-01,ABBT9880004,PROD,OIL,92.9,m3,true
2022-11-01,ABBT9880004,PROD,OIL,71.3,m3,true
2022-11-01,ABBT9880004,PROD,OIL,120.8,m3,true
2022-11-01,ABBT9880004,PROD,OIL,13.2,m3,true
2022-11-01,ABBT9880004,ROYALTY,OIL,9,m3,true
2022-11-01,ABBT9880004,ROYALTY,OIL,11.7,m3,true
2022-11-01,ABBT9880004,ROYALTY,OIL,37.2,m3,true
2022-11-01,ABBT9880004,ROYALTY,OIL,0.4,m3,true
2022-11-01,ABBT9880004,DIFF,WATER,0,m3,true
2022-11-01,ABBT9880004,DISP,WATER,0.2,m3,true
2022-11-01,ABBT9880004,DISP,WATER,1012,m3,true
2022-11-01,ABBT9880004,PROD,WATER,598.3,m3,true
2022-11-01,ABBT9880004,PROD,WATER,17.1,m3,true
2022-11-01,ABBT9880004,PROD,WATER,340.8,m3,true
2022-11-01,ABBT9880004,PROD,WATER,56,m3,true
2022-11-01,ABGS0002227,DIFF,GAS,-36.4,e3m3,true
2022-11-01,ABGS0002227,DISP,GAS,1511.5,e3m3,true
2022-11-01,ABGS0002227,REC,GAS,569.1,e3m3,true
2022-11-01,ABGS0002227,REC,GAS,906,e3m3,true
2022-11-01,ABGS0002227,DIFF,WATER,0,m3,true
2022-11-01,ABGS0002227,DISP,WATER,0.4,m3,true
2022-11-01,ABGS0002227,REC,WATER,0.4,m3,true
2022-11-01,ABGS0135864,DIFF,GAS,0,e3m3,true
2022-11-01,ABGS0135864,DISP,GAS,906,e3m3,true
2022-11-01,ABGS0135864,REC,GAS,56.8,e3m3,true
2022-11-01,ABGS0135864,REC,GAS,804.4,e3m3,true
2022-11-01,ABGS0135864,REC,GAS,44.8,e3m3,true
2022-11-01,ABIF0007002,SHUTIN,,,,true
2022-11-01,ABIF0007002,SHUTIN,,,,true
2022-11-01,ABIF0007002,SHUTIN,,,,true
2022-11-01,ABIF0007002,SHUTIN,,,,true
2022-11-01,ABIF0007002,SHUTIN,,,,true
2022-11-01,ABIF0007002,SHUTIN,,,,true
2022-11-01,ABIF0007004,DIFF,WATER,0,m3,true
2022-11-01,ABIF0007004,INJ,WATER,3514,m3,true
2022-11-01,ABIF0007004,INJ,WATER,4607,m3,true
2022-11-01,ABIF0007004,INJ,WATER,9141,m3,true
2022-11-01,ABIF0007004,INJ,WATER,18099,m3,true
2022-11-01,ABIF0007004,INJ,WATER,10063,m3,true
2022-11-01,ABIF0007004,INJ,WATER,208,m3,true
2022-11-01,ABIF0007004,INJ,WATER,7636,m3,true
2022-11-01,ABIF0007004,INJ,WATER,4407,m3,true
2022-11-01,ABIF0007004,INJ,WATER,9756,m3,true
2022-11-01,ABIF0007004,REC,WATER,67431,m3,true
2022-11-01,ABIF0007006,DIFF,WATER,0.4,m3,true
2022-11-01,ABIF0007006,INJ,WATER,4375.9,m3,true
2022-11-01,ABIF0007006,INVCL,WATER,3.2,m3,true
2022-11-01,ABIF0007006,REC,WATER,4379.5,m3,true
2022-11-01,ABIF0007052,DIFF,WATER,0,m3,true
2022-11-01,ABIF0007052,INJ,WATER,4933,m3,true
2022-11-01,ABIF0007052,REC,WATER,4933,m3,true
2022-11-01,ABIF0007274,DIFF,WATER,0,m3,true
2022-11-01,ABIF0007274,INJ,WATER,3331,m3,true
2022-11-01,ABIF0007274,INJ,WATER,27532,m3,true
2022-11-01,ABIF0007274,REC,WATER,30863,m3,true
2022-11-01,ABIF0008261,DIFF,WATER,0,m3,true
2022-11-01,ABIF0008261,INJ,WATER,2112.5,m3,true
2022-11-01,ABIF0008261,REC,WATER,2112.5,m3,true
2022-11-01,ABIF0008386,DIFF,WATER,0,m3,true
2022-11-01,ABIF0008386,INJ,WATER,2306.4,m3,true
2022-11-01,ABIF0008386,REC,WATER,2306.4,m3,true
2022-11-01,ABIF0008917,DIFF,WATER,0,m3,true
2022-11-01,ABIF0008917,INJ,WATER,1142.3,m3,true
2022-11-01,ABIF0008917,INVCL,WATER,0.1,m3,true
2022-11-01,ABIF0008917,INVOP,WATER,0.1,m3,true
2022-11-01,ABIF0008917,REC,WATER,1142.3,m3,true
2022-11-01,ABIF0008992,SHUTIN,,,,true
2022-11-01,ABIF0009829,SHUTIN,,,,true
2022-11-01,ABIF0009829,DIFF,WATER,0,m3,true
2022-11-01,ABIF0009829,INJ,WATER,1012,m3,true
2022-11-01,ABIF0009829,REC,WATER,1012,m3,true
2022-11-01,ABIF0009839,DIFF,WATER,0,m3,true
2022-11-01,ABIF0009839,INJ,WATER,3062,m3,true
2022-11-01,ABIF0009839,REC,WATER,3062,m3,true
2022-11-01,ABIF0140734,DIFF,WATER,0,m3,true
2022-11-01,ABIF0140734,INJ,WATER,5542,m3,true
2022-11-01,ABIF0140734,REC,WATER,5542,m3,true
2022-11-01,ABIF0156447,PROD,BRKWTR,28618.2,,true
2022-11-01,ABIF0156447,INJ,CO2,10256,,true
2022-11-01,ABIF0156447,INJ,CO2,9999,,true
2022-11-01,ABIF0156447,INJ,CO2,3399.4,,true
2022-11-01,ABIF0156447,INJ,CO2,2952.5,,true
2022-11-01,ABIF0156447,INJ,CO2,653,,true
2022-11-01,ABIF0156447,INJ,CO2,6831.9,,true
2022-11-01,ABIF0156447,INJ,CO2,20629.4,,true
2022-11-01,ABIF0156447,INJ,CO2,3696.3,,true
2022-11-01,ABIF0156447,REC,CO2,37033.2,,true
2022-11-01,ABIF0156447,REC,CO2,21384.3,,true
2022-11-01,ABIF0156447,DIFF,GAS,0,e3m3,true
2022-11-01,ABIF0156447,INJ,GAS,1017.7,e3m3,true
2022-11-01,ABIF0156447,INJ,GAS,982.8,e3m3,true
2022-11-01,ABIF0156447,INJ,GAS,204.6,e3m3,true
2022-11-01,ABIF0156447,INJ,GAS,177.8,e3m3,true
2022-11-01,ABIF0156447,INJ,GAS,87.1,e3m3,true
2022-11-01,ABIF0156447,INJ,GAS,734.4,e3m3,true
2022-11-01,ABIF0156447,INJ,GAS,1853.8,e3m3,true
2022-11-01,ABIF0156447,INJ,GAS,382.2,e3m3,true
2022-11-01,ABIF0156447,REC,GAS,5131.4,e3m3,true
2022-11-01,ABIF0156447,REC,GAS,309,e3m3,true
2022-11-01,ABIF0156447,DIFF,WATER,0,m3,true
2022-11-01,ABIF0156447,INJ,WATER,21026.5,m3,true
2022-11-01,ABIF0156447,INJ,WATER,1947,m3,true
2022-11-01,ABIF0156447,INJ,WATER,21422.2,m3,true
2022-11-01,ABIF0156447,REC,WATER,15777.5,m3,true
2022-01-01,ABBT0041124,SHUTIN,,,,true
2022-01-01,ABBT0048421,DIFF,GAS,0,e3m3,true
2022-01-01,ABBT0048421,DISP,GAS,79.6,e3m3,true
2022-01-01,ABBT0048421,FUEL,GAS,0.4,e3m3,true
2022-01-01,ABBT0048421,PROD,GAS,80.4,e3m3,true
2022-01-01,ABBT0048421,VENT,GAS,0.4,e3m3,true
2022-01-01,ABBT0059275,SHUTIN,,,,true
2022-01-01,ABBT0059275,DISP,OIL,2,m3,true
2022-01-01,ABBT0059275,IMBAL,OIL,0,m3,true
2022-01-01,ABBT0059275,INVCL,OIL,7.9,m3,true
2022-01-01,ABBT0059275,INVOP,OIL,9.9,m3,true
2022-01-01,ABBT0059275,DIFF,WATER,0,m3,true
2022-01-01,ABBT0059275,DISP,WATER,4.6,m3,true
2022-01-01,ABBT0059275,INVOP,WATER,3.4,m3,true
2022-01-01,ABBT0059275,REC,WATER,1.2,m3,true
2022-01-01,ABBT0083457,IMBAL,OIL,0,m3,true
2022-01-01,ABBT0083457,INVCL,OIL,12,m3,true
2022-01-01,ABBT0083457,INVOP,OIL,12,m3,true
2022-01-01,ABBT0083457,DIFF,WATER,0,m3,true
2022-01-01,ABBT0083457,INVCL,WATER,10.4,m3,true
2022-01-01,ABBT0083457,INVOP,WATER,10.4,m3,true
2022-01-01,ABBT0091980,SHUTIN,,,,true
2022-01-01,ABBT0091980,IMBAL,OIL,0,m3,true
2022-01-01,ABBT0091980,INVCL,OIL,24.6,m3,true
2022-01-01,ABBT0091980,INVOP,OIL,24.6,m3,true
2022-01-01,ABBT0101896,PROD,COND,4.5,m3,true
2022-01-01,ABBT0101896,DIFF,GAS,0,e3m3,true
2022-01-01,ABBT0101896,DISP,GAS,869.6,e3m3,true
2022-01-01,ABBT0101896,FLARE,GAS,4.3,e3m3,true
2022-01-01,ABBT0101896,FUEL,GAS,22,e3m3,true
2022-01-01,ABBT0101896,PROD,GAS,30.3,e3m3,true
2022-01-01,ABBT0101896,PROD,GAS,22.6,e3m3,true
2022-01-01,ABBT0101896,PROD,GAS,154.5,e3m3,true
2022-01-01,ABBT0101896,PROD,GAS,59.5,e3m3,true
2022-01-01,ABBT0101896,PROD,GAS,41.1,e3m3,true
2022-01-01,ABBT0101896,PROD,GAS,211.5,e3m3,true
2022-01-01,ABBT0101896,PROD,GAS,87,e3m3,true
2022-01-01,ABBT0101896,PROD,GAS,14,e3m3,true
2022-01-01,ABBT0101896,PROD,GAS,86.1,e3m3,true
2022-01-01,ABBT0101896,PROD,GAS,162.9,e3m3,true
2022-01-01,ABBT0101896,REC,GAS,31.6,e3m3,true
2022-01-01,ABBT0101896,VENT,GAS,5.2,e3m3,true
2022-01-01,ABBT0101896,DISP,OIL,4.5,m3,true
2022-01-01,ABBT0101896,IMBAL,OIL,0,m3,true
2022-01-01,ABBT0120813,DIFF,GAS,0,e3m3,true
2022-01-01,ABBT0120813,DISP,GAS,46.2,e3m3,true
2022-01-01,ABBT0120813,FUEL,GAS,2.7,e3m3,true
2022-01-01,ABBT0120813,PROD,GAS,49.7,e3m3,true
2022-01-01,ABBT0120813,VENT,GAS,0.8,e3m3,true
2022-01-01,ABBT0120813,DISP,OIL,28.8,m3,true
2022-01-01,ABBT0120813,IMBAL,OIL,0,m3,true
2022-01-01,ABBT0120813,INVCL,OIL,6.5,m3,true
2022-01-01,ABBT0120813,INVOP,OIL,30.5,m3,true
2022-01-01,ABBT0120813,PROD,OIL,4.8,m3,true
2022-01-01,ABBT0120813,DIFF,WATER,0,m3,true
2022-01-01,ABBT0120813,INVCL,WATER,1.1,m3,true
2022-01-01,ABBT0120813,INVOP,WATER,1.1,m3,true
2022-01-01,ABBT0137951,SHUTIN,,,,true
2022-01-01,ABBT0137951,SHUTIN,,,,true
2022-01-01,ABBT0137951,SHUTIN,,,,true
2022-01-01,ABBT0137951,SHUTIN,,,,true
2022-01-01,ABBT0137951,DIFF,WATER,0,m3,true
2022-01-01,ABBT0137951,INVCL,WATER,3,m3,true
2022-01-01,ABBT0137951,INVOP,WATER,3,m3,true
2022-01-01,ABBT0141479,SHUTIN,,,,true
2022-01-01,ABBT2240034,,,,,true
2022-01-01,ABBT2240034,,,,,true
2022-01-01,ABBT2240034,,,,,true
2022-01-01,ABBT2240034,SHUTIN,,,,true
2022-01-01,ABBT2240034,SHUTIN,,,,true
2022-01-01,ABBT2240034,SHUTIN,,,,true
2022-01-01,ABBT2240034,SHUTIN,,,,true
2022-01-01,ABBT2240034,SHUTIN,,,,true
2022-01-01,ABBT2240034,SHUTIN,,,,true
2022-01-01,ABBT2240034,SHUTIN,,,,true
2022-01-01,ABBT2240034,SHUTIN,,,,true
2022-01-01,ABBT2240034,SHUTIN,,,,true
2022-01-01,ABBT2240034,SHUTIN,,,,true
2022-01-01,ABBT2240034,SHUTIN,,,,true
2022-01-01,ABBT2240034,SHUTIN,,,,true
2022-01-01,ABBT2240034,DISP,CO2,33355.1,,true
2022-01-01,ABBT2240034,DIFF,GAS,0,e3m3,true
2022-01-01,ABBT2240034,DISP,GAS,4170.7,e3m3,true
2022-01-01,ABBT2240034,FLARE,GAS,65.1,e3m3,true
2022-01-01,ABBT2240034,FUEL,GAS,58.2,e3m3,true
2022-01-01,ABBT2240034,PROD,GAS,8592.1,e3m3,true
2022-01-01,ABBT2240034,PROD,GAS,8.5,e3m3,true
2022-01-01,ABBT2240034,PROD,GAS,34.6,e3m3,true
2022-01-01,ABBT2240034,PROD,GAS,18.4,e3m3,true
2022-01-01,ABBT2240034,PROD,GAS,8359.9,e3m3,true
2022-01-01,ABBT2240034,PROD,GAS,8407.5,e3m3,true
2022-01-01,ABBT2240034,PROD,GAS,1326.5,e3m3,true
2022-01-01,ABBT2240034,PROD,GAS,10048.8,e3m3,true
2022-01-01,ABBT2240034,PROD,GAS,649.7,e3m3,true
2022-01-01,ABBT2240034,PROD,GAS,7.4,e3m3,true
2022-01-01,ABBT2240034,PURREC,GAS,195.9,e3m3,true
2022-01-01,ABBT2240034,VENT,GAS,0.2,e3m3,true
2022-01-01,ABBT2240034,DISP,OIL,3450.8,m3,true
2022-01-01,ABBT2240034,IMBAL,OIL,0,m3,true
2022-01-01,ABBT2240034,PROD,OIL,648.7,m3,true
2022-01-01,ABBT2240034,PROD,OIL,0.9,m3,true
2022-01-01,ABBT2240034,PROD,OIL,39.2,m3,true
2022-01-01,ABBT2240034,PROD,OIL,16.5,m3,true
2022-01-01,ABBT2240034,PROD,OIL,965.9,m3,true
2022-01-01,ABBT2240034,PROD,OIL,853.7,m3,true
2022-01-01,ABBT2240034,PROD,OIL,148,m3,true
2022-01-01,ABBT2240034,PROD,OIL,681.4,m3,true
2022-01-01,ABBT2240034,PROD,OIL,39.6,m3,true
2022-01-01,ABBT2240034,PROD,OIL,56.9,m3,true
2022-01-01,ABBT2240034,ROYALTY,OIL,15.2,m3,true
2022-01-01,ABBT2240034,ROYALTY,OIL,0.3,m3,true
2022-01-01,ABBT2240034,ROYALTY,OIL,22.6,m3,true
2022-01-01,ABBT2240034,ROYALTY,OIL,20,m3,true
2022-01-01,ABBT2240034,ROYALTY,OIL,21.2,m3,true
2022-01-01,ABBT2240034,ROYALTY,OIL,16,m3,true
2022-01-01,ABBT2240034,ROYALTY,OIL,1.7,m3,true
2022-01-01,ABBT2240034,ROYALTY,OIL,4.2,m3,true
2022-01-01,ABBT2240034,DISP,SAND,0.1,,true
2022-01-01,ABBT2240034,DIFF,WATER,0,m3,true
2022-01-01,ABBT2240034,DISP,WATER,8.3,m3,true
2022-01-01,ABBT2240034,DISP,WATER,15950,m3,true
2022-01-01,ABBT2240034,DISP,WATER,11543.7,m3,true
2022-01-01,ABBT2240034,PROD,WATER,3992.9,m3,true
2022-01-01,ABBT2240034,PROD,WATER,585.8,m3,true
2022-01-01,ABBT2240034,PROD,WATER,2285,m3,true
2022-01-01,ABBT2240034,PROD,WATER,1317.6,m3,true
2022-01-01,ABBT2240034,PROD,WATER,9237.7,m3,true
2022-01-01,ABBT2240034,PROD,WATER,7395.9,m3,true
2022-01-01,ABBT2240034,PROD,WATER,2.9,m3,true
2022-01-01,ABBT2240034,PROD,WATER,1501.3,m3,true
2022-01-01,ABBT2240034,PROD,WATER,1011.2,m3,true
2022-01-01,ABBT2240034,PROD,WATER,171.7,m3,true
2022-01-01,ABBT3620003,,,,,true
2022-01-01,ABBT3620003,,,,,true
2022-01-01,ABBT3620003,,,,,true
2022-01-01,ABBT3620003,DIFF,GAS,0,e3m3,true
2022-01-01,ABBT3620003,FLARE,GAS,15.7,e3m3,true
2022-01-01,ABBT3620003,FUEL,GAS,10.3,e3m3,true
2022-01-01,ABBT3620003,PROD,GAS,9.2,e3m3,true
2022-01-01,ABBT3620003,PROD,GAS,0.7,e3m3,true
2022-01-01,ABBT3620003,PROD,GAS,5.8,e3m3,true
2022-01-01,ABBT3620003,PROD,GAS,5.7,e3m3,true
2022-01-01,ABBT3620003,PROD,GAS,4.9,e3m3,true
2022-01-01,ABBT3620003,VENT,GAS,0.3,e3m3,true
2022-01-01,ABBT3620003,DISP,OIL,134.7,m3,true
2022-01-01,ABBT3620003,IMBAL,OIL,0,m3,true
2022-01-01,ABBT3620003,INVCL,OIL,27.1,m3,true
2022-01-01,ABBT3620003,INVOP,OIL,27.5,m3,true
2022-01-01,ABBT3620003,PROD,OIL,55.8,m3,true
2022-01-01,ABBT3620003,PROD,OIL,2.9,m3,true
2022-01-01,ABBT3620003,PROD,OIL,20.7,m3,true
2022-01-01,ABBT3620003,PROD,OIL,12.9,m3,true
2022-01-01,ABBT3620003,PROD,OIL,42,m3,true
2022-01-01,ABBT3620003,ROYALTY,OIL,6.8,m3,true
2022-01-01,ABBT3620003,ROYALTY,OIL,0.1,m3,true
2022-01-01,ABBT3620003,DIFF,WATER,0,m3,true
2022-01-01,ABBT3620003,DISP,WATER,0.1,m3,true
2022-01-01,ABBT3620003,DISP,WATER,2418.4,m3,true
2022-01-01,ABBT3620003,INVCL,WATER,46.9,m3,true
2022-01-01,ABBT3620003,INVOP,WATER,46.9,m3,true
2022-01-01,ABBT3620003,PROD,WATER,640.1,m3,true
2022-01-01,ABBT3620003,PROD,WATER,76.7,m3,true
2022-01-01,ABBT3620003,PROD,WATER,271.7,m3,true
2022-01-01,ABBT3620003,PROD,WATER,1254.5,m3,true
2022-01-01,ABBT3620003,PROD,WATER,175.5,m3,true
2022-01-01,ABBT3710049,,,,,true
2022-01-01,ABBT3710049,,,,,true
2022-01-01,ABBT3710049,,,,,true
2022-01-01,ABBT3710049,SHUTIN,,,,true
2022-01-01,ABBT3710049,SHUTIN,,,,true
2022-01-01,ABBT3710049,SHUTIN,,,,true
2022-01-01,ABBT3710049,SHUTIN,,,,true
2022-01-01,ABBT3710049,SHUTIN,,,,true
2022-01-01,ABBT3710049,SHUTIN,,,,true
2022-01-01,ABBT3710049,SHUTIN,,,,true
2022-01-01,ABBT3710049,DIFF,GAS,0,e3m3,true
2022-01-01,ABBT3710049,FLARE,GAS,289.3,e3m3,true
2022-01-01,ABBT3710049,FUEL,GAS,129.9,e3m3,true
2022-01-01,ABBT3710049,PROD,GAS,2.6,e3m3,true
2022-01-01,ABBT3710049,PROD,GAS,5.5,e3m3,true
2022-01-01,ABBT3710049,PROD,GAS,8.3,e3m3,true
2022-01-01,ABBT3710049,PROD,GAS,12.9,e3m3,true
2022-01-01,ABBT3710049,PROD,GAS,12,e3m3,true
2022-01-01,ABBT3710049,PROD,GAS,0.3,e3m3,true
2022-01-01,ABBT3710049,PROD,GAS,26,e3m3,true
2022-01-01,ABBT3710049,PROD,GAS,9.2,e3m3,true
2022-01-01,ABBT3710049,PROD,GAS,18,e3m3,true
2022-01-01,ABBT3710049,PROD,GAS,0.3,e3m3,true
2022-01-01,ABBT3710049,PROD,GAS,16.6,e3m3,true
2022-01-01,ABBT3710049,PROD,GAS,25,e3m3,true
2022-01-01,ABBT3710049,PROD,GAS,12.5,e3m3,true
2022-01-01,ABBT3710049,PROD,GAS,0.7,e3m3,true
2022-01-01,ABBT3710049,PROD,GAS,12.1,e3m3,true
2022-01-01,ABBT3710049,PROD,GAS,0.1,e3m3,true
2022-01-01,ABBT3710049,PROD,GAS,14.7,e3m3,true
2022-01-01,ABBT3710049,PROD,GAS,1.7,e3m3,true
2022-01-01,ABBT3710049,PROD,GAS,5.5,e3m3,true
2022-01-01,ABBT3710049,PROD,GAS,2,e3m3,true
2022-01-01,ABBT3710049,PROD,GAS,5.9,e3m3,true
2022-01-01,ABBT3710049,PROD,GAS,5.8,e3m3,true
2022-01-01,ABBT3710049,PROD,GAS,9.8,e3m3,true
2022-01-01,ABBT3710049,PROD,GAS,2.7,e3m3,true
2022-01-01,ABBT3710049,PROD,GAS,10.8,e3m3,true
2022-01-01,ABBT3710049,PROD,GAS,34.9,e3m3,true
2022-01-01,ABBT3710049,PROD,GAS,2.3,e3m3,true
2022-01-01,ABBT3710049,PROD,GAS,5,e3m3,true
2022-01-01,ABBT3710049,PROD,GAS,1,e3m3,true
2022-01-01,ABBT3710049,PROD,GAS,1,e3m3,true
2022-01-01,ABBT3710049,PROD,GAS,28.1,e3m3,true
2022-01-01,ABBT3710049,PROD,GAS,0.1,e3m3,true
2022-01-01,ABBT3710049,PROD,GAS,0.1,e3m3,true
2022-01-01,ABBT3710049,PURREC,GAS,54.2,e3m3,true
2022-01-01,ABBT3710049,PURREC,GAS,75.7,e3m3,true
2022-01-01,ABBT3710049,VENT,GAS,4.2,e3m3,true
2022-01-01,ABBT3710049,DISP,OIL,1669.2,m3,true
2022-01-01,ABBT3710049,IMBAL,OIL,0,m3,true
2022-01-01,ABBT3710049,INVCL,OIL,42.3,m3,true
2022-01-01,ABBT3710049,INVOP,OIL,61.1,m3,true
2022-01-01,ABBT3710049,PROD,OIL,77.2,m3,true
2022-01-01,ABBT3710049,PROD,OIL,29.1,m3,true
2022-01-01,ABBT3710049,PROD,OIL,50.1,m3,true
2022-01-01,ABBT3710049,PROD,OIL,190.4,m3,true
2022-01-01,ABBT3710049,PROD,OIL,8.2,m3,true
2022-01-01,ABBT3710049,PROD,OIL,18.5,m3,true
2022-01-01,ABBT3710049,PROD,OIL,61.8,m3,true
2022-01-01,ABBT3710049,PROD,OIL,31.8,m3,true
2022-01-01,ABBT3710049,PROD,OIL,29.8,m3,true
2022-01-01,ABBT3710049,PROD,OIL,18,m3,true
2022-01-01,ABBT3710049,PROD,OIL,30.3,m3,true
2022-01-01,ABBT3710049,PROD,OIL,45.5,m3,true
2022-01-01,ABBT3710049,PROD,OIL,149.9,m3,true
2022-01-01,ABBT3710049,PROD,OIL,28.8,m3,true
2022-01-01,ABBT3710049,PROD,OIL,74.3,m3,true
2022-01-01,ABBT3710049,PROD,OIL,21.6,m3,true
2022-01-01,ABBT3710049,PROD,OIL,65.3,m3,true
2022-01-01,ABBT3710049,PROD,OIL,29.9,m3,true
2022-01-01,ABBT3710049,PROD,OIL,22.3,m3,true
2022-01-01,ABBT3710049,PROD,OIL,47.2,m3,true
2022-01-01,ABBT3710049,PROD,OIL,65.7,m3,true
2022-01-01,ABBT3710049,PROD,OIL,65.7,m3,true
2022-01-01,ABBT3710049,PROD,OIL,21,m3,true
2022-01-01,ABBT3710049,PROD,OIL,10.9,m3,true
2022-01-01,ABBT3710049,PROD,OIL,43.3,m3,true
2022-01-01,ABBT3710049,PROD,OIL,94.9,m3,true
2022-01-01,ABBT3710049,PROD,OIL,74.5,m3,true
2022-01-01,ABBT3710049,PROD,OIL,43.8,m3,true
2022-01-01,ABBT3710049,PROD,OIL,48.2,m3,true
2022-01-01,ABBT3710049,PROD,OIL,53.8,m3,true
2022-01-01,ABBT3710049,PROD,OIL,44.1,m3,true
2022-01-01,ABBT3710049,PROD,OIL,32.7,m3,true
2022-01-01,ABBT3710049,PROD,OIL,21.8,m3,true
2022-01-01,ABBT3710049,ROYALTY,OIL,1.5,m3,true
2022-01-01,ABBT3710049,ROYALTY,OIL,8.5,m3,true
2022-01-01,ABBT3710049,ROYALTY,OIL,1.9,m3,true
2022-01-01,ABBT3710049,ROYALTY,OIL,1.1,m3,true
2022-01-01,ABBT3710049,ROYALTY,OIL,0.3,m3,true
2022-01-01,ABBT3710049,ROYALTY,OIL,44.6,m3,true
2022-01-01,ABBT3710049,ROYALTY,OIL,0.8,m3,true
2022-01-01,ABBT3710049,ROYALTY,OIL,12.7,m3,true
2022-01-01,ABBT3710049,ROYALTY,OIL,9.6,m3,true
2022-01-01,ABBT3710049,ROYALTY,OIL,0.5,m3,true
2022-01-01,ABBT3710049,ROYALTY,OIL,4.7,m3,true
2022-01-01,ABBT3710049,ROYALTY,OIL,0.1,m3,true
2022-01-01,ABBT3710049,ROYALTY,OIL,3.9,m3,true
2022-01-01,ABBT3710049,ROYALTY,OIL,4.6,m3,true
2022-01-01,ABBT3710049,ROYALTY,OIL,4.1,m3,true
2022-01-01,ABBT3710049,DIFF,WATER,0,m3,true
2022-01-01,ABBT3710049,DISP,WATER,10.7,m3,true
2022-01-01,ABBT3710049,DISP,WATER,69984,m3,true
2022-01-01,ABBT3710049,DISP,WATER,3149,m3,true
2022-01-01,ABBT3710049,DISP,WATER,5154,m3,true
2022-01-01,ABBT3710049,PROD,WATER,125.3,m3,true
2022-01-01,ABBT3710049,PROD,WATER,1836.7,m3,true
2022-01-01,ABBT3710049,PROD,WATER,1215,m3,true
2022-01-01,ABBT3710049,PROD,WATER,959.7,m3,true
2022-01-01,ABBT3710049,PROD,WATER,1653.4,m3,true
2022-01-01,ABBT3710049,PROD,WATER,455.4,m3,true
2022-01-01,ABBT3710049,PROD,WATER,2060.6,m3,true
2022-01-01,ABBT3710049,PROD,WATER,620.3,m3,true
2022-01-01,ABBT3710049,PROD,WATER,1510,m3,true
2022-01-01,ABBT3710049,PROD,WATER,1846.4,m3,true
2022-01-01,ABBT3710049,PROD,WATER,3092.9,m3,true
2022-01-01,ABBT3710049,PROD,WATER,4639.2,m3,true
2022-01-01,ABBT3710049,PROD,WATER,2224,m3,true
2022-01-01,ABBT3710049,PROD,WATER,709.8,m3,true
2022-01-01,ABBT3710049,PROD,WATER,1836,m3,true
2022-01-01,ABBT3710049,PROD,WATER,1457.8,m3,true
2022-01-01,ABBT3710049,PROD,WATER,8364.6,m3,true
2022-01-01,ABBT3710049,PROD,WATER,788.1,m3,true
2022-01-01,ABBT3710049,PROD,WATER,1122.5,m3,true
2022-01-01,ABBT3710049,PROD,WATER,1897.8,m3,true
2022-01-01,ABBT3710049,PROD,WATER,1286.6,m3,true
2022-01-01,ABBT3710049,PROD,WATER,1286.6,m3,true
2022-01-01,ABBT3710049,PROD,WATER,10848.5,m3,true
2022-01-01,ABBT3710049,PROD,WATER,435.4,m3,true
2022-01-01,ABBT3710049,PROD,WATER,1741.9,m3,true
2022-01-01,ABBT3710049,PROD,WATER,790.9,m3,true
2022-01-01,ABBT3710049,PROD,WATER,5035.1,m3,true
2022-01-01,ABBT3710049,PROD,WATER,2957.6,m3,true
2022-01-01,ABBT3710049,PROD,WATER,1366.2,m3,true
2022-01-01,ABBT3710049,PROD,WATER,1721.6,m3,true
2022-01-01,ABBT3710049,PROD,WATER,11345.6,m3,true
2022-01-01,ABBT3710049,PROD,WATER,639.7,m3,true
2022-01-01,ABBT3710049,PROD,WATER,426.5,m3,true
2022-01-01,ABBT4180001,,,,,true
2022-01-01,ABBT4180001,,,,,true
2022-01-01,ABBT4180001,,,,,true
2022-01-01,ABBT4180001,DIFF,GAS,0,e3m3,true
2022-01-01,ABBT4180001,DISP,GAS,27,e3m3,true
2022-01-01,ABBT4180001,FLARE,GAS,4.8,e3m3,true
2022-01-01,ABBT4180001,FUEL,GAS,5.7,e3m3,true
2022-01-01,ABBT4180001,PROD,GAS,27.2,e3m3,true
2022-01-01,ABBT4180001,PROD,GAS,11.9,e3m3,true
2022-01-01,ABBT4180001,VENT,GAS,1.6,e3m3,true
2022-01-01,ABBT4180001,DISP,OIL,429.4,m3,true
2022-01-01,ABBT4180001,IMBAL,OIL,0,m3,true
2022-01-01,ABBT4180001,INVCL,OIL,55.4,m3,true
2022-01-01,ABBT4180001,INVOP,OIL,45.8,m3,true
2022-01-01,ABBT4180001,PROD,OIL,323.2,m3,true
2022-01-01,ABBT4180001,PROD,OIL,115.8,m3,true
2022-01-01,ABBT4180001,ROYALTY,OIL,129.3,m3,true
2022-01-01,ABBT4180001,ROYALTY,OIL,32,m3,true
2022-01-01,ABBT4180001,DIFF,WATER,0,m3,true
2022-01-01,ABBT4180001,DISP,WATER,2.6,m3,true
2022-01-01,ABBT4180001,DISP,WATER,4617.3,m3,true
2022-01-01,ABBT4180001,PROD,WATER,3308.5,m3,true
2022-01-01,ABBT4180001,PROD,WATER,1311.4,m3,true
2022-01-01,ABBT4550001,,,,,true
2022-01-01,ABBT4550001,,,,,true
2022-01-01,ABBT4550001,,,,,true
2022-01-01,ABBT4550001,SHUTIN,,,,true
2022-01-01,ABBT4550001,SHUTIN,,,,true
2022-01-01,ABBT4550001,SHUTIN,,,,true
2022-01-01,ABBT4550001,SHUTIN,,,,true
2022-01-01,ABBT4550001,SHUTIN,,,,true
2022-01-01,ABBT4550001,SHUTIN,,,,true
2022-01-01,ABBT4550001,SHUTIN,,,,true
2022-01-01,ABBT4550001,SHUTIN,,,,true
2022-01-01,ABBT4550001,DIFF,GAS,0,e3m3,true
2022-01-01,ABBT4550001,FLARE,GAS,226.7,e3m3,true
2022-01-01,ABBT4550001,FUEL,GAS,11.2,e3m3,true
2022-01-01,ABBT4550001,PROD,GAS,6.8,e3m3,true
2022-01-01,ABBT4550001,PROD,GAS,7,e3m3,true
2022-01-01,ABBT4550001,PROD,GAS,2.1,e3m3,true
2022-01-01,ABBT4550001,PROD,GAS,23.8,e3m3,true
2022-01-01,ABBT4550001,PROD,GAS,5.8,e3m3,true
2022-01-01,ABBT4550001,PROD,GAS,79.3,e3m3,true
2022-01-01,ABBT4550001,PROD,GAS,2.6,e3m3,true
2022-01-01,ABBT4550001,PROD,GAS,5.8,e3m3,true
2022-01-01,ABBT4550001,PROD,GAS,93.9,e3m3,true
2022-01-01,ABBT4550001,REC,GAS,10.8,e3m3,true
2022-01-01,ABBT4550001,DISP,OIL,512.9,m3,true
2022-01-01,ABBT4550001,IMBAL,OIL,0,m3,true
2022-01-01,ABBT4550001,INVCL,OIL,125.6,m3,true
2022-01-01,ABBT4550001,INVOP,OIL,117.6,m3,true
2022-01-01,ABBT4550001,PROD,OIL,67.1,m3,true
2022-01-01,ABBT4550001,PROD,OIL,72.6,m3,true
2022-01-01,ABBT4550001,PROD,OIL,14.5,m3,true
2022-01-01,ABBT4550001,PROD,OIL,68.7,m3,true
2022-01-01,ABBT4550001,PROD,OIL,18.3,m3,true
2022-01-01,ABBT4550001,PROD,OIL,229.1,m3,true
2022-01-01,ABBT4550001,PROD,OIL,21,m3,true
2022-01-01,ABBT4550001,PROD,OIL,29.6,m3,true
2022-01-01,ABBT4550001,ROYALTY,OIL,0.4,m3,true
2022-01-01,ABBT4550001,ROYALTY,OIL,10.7,m3,true
2022-01-01,ABBT4550001,ROYALTY,OIL,2,m3,true
2022-01-01,ABBT4550001,DIFF,WATER,0,m3,true
2022-01-01,ABBT4550001,DISP,WATER,1.5,m3,true
2022-01-01,ABBT4550001,DISP,WATER,5006,m3,true
2022-01-01,ABBT4550001,DISP,WATER,2425.7,m3,true
2022-01-01,ABBT4550001,DISP,WATER,741.7,m3,true
2022-01-01,ABBT4550001,PROD,WATER,1337.4,m3,true
2022-01-01,ABBT4550001,PROD,WATER,451.9,m3,true
2022-01-01,ABBT4550001,PROD,WATER,595.1,m3,true
2022-01-01,ABBT4550001,PROD,WATER,2091.5,m3,true
2022-01-01,ABBT4550001,PROD,WATER,1029,m3,true
2022-01-01,ABBT4550001,PROD,WATER,369.8,m3,true
2022-01-01,ABBT4550001,PROD,WATER,908.7,m3,true
2022-01-01,ABBT4550001,PROD,WATER,1391.5,m3,true
2022-01-01,ABBT4940020,,,,,true
2022-01-01,ABBT4940020,,,,,true
2022-01-01,ABBT4940020,,,,,true
2022-01-01,ABBT4940020,SHUTIN,,,,true
2022-01-01,ABBT4940020,SHUTIN,,,,true
2022-01-01,ABBT4940020,SHUTIN,,,,true
2022-01-01,ABBT4940020,SHUTIN,,,,true
2022-01-01,ABBT4940020,DIFF,GAS,0,e3m3,true
2022-01-01,ABBT4940020,DISP,GAS,31.6,e3m3,true
2022-01-01,ABBT4940020,DISP,GAS,567.3,e3m3,true
2022-01-01,ABBT4940020,FLARE,GAS,9.4,e3m3,true
2022-01-01,ABBT4940020,FUEL,GAS,148.7,e3m3,true
2022-01-01,ABBT4940020,PROD,GAS,37.4,e3m3,true
2022-01-01,ABBT4940020,PROD,GAS,22.8,e3m3,true
2022-01-01,ABBT4940020,PROD,GAS,25.8,e3m3,true
2022-01-01,ABBT4940020,PROD,GAS,23.4,e3m3,true
2022-01-01,ABBT4940020,PROD,GAS,24.5,e3m3,true
2022-01-01,ABBT4940020,PROD,GAS,56.2,e3m3,true
2022-01-01,ABBT4940020,PROD,GAS,30.6,e3m3,true
2022-01-01,ABBT4940020,PROD,GAS,19.4,e3m3,true
2022-01-01,ABBT4940020,PROD,GAS,15.6,e3m3,true
2022-01-01,ABBT4940020,PROD,GAS,14,e3m3,true
2022-01-01,ABBT4940020,PROD,GAS,20.4,e3m3,true
2022-01-01,ABBT4940020,PROD,GAS,38.2,e3m3,true
2022-01-01,ABBT4940020,PROD,GAS,41.1,e3m3,true
2022-01-01,ABBT4940020,PROD,GAS,204.3,e3m3,true
2022-01-01,ABBT4940020,REC,GAS,185.8,e3m3,true
2022-01-01,ABBT4940020,VENT,GAS,2.5,e3m3,true
2022-01-01,ABBT4940020,DISP,OIL,1346.8,m3,true
2022-01-01,ABBT4940020,IMBAL,OIL,0,m3,true
2022-01-01,ABBT4940020,INVCL,OIL,230.5,m3,true
2022-01-01,ABBT4940020,INVOP,OIL,203.4,m3,true
2022-01-01,ABBT4940020,PROD,OIL,92.5,m3,true
2022-01-01,ABBT4940020,PROD,OIL,61.6,m3,true
2022-01-01,ABBT4940020,PROD,OIL,94.2,m3,true
2022-01-01,ABBT4940020,PROD,OIL,65,m3,true
2022-01-01,ABBT4940020,PROD,OIL,56.2,m3,true
2022-01-01,ABBT4940020,PROD,OIL,123.2,m3,true
2022-01-01,ABBT4940020,PROD,OIL,136,m3,true
2022-01-01,ABBT4940020,PROD,OIL,7.9,m3,true
2022-01-01,ABBT4940020,PROD,OIL,33.6,m3,true
2022-01-01,ABBT4940020,PROD,OIL,21.8,m3,true
2022-01-01,ABBT4940020,PROD,OIL,95.5,m3,true
2022-01-01,ABBT4940020,PROD,OIL,100.6,m3,true
2022-01-01,ABBT4940020,PROD,OIL,94.1,m3,true
2022-01-01,ABBT4940020,PROD,OIL,387.2,m3,true
2022-01-01,ABBT4940020,REC,OIL,4.5,m3,true
2022-01-01,ABBT4940020,ROYALTY,OIL,8.1,m3,true
2022-01-01,ABBT4940020,ROYALTY,OIL,3.5,m3,true
2022-01-01,ABBT4940020,ROYALTY,OIL,8.4,m3,true
2022-01-01,ABBT4940020,ROYALTY,OIL,3.9,m3,true
2022-01-01,ABBT4940020,ROYALTY,OIL,2.9,m3,true
2022-01-01,ABBT4940020,ROYALTY,OIL,13.3,m3,true
2022-01-01,ABBT4940020,ROYALTY,OIL,15.3,m3,true
2022-01-01,ABBT4940020,ROYALTY,OIL,1,m3,true
2022-01-01,ABBT4940020,ROYALTY,OIL,0.4,m3,true
2022-01-01,ABBT4940020,ROYALTY,OIL,8.7,m3,true
2022-01-01,ABBT4940020,ROYALTY,OIL,9.6,m3,true
2022-01-01,ABBT4940020,ROYALTY,OIL,8.4,m3,true
2022-01-01,ABBT4940020,ROYALTY,OIL,59.6,m3,true
2022-01-01,ABBT4940020,DIFF,WATER,0,m3,true
2022-01-01,ABBT4940020,DISP,WATER,2,m3,true
2022-01-01,ABBT4940020,DISP,WATER,5.7,m3,true
2022-01-01,ABBT4940020,DISP,WATER,28637,m3,true
2022-01-01,ABBT4940020,PROD,WATER,1472.6,m3,true
2022-01-01,ABBT4940020,PROD,WATER,1501,m3,true
2022-01-01,ABBT4940020,PROD,WATER,1260.6,m3,true
2022-01-01,ABBT4940020,PROD,WATER,1106.6,m3,true
2022-01-01,ABBT4940020,PROD,WATER,1196.9,m3,true
2022-01-01,ABBT4940020,PROD,WATER,2332.5,m3,true
2022-01-01,ABBT4940020,PROD,WATER,864.9,m3,true
2022-01-01,ABBT4940020,PROD,WATER,680.2,m3,true
2022-01-01,ABBT4940020,PROD,WATER,1571.3,m3,true
2022-01-01,ABBT4940020,PROD,WATER,1009.8,m3,true
2022-01-01,ABBT4940020,PROD,WATER,531.3,m3,true
2022-01-01,ABBT4940020,PROD,WATER,1875.9,m3,true
2022-01-01,ABBT4940020,PROD,WATER,2608,m3,true
2022-01-01,ABBT4940020,PROD,WATER,10633.1,m3,true
2022-01-01,ABBT9880004,,,,,true
2022-01-01,ABBT9880004,,,,,true
2022-01-01,ABBT9880004,,,,,true
2022-01-01,ABBT9880004,SHUTIN,,,,true
2022-01-01,ABBT9880004,SHUTIN,,,,true
2022-01-01,ABBT9880004,SHUTIN,,,,true
2022-01-01,ABBT9880004,SHUTIN,,,,true
2022-01-01,ABBT9880004,DIFF,GAS,0,e3m3,true
2022-01-01,ABBT9880004,FLARE,GAS,59.8,e3m3,true
2022-01-01,ABBT9880004,FUEL,GAS,10.1,e3m3,true
2022-01-01,ABBT9880004,PROD,GAS,9.1,e3m3,true
2022-01-01,ABBT9880004,PROD,GAS,14,e3m3,true
2022-01-01,ABBT9880004,PROD,GAS,1.9,e3m3,true
2022-01-01,ABBT9880004,PURREC,GAS,40.9,e3m3,true
2022-01-01,ABBT9880004,REC,GAS,4,e3m3,true
2022-01-01,ABBT9880004,DISP,OIL,429.3,m3,true
2022-01-01,ABBT9880004,IMBAL,OIL,0,m3,true
2022-01-01,ABBT9880004,INVCL,OIL,57.2,m3,true
2022-01-01,ABBT9880004,INVOP,OIL,307.8,m3,true
2022-01-01,ABBT9880004,PROD,OIL,69.4,m3,true
2022-01-01,ABBT9880004,PROD,OIL,106.3,m3,true
2022-01-01,ABBT9880004,PROD,OIL,3,m3,true
2022-01-01,ABBT9880004,ROYALTY,OIL,4.4,m3,true
2022-01-01,ABBT9880004,ROYALTY,OIL,27.9,m3,true
2022-01-01,ABBT9880004,DIFF,WATER,0,m3,true
2022-01-01,ABBT9880004,DISP,WATER,1.3,m3,true
2022-01-01,ABBT9880004,DISP,WATER,800.6,m3,true
2022-01-01,ABBT9880004,INVCL,WATER,86.8,m3,true
2022-01-01,ABBT9880004,INVOP,WATER,86.8,m3,true
2022-01-01,ABBT9880004,PROD,WATER,465.3,m3,true
2022-01-01,ABBT9880004,PROD,WATER,324.6,m3,true
2022-01-01,ABBT9880004,PROD,WATER,12,m3,true
2022-01-01,ABGS0002227,DIFF,GAS,-9,e3m3,true
2022-01-01,ABGS0002227,DISP,GAS,1571.7,e3m3,true
2022-01-01,ABGS0002227,REC,GAS,567.3,e3m3,true
2022-01-01,ABGS0002227,REC,GAS,995.4,e3m3,true
2022-01-01,ABGS0002227,DIFF,WATER,0.2,m3,true
2022-01-01,ABGS0002227,DISP,WATER,5.5,m3,true
2022-01-01,ABGS0002227,REC,WATER,5.7,m3,true
2022-01-01,ABGS0135864,DIFF,GAS,0,e3m3,true
2022-01-01,ABGS0135864,DISP,GAS,995.4,e3m3,true
2022-01-01,ABGS0135864,REC,GAS,79.6,e3m3,true
2022-01-01,ABGS0135864,REC,GAS,869.6,e3m3,true
2022-01-01,ABGS0135864,REC,GAS,46.2,e3m3,true
2022-01-01,ABIF0007002,SHUTIN,,,,true
2022-01-01,ABIF0007002,SHUTIN,,,,true
2022-01-01,ABIF0007002,SHUTIN,,,,true
2022-01-01,ABIF0007002,SHUTIN,,,,true
2022-01-01,ABIF0007002,SHUTIN,,,,true
2022-01-01,ABIF0007002,SHUTIN,,,,true
2022-01-01,ABIF0007002,DIFF,WATER,0,m3,true
2022-01-01,ABIF0007002,INJ,WATER,15950,m3,true
2022-01-01,ABIF0007002,REC,WATER,15950,m3,true
2022-01-01,ABIF0007004,DIFF,WATER,0,m3,true
2022-01-01,ABIF0007004,INJ,WATER,4256,m3,true
2022-01-01,ABIF0007004,INJ,WATER,4912,m3,true
2022-01-01,ABIF0007004,INJ,WATER,8079,m3,true
2022-01-01,ABIF0007004,INJ,WATER,18518,m3,true
2022-01-01,ABIF0007004,INJ,WATER,10916,m3,true
2022-01-01,ABIF0007004,INJ,WATER,1031,m3,true
2022-01-01,ABIF0007004,INJ,WATER,8609,m3,true
2022-01-01,ABIF0007004,INJ,WATER,3635,m3,true
2022-01-01,ABIF0007004,INJ,WATER,10028,m3,true
2022-01-01,ABIF0007004,REC,WATER,69984,m3,true
2022-01-01,ABIF0007006,DIFF,WATER,0,m3,true
2022-01-01,ABIF0007006,INJ,WATER,4617.3,m3,true
2022-01-01,ABIF0007006,INVCL,WATER,0.2,m3,true
2022-01-01,ABIF0007006,INVOP,WATER,0.2,m3,true
2022-01-01,ABIF0007006,REC,WATER,4617.3,m3,true
2022-01-01,ABIF0007052,DIFF,WATER,0,m3,true
2022-01-01,ABIF0007052,INJ,WATER,5006,m3,true
2022-01-01,ABIF0007052,REC,WATER,5006,m3,true
2022-01-01,ABIF0007274,SHUTIN,,,,true
2022-01-01,ABIF0007274,DIFF,WATER,1328,m3,true
2022-01-01,ABIF0007274,INJ,WATER,27309,m3,true
2022-01-01,ABIF0007274,REC,WATER,28637,m3,true
2022-01-01,ABIF0008261,DIFF,WATER,0,m3,true
2022-01-01,ABIF0008261,INJ,WATER,2425.7,m3,true
2022-01-01,ABIF0008261,REC,WATER,2425.7,m3,true
2022-01-01,ABIF0008386,DIFF,WATER,0,m3,true
2022-01-01,ABIF0008386,INJ,WATER,2418.4,m3,true
2022-01-01,ABIF0008386,REC,WATER,2418.4,m3,true
2022-01-01,ABIF0008917,DIFF,WATER,0,m3,true
2022-01-01,ABIF0008917,INJ,WATER,741.7,m3,true
2022-01-01,ABIF0008917,INVCL,WATER,0.1,m3,true
2022-01-01,ABIF0008917,INVOP,WATER,0.1,m3,true
2022-01-01,ABIF0008917,REC,WATER,741.7,m3,true
2022-01-01,ABIF0008992,SHUTIN,,,,true
2022-01-01,ABIF0009829,SHUTIN,,,,true
2022-01-01,ABIF0009829,DIFF,WATER,0,m3,true
2022-01-01,ABIF0009829,INJ,WATER,800.6,m3,true
2022-01-01,ABIF0009829,REC,WATER,800.6,m3,true
2022-01-01,ABIF0009839,DIFF,WATER,0,m3,true
2022-01-01,ABIF0009839,INJ,WATER,3149,m3,true
2022-01-01,ABIF0009839,REC,WATER,3149,m3,true
2022-01-01,ABIF0140734,DIFF,WATER,0,m3,true
2022-01-01,ABIF0140734,INJ,WATER,5154,m3,true
2022-01-01,ABIF0140734,REC,WATER,5154,m3,true
2022-01-01,ABIF0156447,INJ,CO2,5076.1,,true
2022-01-01,ABIF0156447,INJ,CO2,14001.7,,true
2022-01-01,ABIF0156447,INJ,CO2,8777.3,,true
2022-01-01,ABIF0156447,INJ,CO2,11117.3,,true
2022-01-01,ABIF0156447,INJ,CO2,11481.5,,true
2022-01-01,ABIF0156447,INJ,CO2,8421.8,,true
2022-01-01,ABIF0156447,INJ,CO2,12791.1,,true
2022-01-01,ABIF0156447,INJ,CO2,9747.1,,true
2022-01-01,ABIF0156447,REC,CO2,33355.1,,true
2022-01-01,ABIF0156447,REC,CO2,48058.8,,true
2022-01-01,ABIF0156447,DIFF,GAS,0,e3m3,true
2022-01-01,ABIF0156447,INJ,GAS,288.7,e3m3,true
2022-01-01,ABIF0156447,INJ,GAS,762.4,e3m3,true
2022-01-01,ABIF0156447,INJ,GAS,466.6,e3m3,true
2022-01-01,ABIF0156447,INJ,GAS,615.8,e3m3,true
2022-01-01,ABIF0156447,INJ,GAS,628.5,e3m3,true
2022-01-01,ABIF0156447,INJ,GAS,461.6,e3m3,true
2022-01-01,ABIF0156447,INJ,GAS,677.2,e3m3,true
2022-01-01,ABIF0156447,INJ,GAS,539.9,e3m3,true
2022-01-01,ABIF0156447,REC,GAS,4170.7,e3m3,true
2022-01-01,ABIF0156447,REC,GAS,270,e3m3,true
2022-01-01,ABIF0156447,DIFF,WATER,0,m3,true
2022-01-01,ABIF0156447,INJ,WATER,11543.7,m3,true
2022-01-01,ABIF0156447,REC,WATER,11543.7,m3,true
2022-04-01,ABBT0041124,SHUTIN,,,,true
2022-04-01,ABBT0048421,DIFF,GAS,0,e3m3,true
2022-04-01,ABBT0048421,DISP,GAS,61.6,e3m3,true
2022-04-01,ABBT0048421,FUEL,GAS,0.3,e3m3,true
2022-04-01,ABBT0048421,PROD,GAS,62.7,e3m3,true
2022-04-01,ABBT0048421,VENT,GAS,0.8,e3m3,true
2022-04-01,ABBT0059275,SHUTIN,,,,true
2022-04-01,ABBT0059275,IMBAL,OIL,0,m3,true
2022-04-01,ABBT0059275,INVCL,OIL,7.9,m3,true
2022-04-01,ABBT0059275,INVOP,OIL,7.9,m3,true
2022-04-01,ABBT0083457,IMBAL,OIL,0,m3,true
2022-04-01,ABBT0083457,INVCL,OIL,12,m3,true
2022-04-01,ABBT0083457,INVOP,OIL,12,m3,true
2022-04-01,ABBT0083457,DIFF,WATER,0,m3,true
2022-04-01,ABBT0083457,INVCL,WATER,10.4,m3,true
2022-04-01,ABBT0083457,INVOP,WATER,10.4,m3,true
2022-04-01,ABBT0091980,SHUTIN,,,,true
2022-04-01,ABBT0091980,IMBAL,OIL,0,m3,true
2022-04-01,ABBT0091980,INVCL,OIL,24.6,m3,true
2022-04-01,ABBT0091980,INVOP,OIL,24.6,m3,true
2022-04-01,ABBT0101896,SHUTIN,,,,true
2022-04-01,ABBT0101896,PROD,COND,5,m3,true
2022-04-01,ABBT0101896,DIFF,GAS,0,e3m3,true
2022-04-01,ABBT0101896,DISP,GAS,789.2,e3m3,true
2022-04-01,ABBT0101896,FLARE,GAS,4.2,e3m3,true
2022-04-01,ABBT0101896,FUEL,GAS,20.9,e3m3,true
2022-04-01,ABBT0101896,PROD,GAS,28.7,e3m3,true
2022-04-01,ABBT0101896,PROD,GAS,20.9,e3m3,true
2022-04-01,ABBT0101896,PROD,GAS,111.7,e3m3,true
2022-04-01,ABBT0101896,PROD,GAS,58.2,e3m3,true
2022-04-01,ABBT0101896,PROD,GAS,39.7,e3m3,true
2022-04-01,ABBT0101896,PROD,GAS,175.5,e3m3,true
2022-04-01,ABBT0101896,PROD,GAS,85,e3m3,true
2022-04-01,ABBT0101896,PROD,GAS,112.3,e3m3,true
2022-04-01,ABBT0101896,PROD,GAS,157.2,e3m3,true
2022-04-01,ABBT0101896,REC,GAS,33.7,e3m3,true
2022-04-01,ABBT0101896,VENT,GAS,8.6,e3m3,true
2022-04-01,ABBT0101896,DISP,OIL,5,m3,true
2022-04-01,ABBT0101896,IMBAL,OIL,0,m3,true
2022-04-01,ABBT0120813,DIFF,GAS,0,e3m3,true
2022-04-01,ABBT0120813,DISP,GAS,42.4,e3m3,true
2022-04-01,ABBT0120813,FUEL,GAS,2.4,e3m3,true
2022-04-01,ABBT0120813,PROD,GAS,46.3,e3m3,true
2022-04-01,ABBT0120813,VENT,GAS,1.5,e3m3,true
2022-04-01,ABBT0120813,IMBAL,OIL,0,m3,true
2022-04-01,ABBT0120813,INVCL,OIL,27.7,m3,true
2022-04-01,ABBT0120813,INVOP,OIL,22.9,m3,true
2022-04-01,ABBT0120813,PROD,OIL,4.8,m3,true
2022-04-01,ABBT0120813,DIFF,WATER,0,m3,true
2022-04-01,ABBT0120813,INVCL,WATER,1.1,m3,true
2022-04-01,ABBT0120813,INVOP,WATER,1.1,m3,true
2022-04-01,ABBT0137951,SHUTIN,,,,true
2022-04-01,ABBT0137951,SHUTIN,,,,true
2022-04-01,ABBT0137951,SHUTIN,,,,true
2022-04-01,ABBT0137951,SHUTIN,,,,true
2022-04-01,ABBT0137951,DIFF,WATER,0,m3,true
2022-04-01,ABBT0137951,INVCL,WATER,3,m3,true
2022-04-01,ABBT0137951,INVOP,WATER,3,m3,true
2022-04-01,ABBT0141479,SHUTIN,,,,true
2022-04-01,ABBT2240034,,,,,true
2022-04-01,ABBT2240034,,,,,true
2022-04-01,ABBT2240034,,,,,true
2022-04-01,ABBT2240034,SHUTIN,,,,true
2022-04-01,ABBT2240034,SHUTIN,,,,true
2022-04-01,ABBT2240034,SHUTIN,,,,true
2022-04-01,ABBT2240034,SHUTIN,,,,true
2022-04-01,ABBT2240034,SHUTIN,,,,true
2022-04-01,ABBT2240034,SHUTIN,,,,true
2022-04-01,ABBT2240034,SHUTIN,,,,true
2022-04-01,ABBT2240034,SHUTIN,,,,true
2022-04-01,ABBT2240034,SHUTIN,,,,true
2022-04-01,ABBT2240034,SHUTIN,,,,true
2022-04-01,ABBT2240034,SHUTIN,,,,true
2022-04-01,ABBT2240034,SHUTIN,,,,true
2022-04-01,ABBT2240034,DISP,CO2,31521.9,,true
2022-04-01,ABBT2240034,DIFF,GAS,0,e3m3,true
2022-04-01,ABBT2240034,DISP,GAS,3923.9,e3m3,true
2022-04-01,ABBT2240034,FLARE,GAS,31.9,e3m3,true
2022-04-01,ABBT2240034,FUEL,GAS,113,e3m3,true
2022-04-01,ABBT2240034,PROD,GAS,10677.4,e3m3,true
2022-04-01,ABBT2240034,PROD,GAS,7.5,e3m3,true
2022-04-01,ABBT2240034,PROD,GAS,33.8,e3m3,true
2022-04-01,ABBT2240034,PROD,GAS,4.6,e3m3,true
2022-04-01,ABBT2240034,PROD,GAS,12621.3,e3m3,true
2022-04-01,ABBT2240034,PROD,GAS,6819.2,e3m3,true
2022-04-01,ABBT2240034,PROD,GAS,1470.1,e3m3,true
2022-04-01,ABBT2240034,PROD,GAS,3159.3,e3m3,true
2022-04-01,ABBT2240034,PROD,GAS,552,e3m3,true
2022-04-01,ABBT2240034,PROD,GAS,14.8,e3m3,true
2022-04-01,ABBT2240034,PURREC,GAS,230.9,e3m3,true
2022-04-01,ABBT2240034,VENT,GAS,0.2,e3m3,true
2022-04-01,ABBT2240034,DISP,OIL,3542.8,m3,true
2022-04-01,ABBT2240034,IMBAL,OIL,0,m3,true
2022-04-01,ABBT2240034,PROD,OIL,995.2,m3,true
2022-04-01,ABBT2240034,PROD,OIL,1.5,m3,true
2022-04-01,ABBT2240034,PROD,OIL,32.7,m3,true
2022-04-01,ABBT2240034,PROD,OIL,10,m3,true
2022-04-01,ABBT2240034,PROD,OIL,1168.3,m3,true
2022-04-01,ABBT2240034,PROD,OIL,636.7,m3,true
2022-04-01,ABBT2240034,PROD,OIL,260.7,m3,true
2022-04-01,ABBT2240034,PROD,OIL,272.5,m3,true
2022-04-01,ABBT2240034,PROD,OIL,53.1,m3,true
2022-04-01,ABBT2240034,PROD,OIL,112.1,m3,true
2022-04-01,ABBT2240034,ROYALTY,OIL,23.3,m3,true
2022-04-01,ABBT2240034,ROYALTY,OIL,0.2,m3,true
2022-04-01,ABBT2240034,ROYALTY,OIL,27.4,m3,true
2022-04-01,ABBT2240034,ROYALTY,OIL,14.9,m3,true
2022-04-01,ABBT2240034,ROYALTY,OIL,6,m3,true
2022-04-01,ABBT2240034,ROYALTY,OIL,6.4,m3,true
2022-04-01,ABBT2240034,ROYALTY,OIL,3.8,m3,true
2022-04-01,ABBT2240034,ROYALTY,OIL,18,m3,true
2022-04-01,ABBT2240034,DIFF,WATER,0,m3,true
2022-04-01,ABBT2240034,DISP,WATER,5.3,m3,true
2022-04-01,ABBT2240034,DISP,WATER,221.6,m3,true
2022-04-01,ABBT2240034,DISP,WATER,16206.4,m3,true
2022-04-01,ABBT2240034,PROD,WATER,3647.2,m3,true
2022-04-01,ABBT2240034,PROD,WATER,470.8,m3,true
2022-04-01,ABBT2240034,PROD,WATER,2040.1,m3,true
2022-04-01,ABBT2240034,PROD,WATER,309.3,m3,true
2022-04-01,ABBT2240034,PROD,WATER,5604.6,m3,true
2022-04-01,ABBT2240034,PROD,WATER,2302.4,m3,true
2022-04-01,ABBT2240034,PROD,WATER,9.2,m3,true
2022-04-01,ABBT2240034,PROD,WATER,939.2,m3,true
2022-04-01,ABBT2240034,PROD,WATER,738.6,m3,true
2022-04-01,ABBT2240034,PROD,WATER,371.9,m3,true
2022-04-01,ABBT3620003,,,,,true
2022-04-01,ABBT3620003,,,,,true
2022-04-01,ABBT3620003,,,,,true
2022-04-01,ABBT3620003,DIFF,GAS,0,e3m3,true
2022-04-01,ABBT3620003,FLARE,GAS,15.1,e3m3,true
2022-04-01,ABBT3620003,FUEL,GAS,10.1,e3m3,true
2022-04-01,ABBT3620003,PROD,GAS,8.5,e3m3,true
2022-04-01,ABBT3620003,PROD,GAS,0.1,e3m3,true
2022-04-01,ABBT3620003,PROD,GAS,6.1,e3m3,true
2022-04-01,ABBT3620003,PROD,GAS,4.8,e3m3,true
2022-04-01,ABBT3620003,PROD,GAS,6.1,e3m3,true
2022-04-01,ABBT3620003,VENT,GAS,0.4,e3m3,true
2022-04-01,ABBT3620003,DISP,OIL,113.6,m3,true
2022-04-01,ABBT3620003,IMBAL,OIL,0,m3,true
2022-04-01,ABBT3620003,INVCL,OIL,19.3,m3,true
2022-04-01,ABBT3620003,INVOP,OIL,14.1,m3,true
2022-04-01,ABBT3620003,PROD,OIL,49.4,m3,true
2022-04-01,ABBT3620003,PROD,OIL,0.2,m3,true
2022-04-01,ABBT3620003,PROD,OIL,21.2,m3,true
2022-04-01,ABBT3620003,PROD,OIL,10.6,m3,true
2022-04-01,ABBT3620003,PROD,OIL,37.4,m3,true
2022-04-01,ABBT3620003,ROYALTY,OIL,6.7,m3,true
2022-04-01,ABBT3620003,ROYALTY,OIL,0.4,m3,true
2022-04-01,ABBT3620003,DIFF,WATER,0,m3,true
2022-04-01,ABBT3620003,DISP,WATER,0.1,m3,true
2022-04-01,ABBT3620003,DISP,WATER,2239.4,m3,true
2022-04-01,ABBT3620003,INVCL,WATER,46.9,m3,true
2022-04-01,ABBT3620003,INVOP,WATER,46.9,m3,true
2022-04-01,ABBT3620003,PROD,WATER,624.9,m3,true
2022-04-01,ABBT3620003,PROD,WATER,8.1,m3,true
2022-04-01,ABBT3620003,PROD,WATER,246.7,m3,true
2022-04-01,ABBT3620003,PROD,WATER,1191.9,m3,true
2022-04-01,ABBT3620003,PROD,WATER,167.9,m3,true
2022-04-01,ABBT3710049,,,,,true
2022-04-01,ABBT3710049,,,,,true
2022-04-01,ABBT3710049,,,,,true
2022-04-01,ABBT3710049,SHUTIN,,,,true
2022-04-01,ABBT3710049,SHUTIN,,,,true
2022-04-01,ABBT3710049,SHUTIN,,,,true
2022-04-01,ABBT3710049,SHUTIN,,,,true
2022-04-01,ABBT3710049,DIFF,GAS,0,e3m3,true
2022-04-01,ABBT3710049,FLARE,GAS,281.4,e3m3,true
2022-04-01,ABBT3710049,FUEL,GAS,107.6,e3m3,true
2022-04-01,ABBT3710049,PROD,GAS,1,e3m3,true
2022-04-01,ABBT3710049,PROD,GAS,6.5,e3m3,true
2022-04-01,ABBT3710049,PROD,GAS,0.9,e3m3,true
2022-04-01,ABBT3710049,PROD,GAS,13.4,e3m3,true
2022-04-01,ABBT3710049,PROD,GAS,7.6,e3m3,true
2022-04-01,ABBT3710049,PROD,GAS,0.9,e3m3,true
2022-04-01,ABBT3710049,PROD,GAS,14.4,e3m3,true
2022-04-01,ABBT3710049,PROD,GAS,12.1,e3m3,true
2022-04-01,ABBT3710049,PROD,GAS,4.7,e3m3,true
2022-04-01,ABBT3710049,PROD,GAS,0.9,e3m3,true
2022-04-01,ABBT3710049,PROD,GAS,1.3,e3m3,true
2022-04-01,ABBT3710049,PROD,GAS,9.9,e3m3,true
2022-04-01,ABBT3710049,PROD,GAS,15,e3m3,true
2022-04-01,ABBT3710049,PROD,GAS,15.5,e3m3,true
2022-04-01,ABBT3710049,PROD,GAS,1,e3m3,true
2022-04-01,ABBT3710049,PROD,GAS,14.7,e3m3,true
2022-04-01,ABBT3710049,PROD,GAS,4.2,e3m3,true
2022-04-01,ABBT3710049,PROD,GAS,31,e3m3,true
2022-04-01,ABBT3710049,PROD,GAS,3,e3m3,true
2022-04-01,ABBT3710049,PROD,GAS,9.9,e3m3,true
2022-04-01,ABBT3710049,PROD,GAS,2.4,e3m3,true
2022-04-01,ABBT3710049,PROD,GAS,2.2,e3m3,true
2022-04-01,ABBT3710049,PROD,GAS,2.9,e3m3,true
2022-04-01,ABBT3710049,PROD,GAS,7.9,e3m3,true
2022-04-01,ABBT3710049,PROD,GAS,7.9,e3m3,true
2022-04-01,ABBT3710049,PROD,GAS,12.1,e3m3,true
2022-04-01,ABBT3710049,PROD,GAS,3.2,e3m3,true
2022-04-01,ABBT3710049,PROD,GAS,12.8,e3m3,true
2022-04-01,ABBT3710049,PROD,GAS,15.5,e3m3,true
2022-04-01,ABBT3710049,PROD,GAS,5.3,e3m3,true
2022-04-01,ABBT3710049,PROD,GAS,5.5,e3m3,true
2022-04-01,ABBT3710049,PROD,GAS,0.4,e3m3,true
2022-04-01,ABBT3710049,PROD,GAS,8.2,e3m3,true
2022-04-01,ABBT3710049,PROD,GAS,27,e3m3,true
2022-04-01,ABBT3710049,PROD,GAS,0.1,e3m3,true
2022-04-01,ABBT3710049,PROD,GAS,0.1,e3m3,true
2022-04-01,ABBT3710049,PURREC,GAS,45.4,e3m3,true
2022-04-01,ABBT3710049,PURREC,GAS,62.2,e3m3,true
2022-04-01,ABBT3710049,DISP,OIL,1693,m3,true
2022-04-01,ABBT3710049,IMBAL,OIL,0,m3,true
2022-04-01,ABBT3710049,INVCL,OIL,94.5,m3,true
2022-04-01,ABBT3710049,INVOP,OIL,143.8,m3,true
2022-04-01,ABBT3710049,PROD,OIL,68.7,m3,true
2022-04-01,ABBT3710049,PROD,OIL,28.4,m3,true
2022-04-01,ABBT3710049,PROD,OIL,46.1,m3,true
2022-04-01,ABBT3710049,PROD,OIL,171.5,m3,true
2022-04-01,ABBT3710049,PROD,OIL,72.5,m3,true
2022-04-01,ABBT3710049,PROD,OIL,22.5,m3,true
2022-04-01,ABBT3710049,PROD,OIL,58,m3,true
2022-04-01,ABBT3710049,PROD,OIL,30.4,m3,true
2022-04-01,ABBT3710049,PROD,OIL,22.7,m3,true
2022-04-01,ABBT3710049,PROD,OIL,0.6,m3,true
2022-04-01,ABBT3710049,PROD,OIL,17,m3,true
2022-04-01,ABBT3710049,PROD,OIL,28.1,m3,true
2022-04-01,ABBT3710049,PROD,OIL,42.1,m3,true
2022-04-01,ABBT3710049,PROD,OIL,142.1,m3,true
2022-04-01,ABBT3710049,PROD,OIL,23.8,m3,true
2022-04-01,ABBT3710049,PROD,OIL,70.2,m3,true
2022-04-01,ABBT3710049,PROD,OIL,21.3,m3,true
2022-04-01,ABBT3710049,PROD,OIL,53.8,m3,true
2022-04-01,ABBT3710049,PROD,OIL,23.5,m3,true
2022-04-01,ABBT3710049,PROD,OIL,60.3,m3,true
2022-04-01,ABBT3710049,PROD,OIL,21.2,m3,true
2022-04-01,ABBT3710049,PROD,OIL,44.2,m3,true
2022-04-01,ABBT3710049,PROD,OIL,0.3,m3,true
2022-04-01,ABBT3710049,PROD,OIL,63.1,m3,true
2022-04-01,ABBT3710049,PROD,OIL,63.1,m3,true
2022-04-01,ABBT3710049,PROD,OIL,19.7,m3,true
2022-04-01,ABBT3710049,PROD,OIL,10.2,m3,true
2022-04-01,ABBT3710049,PROD,OIL,40.9,m3,true
2022-04-01,ABBT3710049,PROD,OIL,91.6,m3,true
2022-04-01,ABBT3710049,PROD,OIL,68.6,m3,true
2022-04-01,ABBT3710049,PROD,OIL,27.5,m3,true
2022-04-01,ABBT3710049,PROD,OIL,44.7,m3,true
2022-04-01,ABBT3710049,PROD,OIL,63.5,m3,true
2022-04-01,ABBT3710049,PROD,OIL,41.1,m3,true
2022-04-01,ABBT3710049,PROD,OIL,24.2,m3,true
2022-04-01,ABBT3710049,PROD,OIL,16.2,m3,true
2022-04-01,ABBT3710049,ROYALTY,OIL,2.3,m3,true
2022-04-01,ABBT3710049,ROYALTY,OIL,14.2,m3,true
2022-04-01,ABBT3710049,ROYALTY,OIL,9.2,m3,true
2022-04-01,ABBT3710049,ROYALTY,OIL,2.6,m3,true
2022-04-01,ABBT3710049,ROYALTY,OIL,1,m3,true
2022-04-01,ABBT3710049,ROYALTY,OIL,0.6,m3,true
2022-04-01,ABBT3710049,ROYALTY,OIL,45.4,m3,true
2022-04-01,ABBT3710049,ROYALTY,OIL,1.4,m3,true
2022-04-01,ABBT3710049,ROYALTY,OIL,13.3,m3,true
2022-04-01,ABBT3710049,ROYALTY,OIL,7.9,m3,true
2022-04-01,ABBT3710049,ROYALTY,OIL,9.9,m3,true
2022-04-01,ABBT3710049,ROYALTY,OIL,0.9,m3,true
2022-04-01,ABBT3710049,ROYALTY,OIL,5.4,m3,true
2022-04-01,ABBT3710049,ROYALTY,OIL,0.3,m3,true
2022-04-01,ABBT3710049,ROYALTY,OIL,4.6,m3,true
2022-04-01,ABBT3710049,ROYALTY,OIL,2.4,m3,true
2022-04-01,ABBT3710049,ROYALTY,OIL,7.1,m3,true
2022-04-01,ABBT3710049,DIFF,WATER,0,m3,true
2022-04-01,ABBT3710049,DISP,WATER,1.7,m3,true
2022-04-01,ABBT3710049,DISP,WATER,70153,m3,true
2022-04-01,ABBT3710049,DISP,WATER,3490,m3,true
2022-04-01,ABBT3710049,DISP,WATER,5117,m3,true
2022-04-01,ABBT3710049,PROD,WATER,122.5,m3,true
2022-04-01,ABBT3710049,PROD,WATER,1743.9,m3,true
2022-04-01,ABBT3710049,PROD,WATER,1202.2,m3,true
2022-04-01,ABBT3710049,PROD,WATER,886.6,m3,true
2022-04-01,ABBT3710049,PROD,WATER,1616.4,m3,true
2022-04-01,ABBT3710049,PROD,WATER,572.3,m3,true
2022-04-01,ABBT3710049,PROD,WATER,1989.8,m3,true
2022-04-01,ABBT3710049,PROD,WATER,613.1,m3,true
2022-04-01,ABBT3710049,PROD,WATER,1572.7,m3,true
2022-04-01,ABBT3710049,PROD,WATER,640.6,m3,true
2022-04-01,ABBT3710049,PROD,WATER,1774.6,m3,true
2022-04-01,ABBT3710049,PROD,WATER,2943.1,m3,true
2022-04-01,ABBT3710049,PROD,WATER,4414.7,m3,true
2022-04-01,ABBT3710049,PROD,WATER,2165.2,m3,true
2022-04-01,ABBT3710049,PROD,WATER,631.2,m3,true
2022-04-01,ABBT3710049,PROD,WATER,1783,m3,true
2022-04-01,ABBT3710049,PROD,WATER,1481,m3,true
2022-04-01,ABBT3710049,PROD,WATER,8061.4,m3,true
2022-04-01,ABBT3710049,PROD,WATER,645.9,m3,true
2022-04-01,ABBT3710049,PROD,WATER,537.4,m3,true
2022-04-01,ABBT3710049,PROD,WATER,1097.3,m3,true
2022-04-01,ABBT3710049,PROD,WATER,1826.4,m3,true
2022-04-01,ABBT3710049,PROD,WATER,1636.5,m3,true
2022-04-01,ABBT3710049,PROD,WATER,1271.4,m3,true
2022-04-01,ABBT3710049,PROD,WATER,1271.4,m3,true
2022-04-01,ABBT3710049,PROD,WATER,10405.6,m3,true
2022-04-01,ABBT3710049,PROD,WATER,422.3,m3,true
2022-04-01,ABBT3710049,PROD,WATER,1689.3,m3,true
2022-04-01,ABBT3710049,PROD,WATER,784.8,m3,true
2022-04-01,ABBT3710049,PROD,WATER,4769.7,m3,true
2022-04-01,ABBT3710049,PROD,WATER,2875.8,m3,true
2022-04-01,ABBT3710049,PROD,WATER,1305.1,m3,true
2022-04-01,ABBT3710049,PROD,WATER,2322.7,m3,true
2022-04-01,ABBT3710049,PROD,WATER,10873.1,m3,true
2022-04-01,ABBT3710049,PROD,WATER,487.7,m3,true
2022-04-01,ABBT3710049,PROD,WATER,325,m3,true
2022-04-01,ABBT4180001,,,,,true
2022-04-01,ABBT4180001,,,,,true
2022-04-01,ABBT4180001,,,,,true
2022-04-01,ABBT4180001,DIFF,GAS,0,e3m3,true
2022-04-01,ABBT4180001,DISP,GAS,25.7,e3m3,true
2022-04-01,ABBT4180001,FLARE,GAS,4.7,e3m3,true
2022-04-01,ABBT4180001,FUEL,GAS,5.9,e3m3,true
2022-04-01,ABBT4180001,PROD,GAS,26.6,e3m3,true
2022-04-01,ABBT4180001,PROD,GAS,11.2,e3m3,true
2022-04-01,ABBT4180001,VENT,GAS,1.5,e3m3,true
2022-04-01,ABBT4180001,DISP,OIL,426.3,m3,true
2022-04-01,ABBT4180001,IMBAL,OIL,0,m3,true
2022-04-01,ABBT4180001,INVCL,OIL,39.6,m3,true
2022-04-01,ABBT4180001,INVOP,OIL,49.1,m3,true
2022-04-01,ABBT4180001,PROD,OIL,289.9,m3,true
2022-04-01,ABBT4180001,PROD,OIL,126.9,m3,true
2022-04-01,ABBT4180001,ROYALTY,OIL,116,m3,true
2022-04-01,ABBT4180001,ROYALTY,OIL,39.9,m3,true
2022-04-01,ABBT4180001,DIFF,WATER,0,m3,true
2022-04-01,ABBT4180001,DISP,WATER,2.5,m3,true
2022-04-01,ABBT4180001,DISP,WATER,4514.1,m3,true
2022-04-01,ABBT4180001,PROD,WATER,3144.8,m3,true
2022-04-01,ABBT4180001,PROD,WATER,1371.8,m3,true
2022-04-01,ABBT4550001,,,,,true
2022-04-01,ABBT4550001,,,,,true
2022-04-01,ABBT4550001,,,,,true
2022-04-01,ABBT4550001,SHUTIN,,,,true
2022-04-01,ABBT4550001,SHUTIN,,,,true
2022-04-01,ABBT4550001,SHUTIN,,,,true
2022-04-01,ABBT4550001,SHUTIN,,,,true
2022-04-01,ABBT4550001,SHUTIN,,,,true
2022-04-01,ABBT4550001,SHUTIN,,,,true
2022-04-01,ABBT4550001,SHUTIN,,,,true
2022-04-01,ABBT4550001,SHUTIN,,,,true
2022-04-01,ABBT4550001,DIFF,GAS,0,e3m3,true
2022-04-01,ABBT4550001,FLARE,GAS,264.9,e3m3,true
2022-04-01,ABBT4550001,FUEL,GAS,9.4,e3m3,true
2022-04-01,ABBT4550001,PROD,GAS,6.4,e3m3,true
2022-04-01,ABBT4550001,PROD,GAS,6.1,e3m3,true
2022-04-01,ABBT4550001,PROD,GAS,2,e3m3,true
2022-04-01,ABBT4550001,PROD,GAS,30.5,e3m3,true
2022-04-01,ABBT4550001,PROD,GAS,6.4,e3m3,true
2022-04-01,ABBT4550001,PROD,GAS,106.6,e3m3,true
2022-04-01,ABBT4550001,PROD,GAS,2,e3m3,true
2022-04-01,ABBT4550001,PROD,GAS,5.4,e3m3,true
2022-04-01,ABBT4550001,PROD,GAS,98.8,e3m3,true
2022-04-01,ABBT4550001,REC,GAS,10.1,e3m3,true
2022-04-01,ABBT4550001,DISP,OIL,578.3,m3,true
2022-04-01,ABBT4550001,IMBAL,OIL,0,m3,true
2022-04-01,ABBT4550001,INVCL,OIL,119.3,m3,true
2022-04-01,ABBT4550001,INVOP,OIL,129.4,m3,true
2022-04-01,ABBT4550001,PROD,OIL,54.2,m3,true
2022-04-01,ABBT4550001,PROD,OIL,75.3,m3,true
2022-04-01,ABBT4550001,PROD,OIL,14,m3,true
2022-04-01,ABBT4550001,PROD,OIL,84.6,m3,true
2022-04-01,ABBT4550001,PROD,OIL,12.8,m3,true
2022-04-01,ABBT4550001,PROD,OIL,283.2,m3,true
2022-04-01,ABBT4550001,PROD,OIL,23.4,m3,true
2022-04-01,ABBT4550001,PROD,OIL,20.7,m3,true
2022-04-01,ABBT4550001,ROYALTY,OIL,0.8,m3,true
2022-04-01,ABBT4550001,ROYALTY,OIL,19.2,m3,true
2022-04-01,ABBT4550001,ROYALTY,OIL,1.5,m3,true
2022-04-01,ABBT4550001,DIFF,WATER,0,m3,true
2022-04-01,ABBT4550001,DISP,WATER,2.2,m3,true
2022-04-01,ABBT4550001,DISP,WATER,4996,m3,true
2022-04-01,ABBT4550001,DISP,WATER,2288.7,m3,true
2022-04-01,ABBT4550001,DISP,WATER,1040.4,m3,true
2022-04-01,ABBT4550001,PROD,WATER,1189.9,m3,true
2022-04-01,ABBT4550001,PROD,WATER,575.8,m3,true
2022-04-01,ABBT4550001,PROD,WATER,519,m3,true
2022-04-01,ABBT4550001,PROD,WATER,2597.2,m3,true
2022-04-01,ABBT4550001,PROD,WATER,916.2,m3,true
2022-04-01,ABBT4550001,PROD,WATER,476.2,m3,true
2022-04-01,ABBT4550001,PROD,WATER,821.6,m3,true
2022-04-01,ABBT4550001,PROD,WATER,1231.4,m3,true
2022-04-01,ABBT4940020,,,,,true
2022-04-01,ABBT4940020,,,,,true
2022-04-01,ABBT4940020,,,,,true
2022-04-01,ABBT4940020,SHUTIN,,,,true
2022-04-01,ABBT4940020,SHUTIN,,,,true
2022-04-01,ABBT4940020,SHUTIN,,,,true
2022-04-01,ABBT4940020,SHUTIN,,,,true
2022-04-01,ABBT4940020,DIFF,GAS,0,e3m3,true
2022-04-01,ABBT4940020,DISP,GAS,33.7,e3m3,true
2022-04-01,ABBT4940020,DISP,GAS,538.7,e3m3,true
2022-04-01,ABBT4940020,FLARE,GAS,10.4,e3m3,true
2022-04-01,ABBT4940020,FUEL,GAS,120.4,e3m3,true
2022-04-01,ABBT4940020,PROD,GAS,19.1,e3m3,true
2022-04-01,ABBT4940020,PROD,GAS,22.6,e3m3,true
2022-04-01,ABBT4940020,PROD,GAS,32.9,e3m3,true
2022-04-01,ABBT4940020,PROD,GAS,25,e3m3,true
2022-04-01,ABBT4940020,PROD,GAS,24.7,e3m3,true
2022-04-01,ABBT4940020,PROD,GAS,44.6,e3m3,true
2022-04-01,ABBT4940020,PROD,GAS,41.1,e3m3,true
2022-04-01,ABBT4940020,PROD,GAS,10.7,e3m3,true
2022-04-01,ABBT4940020,PROD,GAS,14.8,e3m3,true
2022-04-01,ABBT4940020,PROD,GAS,12.3,e3m3,true
2022-04-01,ABBT4940020,PROD,GAS,36.2,e3m3,true
2022-04-01,ABBT4940020,PROD,GAS,24.4,e3m3,true
2022-04-01,ABBT4940020,PROD,GAS,32.5,e3m3,true
2022-04-01,ABBT4940020,PROD,GAS,197.7,e3m3,true
2022-04-01,ABBT4940020,REC,GAS,164.7,e3m3,true
2022-04-01,ABBT4940020,VENT,GAS,0.1,e3m3,true
2022-04-01,ABBT4940020,DISP,OIL,1268,m3,true
2022-04-01,ABBT4940020,IMBAL,OIL,0,m3,true
2022-04-01,ABBT4940020,INVCL,OIL,214.8,m3,true
2022-04-01,ABBT4940020,INVOP,OIL,192.1,m3,true
2022-04-01,ABBT4940020,PROD,OIL,60.8,m3,true
2022-04-01,ABBT4940020,PROD,OIL,57.4,m3,true
2022-04-01,ABBT4940020,PROD,OIL,86.1,m3,true
2022-04-01,ABBT4940020,PROD,OIL,60.5,m3,true
2022-04-01,ABBT4940020,PROD,OIL,55.8,m3,true
2022-04-01,ABBT4940020,PROD,OIL,127.9,m3,true
2022-04-01,ABBT4940020,PROD,OIL,115.9,m3,true
2022-04-01,ABBT4940020,PROD,OIL,6.9,m3,true
2022-04-01,ABBT4940020,PROD,OIL,31.5,m3,true
2022-04-01,ABBT4940020,PROD,OIL,21.8,m3,true
2022-04-01,ABBT4940020,PROD,OIL,104.6,m3,true
2022-04-01,ABBT4940020,PROD,OIL,93.3,m3,true
2022-04-01,ABBT4940020,PROD,OIL,86.3,m3,true
2022-04-01,ABBT4940020,PROD,OIL,376.9,m3,true
2022-04-01,ABBT4940020,REC,OIL,5,m3,true
2022-04-01,ABBT4940020,ROYALTY,OIL,4.1,m3,true
2022-04-01,ABBT4940020,ROYALTY,OIL,3.6,m3,true
2022-04-01,ABBT4940020,ROYALTY,OIL,7.9,m3,true
2022-04-01,ABBT4940020,ROYALTY,OIL,4,m3,true
2022-04-01,ABBT4940020,ROYALTY,OIL,3.4,m3,true
2022-04-01,ABBT4940020,ROYALTY,OIL,15.4,m3,true
2022-04-01,ABBT4940020,ROYALTY,OIL,13.4,m3,true
2022-04-01,ABBT4940020,ROYALTY,OIL,0.1,m3,true
2022-04-01,ABBT4940020,ROYALTY,OIL,1.2,m3,true
2022-04-01,ABBT4940020,ROYALTY,OIL,0.6,m3,true
2022-04-01,ABBT4940020,ROYALTY,OIL,11.5,m3,true
2022-04-01,ABBT4940020,ROYALTY,OIL,9.2,m3,true
2022-04-01,ABBT4940020,ROYALTY,OIL,7.9,m3,true
2022-04-01,ABBT4940020,ROYALTY,OIL,57.3,m3,true
2022-04-01,ABBT4940020,DIFF,WATER,0,m3,true
2022-04-01,ABBT4940020,DISP,WATER,3.7,m3,true
2022-04-01,ABBT4940020,DISP,WATER,3.7,m3,true
2022-04-01,ABBT4940020,DISP,WATER,29660,m3,true
2022-04-01,ABBT4940020,PROD,WATER,1268.1,m3,true
2022-04-01,ABBT4940020,PROD,WATER,1611.9,m3,true
2022-04-01,ABBT4940020,PROD,WATER,1289.9,m3,true
2022-04-01,ABBT4940020,PROD,WATER,1135.1,m3,true
2022-04-01,ABBT4940020,PROD,WATER,1233.7,m3,true
2022-04-01,ABBT4940020,PROD,WATER,2259.1,m3,true
2022-04-01,ABBT4940020,PROD,WATER,923.8,m3,true
2022-04-01,ABBT4940020,PROD,WATER,717.4,m3,true
2022-04-01,ABBT4940020,PROD,WATER,1623.7,m3,true
2022-04-01,ABBT4940020,PROD,WATER,1533.5,m3,true
2022-04-01,ABBT4940020,PROD,WATER,695,m3,true
2022-04-01,ABBT4940020,PROD,WATER,1877.2,m3,true
2022-04-01,ABBT4940020,PROD,WATER,2476.5,m3,true
2022-04-01,ABBT4940020,PROD,WATER,11022.5,m3,true
2022-04-01,ABBT9880004,,,,,true
2022-04-01,ABBT9880004,,,,,true
2022-04-01,ABBT9880004,,,,,true
2022-04-01,ABBT9880004,SHUTIN,,,,true
2022-04-01,ABBT9880004,SHUTIN,,,,true
2022-04-01,ABBT9880004,SHUTIN,,,,true
2022-04-01,ABBT9880004,SHUTIN,,,,true
2022-04-01,ABBT9880004,DIFF,GAS,0,e3m3,true
2022-04-01,ABBT9880004,FLARE,GAS,72.3,e3m3,true
2022-04-01,ABBT9880004,FUEL,GAS,14.5,e3m3,true
2022-04-01,ABBT9880004,PROD,GAS,14.8,e3m3,true
2022-04-01,ABBT9880004,PROD,GAS,7.7,e3m3,true
2022-04-01,ABBT9880004,PROD,GAS,20.9,e3m3,true
2022-04-01,ABBT9880004,PROD,GAS,0.4,e3m3,true
2022-04-01,ABBT9880004,PURREC,GAS,42.8,e3m3,true
2022-04-01,ABBT9880004,REC,GAS,0.2,e3m3,true
2022-04-01,ABBT9880004,DISP,OIL,143.7,m3,true
2022-04-01,ABBT9880004,IMBAL,OIL,0,m3,true
2022-04-01,ABBT9880004,INVCL,OIL,238.7,m3,true
2022-04-01,ABBT9880004,INVOP,OIL,136.6,m3,true
2022-04-01,ABBT9880004,PROD,OIL,85.3,m3,true
2022-04-01,ABBT9880004,PROD,OIL,50.1,m3,true
2022-04-01,ABBT9880004,PROD,OIL,109.9,m3,true
2022-04-01,ABBT9880004,PROD,OIL,0.5,m3,true
2022-04-01,ABBT9880004,ROYALTY,OIL,7.5,m3,true
2022-04-01,ABBT9880004,ROYALTY,OIL,6,m3,true
2022-04-01,ABBT9880004,ROYALTY,OIL,32.2,m3,true
2022-04-01,ABBT9880004,DIFF,WATER,0,m3,true
2022-04-01,ABBT9880004,DISP,WATER,0.6,m3,true
2022-04-01,ABBT9880004,DISP,WATER,898,m3,true
2022-04-01,ABBT9880004,PROD,WATER,552.5,m3,true
2022-04-01,ABBT9880004,PROD,WATER,31.9,m3,true
2022-04-01,ABBT9880004,PROD,WATER,312.3,m3,true
2022-04-01,ABBT9880004,PROD,WATER,1.9,m3,true
2022-04-01,ABGS0002227,DIFF,GAS,-26,e3m3,true
2022-04-01,ABGS0002227,DISP,GAS,1457.9,e3m3,true
2022-04-01,ABGS0002227,REC,GAS,538.7,e3m3,true
2022-04-01,ABGS0002227,REC,GAS,893.2,e3m3,true
2022-04-01,ABGS0002227,DIFF,WATER,0,m3,true
2022-04-01,ABGS0002227,DISP,WATER,3.7,m3,true
2022-04-01,ABGS0002227,REC,WATER,3.7,m3,true
2022-04-01,ABGS0135864,DIFF,GAS,0,e3m3,true
2022-04-01,ABGS0135864,DISP,GAS,893.2,e3m3,true
2022-04-01,ABGS0135864,REC,GAS,61.6,e3m3,true
2022-04-01,ABGS0135864,REC,GAS,789.2,e3m3,true
2022-04-01,ABGS0135864,REC,GAS,42.4,e3m3,true
2022-04-01,ABIF0007002,SHUTIN,,,,true
2022-04-01,ABIF0007002,SHUTIN,,,,true
2022-04-01,ABIF0007002,SHUTIN,,,,true
2022-04-01,ABIF0007002,SHUTIN,,,,true
2022-04-01,ABIF0007002,SHUTIN,,,,true
2022-04-01,ABIF0007002,SHUTIN,,,,true
2022-04-01,ABIF0007002,DIFF,WATER,0,m3,true
2022-04-01,ABIF0007002,INJ,WATER,221.6,m3,true
2022-04-01,ABIF0007002,REC,WATER,221.6,m3,true
2022-04-01,ABIF0007004,DIFF,WATER,0,m3,true
2022-04-01,ABIF0007004,INJ,WATER,3780,m3,true
2022-04-01,ABIF0007004,INJ,WATER,4872,m3,true
2022-04-01,ABIF0007004,INJ,WATER,7227,m3,true
2022-04-01,ABIF0007004,INJ,WATER,18656,m3,true
2022-04-01,ABIF0007004,INJ,WATER,10666,m3,true
2022-04-01,ABIF0007004,INJ,WATER,3329,m3,true
2022-04-01,ABIF0007004,INJ,WATER,6833,m3,true
2022-04-01,ABIF0007004,INJ,WATER,5288,m3,true
2022-04-01,ABIF0007004,INJ,WATER,9502,m3,true
2022-04-01,ABIF0007004,REC,WATER,70153,m3,true
2022-04-01,ABIF0007006,DIFF,WATER,0,m3,true
2022-04-01,ABIF0007006,INJ,WATER,4514.1,m3,true
2022-04-01,ABIF0007006,INVCL,WATER,0.2,m3,true
2022-04-01,ABIF0007006,INVOP,WATER,0.2,m3,true
2022-04-01,ABIF0007006,REC,WATER,4514.1,m3,true
2022-04-01,ABIF0007052,DIFF,WATER,0,m3,true
2022-04-01,ABIF0007052,INJ,WATER,4996,m3,true
2022-04-01,ABIF0007052,REC,WATER,4996,m3,true
2022-04-01,ABIF0007274,DIFF,WATER,0,m3,true
2022-04-01,ABIF0007274,INJ,WATER,1003,m3,true
2022-04-01,ABIF0007274,INJ,WATER,28657,m3,true
2022-04-01,ABIF0007274,REC,WATER,29660,m3,true
2022-04-01,ABIF0008261,DIFF,WATER,0,m3,true
2022-04-01,ABIF0008261,INJ,WATER,2288.7,m3,true
2022-04-01,ABIF0008261,REC,WATER,2288.7,m3,true
2022-04-01,ABIF0008386,DIFF,WATER,0,m3,true
2022-04-01,ABIF0008386,INJ,WATER,2239.4,m3,true
2022-04-01,ABIF0008386,REC,WATER,2239.4,m3,true
2022-04-01,ABIF0008917,DIFF,WATER,0,m3,true
2022-04-01,ABIF0008917,INJ,WATER,1040.4,m3,true
2022-04-01,ABIF0008917,INVCL,WATER,0.1,m3,true
2022-04-01,ABIF0008917,INVOP,WATER,0.1,m3,true
2022-04-01,ABIF0008917,REC,WATER,1040.4,m3,true
2022-04-01,ABIF0008992,SHUTIN,,,,true
2022-04-01,ABIF0009829,SHUTIN,,,,true
2022-04-01,ABIF0009829,DIFF,WATER,0,m3,true
2022-04-01,ABIF0009829,INJ,WATER,898,m3,true
2022-04-01,ABIF0009829,REC,WATER,898,m3,true
2022-04-01,ABIF0009839,DIFF,WATER,0,m3,true
2022-04-01,ABIF0009839,INJ,WATER,3490,m3,true
2022-04-01,ABIF0009839,REC,WATER,3490,m3,true
2022-04-01,ABIF0140734,DIFF,WATER,0,m3,true
2022-04-01,ABIF0140734,INJ,WATER,5117,m3,true
2022-04-01,ABIF0140734,REC,WATER,5117,m3,true
2022-04-01,ABIF0156447,INJ,CO2,14020.5,,true
2022-04-01,ABIF0156447,INJ,CO2,12891.3,,true
2022-04-01,ABIF0156447,INJ,CO2,14577.2,,true
2022-04-01,ABIF0156447,INJ,CO2,14615.7,,true
2022-04-01,ABIF0156447,INJ,CO2,14385.5,,true
2022-04-01,ABIF0156447,INJ,CO2,11935,,true
2022-04-01,ABIF0156447,INJ,CO2,14908.7,,true
2022-04-01,ABIF0156447,REC,CO2,31521.9,,true
2022-04-01,ABIF0156447,REC,CO2,65811.9,,true
2022-04-01,ABIF0156447,DIFF,GAS,-0.1,e3m3,true
2022-04-01,ABIF0156447,INJ,GAS,613.1,e3m3,true
2022-04-01,ABIF0156447,INJ,GAS,599.1,e3m3,true
2022-04-01,ABIF0156447,INJ,GAS,646.3,e3m3,true
2022-04-01,ABIF0156447,INJ,GAS,644.5,e3m3,true
2022-04-01,ABIF0156447,INJ,GAS,633.3,e3m3,true
2022-04-01,ABIF0156447,INJ,GAS,552.7,e3m3,true
2022-04-01,ABIF0156447,INJ,GAS,657.1,e3m3,true
2022-04-01,ABIF0156447,REC,GAS,3923.9,e3m3,true
2022-04-01,ABIF0156447,REC,GAS,422.2,e3m3,true
2022-04-01,ABIF0156447,DIFF,WATER,0,m3,true
2022-04-01,ABIF0156447,INJ,WATER,16206.4,m3,true
2022-04-01,ABIF0156447,REC,WATER,16206.4,m3,true
2022-08-01,ABBT0041124,DISP,SAND,0.4,,true
2022-08-01,ABBT0041124,DIFF,WATER,0,m3,true
2022-08-01,ABBT0041124,DISP,WATER,3.1,m3,true
2022-08-01,ABBT0041124,REC,WATER,3.1,m3,true
2022-08-01,ABBT0048421,DIFF,GAS,0,e3m3,true
2022-08-01,ABBT0048421,DISP,GAS,74,e3m3,true
2022-08-01,ABBT0048421,FUEL,GAS,0.1,e3m3,true
2022-08-01,ABBT0048421,PROD,GAS,74.5,e3m3,true
2022-08-01,ABBT0048421,VENT,GAS,0.4,e3m3,true
2022-08-01,ABBT0059275,SHUTIN,,,,true
2022-08-01,ABBT0059275,IMBAL,OIL,0,m3,true
2022-08-01,ABBT0059275,INVCL,OIL,7.9,m3,true
2022-08-01,ABBT0059275,INVOP,OIL,7.9,m3,true
2022-08-01,ABBT0083457,IMBAL,OIL,0,m3,true
2022-08-01,ABBT0083457,INVCL,OIL,12,m3,true
2022-08-01,ABBT0083457,INVOP,OIL,12,m3,true
2022-08-01,ABBT0083457,DIFF,WATER,0,m3,true
2022-08-01,ABBT0083457,INVCL,WATER,10.4,m3,true
2022-08-01,ABBT0083457,INVOP,WATER,10.4,m3,true
2022-08-01,ABBT0091980,SHUTIN,,,,true
2022-08-01,ABBT0091980,IMBAL,OIL,0,m3,true
2022-08-01,ABBT0091980,INVCL,OIL,24.6,m3,true
2022-08-01,ABBT0091980,INVOP,OIL,24.6,m3,true
2022-08-01,ABBT0101896,PROD,COND,5,m3,true
2022-08-01,ABBT0101896,DIFF,GAS,0,e3m3,true
2022-08-01,ABBT0101896,DISP,GAS,1033.5,e3m3,true
2022-08-01,ABBT0101896,FLARE,GAS,4.3,e3m3,true
2022-08-01,ABBT0101896,FUEL,GAS,13.2,e3m3,true
2022-08-01,ABBT0101896,PROD,GAS,34.9,e3m3,true
2022-08-01,ABBT0101896,PROD,GAS,33.5,e3m3,true
2022-08-01,ABBT0101896,PROD,GAS,134.7,e3m3,true
2022-08-01,ABBT0101896,PROD,GAS,83.2,e3m3,true
2022-08-01,ABBT0101896,PROD,GAS,42.9,e3m3,true
2022-08-01,ABBT0101896,PROD,GAS,210.1,e3m3,true
2022-08-01,ABBT0101896,PROD,GAS,110,e3m3,true
2022-08-01,ABBT0101896,PROD,GAS,21.6,e3m3,true
2022-08-01,ABBT0101896,PROD,GAS,163.6,e3m3,true
2022-08-01,ABBT0101896,PROD,GAS,198.9,e3m3,true
2022-08-01,ABBT0101896,REC,GAS,22.8,e3m3,true
2022-08-01,ABBT0101896,VENT,GAS,5.2,e3m3,true
2022-08-01,ABBT0101896,DISP,OIL,5,m3,true
2022-08-01,ABBT0101896,IMBAL,OIL,0,m3,true
2022-08-01,ABBT0120813,DIFF,GAS,0,e3m3,true
2022-08-01,ABBT0120813,DISP,GAS,60,e3m3,true
2022-08-01,ABBT0120813,FUEL,GAS,2,e3m3,true
2022-08-01,ABBT0120813,PROD,GAS,62.8,e3m3,true
2022-08-01,ABBT0120813,VENT,GAS,0.8,e3m3,true
2022-08-01,ABBT0120813,DISP,OIL,32.2,m3,true
2022-08-01,ABBT0120813,IMBAL,OIL,0,m3,true
2022-08-01,ABBT0120813,INVCL,OIL,8.7,m3,true
2022-08-01,ABBT0120813,INVOP,OIL,40.9,m3,true
2022-08-01,ABBT0120813,DIFF,WATER,0,m3,true
2022-08-01,ABBT0120813,DISP,WATER,8.8,m3,true
2022-08-01,ABBT0120813,INVCL,WATER,8.7,m3,true
2022-08-01,ABBT0120813,INVOP,WATER,1.1,m3,true
2022-08-01,ABBT0120813,PROD,WATER,16.4,m3,true
2022-08-01,ABBT0137951,,,,,true
2022-08-01,ABBT0137951,DIFF,GAS,0,e3m3,true
2022-08-01,ABBT0137951,DISP,GAS,216.3,e3m3,true
2022-08-01,ABBT0137951,PROD,GAS,45.2,e3m3,true
2022-08-01,ABBT0137951,PROD,GAS,11.9,e3m3,true
2022-08-01,ABBT0137951,PROD,GAS,35.8,e3m3,true
2022-08-01,ABBT0137951,PROD,GAS,52.3,e3m3,true
2022-08-01,ABBT0137951,PROD,GAS,41.1,e3m3,true
2022-08-01,ABBT0137951,PROD,GAS,3.7,e3m3,true
2022-08-01,ABBT0137951,PROD,GAS,23.5,e3m3,true
2022-08-01,ABBT0137951,PROD,GAS,2.8,e3m3,true
2022-08-01,ABBT0137951,DIFF,WATER,0,m3,true
2022-08-01,ABBT0137951,INVCL,WATER,3,m3,true
2022-08-01,ABBT0137951,INVOP,WATER,3,m3,true
2022-08-01,ABBT0141479,DISP,SAND,0.5,,true
2022-08-01,ABBT0141479,DIFF,WATER,0,m3,true
2022-08-01,ABBT0141479,DISP,WATER,9.5,m3,true
2022-08-01,ABBT0141479,PROD,WATER,9.5,m3,true
2022-08-01,ABBT2240034,,,,,true
2022-08-01,ABBT2240034,,,,,true
2022-08-01,ABBT2240034,,,,,true
2022-08-01,ABBT2240034,SHUTIN,,,,true
2022-08-01,ABBT2240034,SHUTIN,,,,true
2022-08-01,ABBT2240034,SHUTIN,,,,true
2022-08-01,ABBT2240034,SHUTIN,,,,true
2022-08-01,ABBT2240034,SHUTIN,,,,true
2022-08-01,ABBT2240034,SHUTIN,,,,true
2022-08-01,ABBT2240034,SHUTIN,,,,true
2022-08-01,ABBT2240034,SHUTIN,,,,true
2022-08-01,ABBT2240034,SHUTIN,,,,true
2022-08-01,ABBT2240034,DISP,CO2,39782.7,,true
2022-08-01,ABBT2240034,DIFF,GAS,0,e3m3,true
2022-08-01,ABBT2240034,DISP,GAS,5955.1,e3m3,true
2022-08-01,ABBT2240034,FLARE,GAS,36.4,e3m3,true
2022-08-01,ABBT2240034,FUEL,GAS,154.2,e3m3,true
2022-08-01,ABBT2240034,PROD,GAS,8.5,e3m3,true
2022-08-01,ABBT2240034,PROD,GAS,6302.7,e3m3,true
2022-08-01,ABBT2240034,PROD,GAS,11,e3m3,true
2022-08-01,ABBT2240034,PROD,GAS,31.9,e3m3,true
2022-08-01,ABBT2240034,PROD,GAS,15.2,e3m3,true
2022-08-01,ABBT2240034,PROD,GAS,13417.4,e3m3,true
2022-08-01,ABBT2240034,PROD,GAS,3.9,e3m3,true
2022-08-01,ABBT2240034,PROD,GAS,14461.9,e3m3,true
2022-08-01,ABBT2240034,PROD,GAS,1448.8,e3m3,true
2022-08-01,ABBT2240034,PROD,GAS,8951.4,e3m3,true
2022-08-01,ABBT2240034,PROD,GAS,29.1,e3m3,true
2022-08-01,ABBT2240034,PROD,GAS,1049.2,e3m3,true
2022-08-01,ABBT2240034,PROD,GAS,15.6,e3m3,true
2022-08-01,ABBT2240034,PURREC,GAS,182,e3m3,true
2022-08-01,ABBT2240034,VENT,GAS,0.2,e3m3,true
2022-08-01,ABBT2240034,DISP,OIL,4609.3,m3,true
2022-08-01,ABBT2240034,IMBAL,OIL,0,m3,true
2022-08-01,ABBT2240034,PROD,OIL,8.7,m3,true
2022-08-01,ABBT2240034,PROD,OIL,521.4,m3,true
2022-08-01,ABBT2240034,PROD,OIL,38.5,m3,true
2022-08-01,ABBT2240034,PROD,OIL,4.6,m3,true
2022-08-01,ABBT2240034,PROD,OIL,58.3,m3,true
2022-08-01,ABBT2240034,PROD,OIL,1158.1,m3,true
2022-08-01,ABBT2240034,PROD,OIL,3.3,m3,true
2022-08-01,ABBT2240034,PROD,OIL,1211.8,m3,true
2022-08-01,ABBT2240034,PROD,OIL,187.7,m3,true
2022-08-01,ABBT2240034,PROD,OIL,788.7,m3,true
2022-08-01,ABBT2240034,PROD,OIL,382.9,m3,true
2022-08-01,ABBT2240034,PROD,OIL,83,m3,true
2022-08-01,ABBT2240034,PROD,OIL,162.3,m3,true
2022-08-01,ABBT2240034,ROYALTY,OIL,0.4,m3,true
2022-08-01,ABBT2240034,ROYALTY,OIL,12.2,m3,true
2022-08-01,ABBT2240034,ROYALTY,OIL,3.1,m3,true
2022-08-01,ABBT2240034,ROYALTY,OIL,7,m3,true
2022-08-01,ABBT2240034,ROYALTY,OIL,27.1,m3,true
2022-08-01,ABBT2240034,ROYALTY,OIL,0.1,m3,true
2022-08-01,ABBT2240034,ROYALTY,OIL,28.4,m3,true
2022-08-01,ABBT2240034,ROYALTY,OIL,4.3,m3,true
2022-08-01,ABBT2240034,ROYALTY,OIL,18.5,m3,true
2022-08-01,ABBT2240034,ROYALTY,OIL,71,m3,true
2022-08-01,ABBT2240034,ROYALTY,OIL,11.1,m3,true
2022-08-01,ABBT2240034,ROYALTY,OIL,34.8,m3,true
2022-08-01,ABBT2240034,DIFF,WATER,0,m3,true
2022-08-01,ABBT2240034,DISP,WATER,13891.2,m3,true
2022-08-01,ABBT2240034,PROD,WATER,425,m3,true
2022-08-01,ABBT2240034,PROD,WATER,1279.8,m3,true
2022-08-01,ABBT2240034,PROD,WATER,317.6,m3,true
2022-08-01,ABBT2240034,PROD,WATER,1571.8,m3,true
2022-08-01,ABBT2240034,PROD,WATER,961.6,m3,true
2022-08-01,ABBT2240034,PROD,WATER,2611.4,m3,true
2022-08-01,ABBT2240034,PROD,WATER,309.2,m3,true
2022-08-01,ABBT2240034,PROD,WATER,3044.3,m3,true
2022-08-01,ABBT2240034,PROD,WATER,2.8,m3,true
2022-08-01,ABBT2240034,PROD,WATER,1711.2,m3,true
2022-08-01,ABBT2240034,PROD,WATER,559.3,m3,true
2022-08-01,ABBT2240034,PROD,WATER,732.4,m3,true
2022-08-01,ABBT2240034,PROD,WATER,364.8,m3,true
2022-08-01,ABBT3620003,,,,,true
2022-08-01,ABBT3620003,,,,,true
2022-08-01,ABBT3620003,,,,,true
2022-08-01,ABBT3620003,SHUTIN,,,,true
2022-08-01,ABBT3620003,DIFF,GAS,0,e3m3,true
2022-08-01,ABBT3620003,FLARE,GAS,10.1,e3m3,true
2022-08-01,ABBT3620003,FUEL,GAS,2.7,e3m3,true
2022-08-01,ABBT3620003,PROD,GAS,3.4,e3m3,true
2022-08-01,ABBT3620003,PROD,GAS,3.6,e3m3,true
2022-08-01,ABBT3620003,PROD,GAS,2.7,e3m3,true
2022-08-01,ABBT3620003,PROD,GAS,3.1,e3m3,true
2022-08-01,ABBT3620003,DISP,OIL,75.8,m3,true
2022-08-01,ABBT3620003,IMBAL,OIL,0,m3,true
2022-08-01,ABBT3620003,INVCL,OIL,12.5,m3,true
2022-08-01,ABBT3620003,INVOP,OIL,16.1,m3,true
2022-08-01,ABBT3620003,PROD,OIL,32,m3,true
2022-08-01,ABBT3620003,PROD,OIL,12.1,m3,true
2022-08-01,ABBT3620003,PROD,OIL,5.8,m3,true
2022-08-01,ABBT3620003,PROD,OIL,22.3,m3,true
2022-08-01,ABBT3620003,ROYALTY,OIL,4.6,m3,true
2022-08-01,ABBT3620003,ROYALTY,OIL,0.4,m3,true
2022-08-01,ABBT3620003,DIFF,WATER,0,m3,true
2022-08-01,ABBT3620003,DISP,WATER,0.3,m3,true
2022-08-01,ABBT3620003,DISP,WATER,1466.7,m3,true
2022-08-01,ABBT3620003,INVCL,WATER,46.9,m3,true
2022-08-01,ABBT3620003,INVOP,WATER,46.9,m3,true
2022-08-01,ABBT3620003,PROD,WATER,411.8,m3,true
2022-08-01,ABBT3620003,PROD,WATER,153.7,m3,true
2022-08-01,ABBT3620003,PROD,WATER,792.3,m3,true
2022-08-01,ABBT3620003,PROD,WATER,109.2,m3,true
2022-08-01,ABBT3710049,,,,,true
2022-08-01,ABBT3710049,,,,,true
2022-08-01,ABBT3710049,,,,,true
2022-08-01,ABBT3710049,SHUTIN,,,,true
2022-08-01,ABBT3710049,SHUTIN,,,,true
2022-08-01,ABBT3710049,SHUTIN,,,,true
2022-08-01,ABBT3710049,SHUTIN,,,,true
2022-08-01,ABBT3710049,SHUTIN,,,,true
2022-08-01,ABBT3710049,SHUTIN,,,,true
2022-08-01,ABBT3710049,DIFF,GAS,0,e3m3,true
2022-08-01,ABBT3710049,FLARE,GAS,282.8,e3m3,true
2022-08-01,ABBT3710049,FUEL,GAS,89,e3m3,true
2022-08-01,ABBT3710049,PROD,GAS,1.4,e3m3,true
2022-08-01,ABBT3710049,PROD,GAS,7.8,e3m3,true
2022-08-01,ABBT3710049,PROD,GAS,1,e3m3,true
2022-08-01,ABBT3710049,PROD,GAS,8.5,e3m3,true
2022-08-01,ABBT3710049,PROD,GAS,10.8,e3m3,true
2022-08-01,ABBT3710049,PROD,GAS,0.9,e3m3,true
2022-08-01,ABBT3710049,PROD,GAS,16.1,e3m3,true
2022-08-01,ABBT3710049,PROD,GAS,9.5,e3m3,true
2022-08-01,ABBT3710049,PROD,GAS,11.5,e3m3,true
2022-08-01,ABBT3710049,PROD,GAS,11.9,e3m3,true
2022-08-01,ABBT3710049,PROD,GAS,18,e3m3,true
2022-08-01,ABBT3710049,PROD,GAS,15.5,e3m3,true
2022-08-01,ABBT3710049,PROD,GAS,0.9,e3m3,true
2022-08-01,ABBT3710049,PROD,GAS,14.6,e3m3,true
2022-08-01,ABBT3710049,PROD,GAS,2.7,e3m3,true
2022-08-01,ABBT3710049,PROD,GAS,16.5,e3m3,true
2022-08-01,ABBT3710049,PROD,GAS,0.7,e3m3,true
2022-08-01,ABBT3710049,PROD,GAS,7.4,e3m3,true
2022-08-01,ABBT3710049,PROD,GAS,2.3,e3m3,true
2022-08-01,ABBT3710049,PROD,GAS,2.6,e3m3,true
2022-08-01,ABBT3710049,PROD,GAS,7.5,e3m3,true
2022-08-01,ABBT3710049,PROD,GAS,7.5,e3m3,true
2022-08-01,ABBT3710049,PROD,GAS,12.4,e3m3,true
2022-08-01,ABBT3710049,PROD,GAS,3.3,e3m3,true
2022-08-01,ABBT3710049,PROD,GAS,13.1,e3m3,true
2022-08-01,ABBT3710049,PROD,GAS,18,e3m3,true
2022-08-01,ABBT3710049,PROD,GAS,8.2,e3m3,true
2022-08-01,ABBT3710049,PROD,GAS,5.3,e3m3,true
2022-08-01,ABBT3710049,PROD,GAS,3.8,e3m3,true
2022-08-01,ABBT3710049,PROD,GAS,13.6,e3m3,true
2022-08-01,ABBT3710049,PROD,GAS,27.1,e3m3,true
2022-08-01,ABBT3710049,PROD,GAS,1.4,e3m3,true
2022-08-01,ABBT3710049,PROD,GAS,1,e3m3,true
2022-08-01,ABBT3710049,PURREC,GAS,40,e3m3,true
2022-08-01,ABBT3710049,PURREC,GAS,49,e3m3,true
2022-08-01,ABBT3710049,DISP,OIL,1574.4,m3,true
2022-08-01,ABBT3710049,IMBAL,OIL,0,m3,true
2022-08-01,ABBT3710049,INVCL,OIL,109.5,m3,true
2022-08-01,ABBT3710049,INVOP,OIL,130.6,m3,true
2022-08-01,ABBT3710049,PROD,OIL,62.2,m3,true
2022-08-01,ABBT3710049,PROD,OIL,28.4,m3,true
2022-08-01,ABBT3710049,PROD,OIL,42.2,m3,true
2022-08-01,ABBT3710049,PROD,OIL,122.2,m3,true
2022-08-01,ABBT3710049,PROD,OIL,7.9,m3,true
2022-08-01,ABBT3710049,PROD,OIL,24.8,m3,true
2022-08-01,ABBT3710049,PROD,OIL,47.3,m3,true
2022-08-01,ABBT3710049,PROD,OIL,31.4,m3,true
2022-08-01,ABBT3710049,PROD,OIL,20.3,m3,true
2022-08-01,ABBT3710049,PROD,OIL,14.7,m3,true
2022-08-01,ABBT3710049,PROD,OIL,32.7,m3,true
2022-08-01,ABBT3710049,PROD,OIL,49.1,m3,true
2022-08-01,ABBT3710049,PROD,OIL,132.9,m3,true
2022-08-01,ABBT3710049,PROD,OIL,19.3,m3,true
2022-08-01,ABBT3710049,PROD,OIL,72.8,m3,true
2022-08-01,ABBT3710049,PROD,OIL,31.3,m3,true
2022-08-01,ABBT3710049,PROD,OIL,46.9,m3,true
2022-08-01,ABBT3710049,PROD,OIL,26.9,m3,true
2022-08-01,ABBT3710049,PROD,OIL,40,m3,true
2022-08-01,ABBT3710049,PROD,OIL,19.4,m3,true
2022-08-01,ABBT3710049,PROD,OIL,44.5,m3,true
2022-08-01,ABBT3710049,PROD,OIL,77.7,m3,true
2022-08-01,ABBT3710049,PROD,OIL,77.7,m3,true
2022-08-01,ABBT3710049,PROD,OIL,18.6,m3,true
2022-08-01,ABBT3710049,PROD,OIL,10.1,m3,true
2022-08-01,ABBT3710049,PROD,OIL,40.1,m3,true
2022-08-01,ABBT3710049,PROD,OIL,112,m3,true
2022-08-01,ABBT3710049,PROD,OIL,61.2,m3,true
2022-08-01,ABBT3710049,PROD,OIL,27.5,m3,true
2022-08-01,ABBT3710049,PROD,OIL,44.4,m3,true
2022-08-01,ABBT3710049,PROD,OIL,89.7,m3,true
2022-08-01,ABBT3710049,PROD,OIL,40.3,m3,true
2022-08-01,ABBT3710049,PROD,OIL,22.1,m3,true
2022-08-01,ABBT3710049,PROD,OIL,14.7,m3,true
2022-08-01,ABBT3710049,ROYALTY,OIL,3.8,m3,true
2022-08-01,ABBT3710049,ROYALTY,OIL,0.6,m3,true
2022-08-01,ABBT3710049,ROYALTY,OIL,8.7,m3,true
2022-08-01,ABBT3710049,ROYALTY,OIL,4.5,m3,true
2022-08-01,ABBT3710049,ROYALTY,OIL,1.5,m3,true
2022-08-01,ABBT3710049,ROYALTY,OIL,0.9,m3,true
2022-08-01,ABBT3710049,ROYALTY,OIL,48.4,m3,true
2022-08-01,ABBT3710049,ROYALTY,OIL,1.9,m3,true
2022-08-01,ABBT3710049,ROYALTY,OIL,18.2,m3,true
2022-08-01,ABBT3710049,ROYALTY,OIL,8.6,m3,true
2022-08-01,ABBT3710049,ROYALTY,OIL,6.6,m3,true
2022-08-01,ABBT3710049,ROYALTY,OIL,1.4,m3,true
2022-08-01,ABBT3710049,ROYALTY,OIL,7.9,m3,true
2022-08-01,ABBT3710049,ROYALTY,OIL,0.9,m3,true
2022-08-01,ABBT3710049,ROYALTY,OIL,6.6,m3,true
2022-08-01,ABBT3710049,ROYALTY,OIL,4,m3,true
2022-08-01,ABBT3710049,ROYALTY,OIL,17.1,m3,true
2022-08-01,ABBT3710049,DISP,SAND,6.5,,true
2022-08-01,ABBT3710049,DIFF,WATER,0,m3,true
2022-08-01,ABBT3710049,DISP,WATER,1,m3,true
2022-08-01,ABBT3710049,DISP,WATER,68191,m3,true
2022-08-01,ABBT3710049,DISP,WATER,3005,m3,true
2022-08-01,ABBT3710049,DISP,WATER,4532,m3,true
2022-08-01,ABBT3710049,PROD,WATER,121.6,m3,true
2022-08-01,ABBT3710049,PROD,WATER,1680.2,m3,true
2022-08-01,ABBT3710049,PROD,WATER,1103.1,m3,true
2022-08-01,ABBT3710049,PROD,WATER,882.4,m3,true
2022-08-01,ABBT3710049,PROD,WATER,1729.1,m3,true
2022-08-01,ABBT3710049,PROD,WATER,646.3,m3,true
2022-08-01,ABBT3710049,PROD,WATER,1993.2,m3,true
2022-08-01,ABBT3710049,PROD,WATER,646.6,m3,true
2022-08-01,ABBT3710049,PROD,WATER,1432.5,m3,true
2022-08-01,ABBT3710049,PROD,WATER,1576.6,m3,true
2022-08-01,ABBT3710049,PROD,WATER,3498.8,m3,true
2022-08-01,ABBT3710049,PROD,WATER,5248.3,m3,true
2022-08-01,ABBT3710049,PROD,WATER,2067,m3,true
2022-08-01,ABBT3710049,PROD,WATER,615.2,m3,true
2022-08-01,ABBT3710049,PROD,WATER,1883.6,m3,true
2022-08-01,ABBT3710049,PROD,WATER,1310.3,m3,true
2022-08-01,ABBT3710049,PROD,WATER,7179.8,m3,true
2022-08-01,ABBT3710049,PROD,WATER,750.8,m3,true
2022-08-01,ABBT3710049,PROD,WATER,565.8,m3,true
2022-08-01,ABBT3710049,PROD,WATER,1029.8,m3,true
2022-08-01,ABBT3710049,PROD,WATER,1872.7,m3,true
2022-08-01,ABBT3710049,PROD,WATER,1313.2,m3,true
2022-08-01,ABBT3710049,PROD,WATER,1313.2,m3,true
2022-08-01,ABBT3710049,PROD,WATER,9995.9,m3,true
2022-08-01,ABBT3710049,PROD,WATER,422.7,m3,true
2022-08-01,ABBT3710049,PROD,WATER,1691.2,m3,true
2022-08-01,ABBT3710049,PROD,WATER,886.3,m3,true
2022-08-01,ABBT3710049,PROD,WATER,4331.3,m3,true
2022-08-01,ABBT3710049,PROD,WATER,2959.3,m3,true
2022-08-01,ABBT3710049,PROD,WATER,1319.4,m3,true
2022-08-01,ABBT3710049,PROD,WATER,2058.1,m3,true
2022-08-01,ABBT3710049,PROD,WATER,10851.4,m3,true
2022-08-01,ABBT3710049,PROD,WATER,452,m3,true
2022-08-01,ABBT3710049,PROD,WATER,301.3,m3,true
2022-08-01,ABBT4180001,,,,,true
2022-08-01,ABBT4180001,,,,,true
2022-08-01,ABBT4180001,,,,,true
2022-08-01,ABBT4180001,DIFF,GAS,0,e3m3,true
2022-08-01,ABBT4180001,DISP,GAS,26.8,e3m3,true
2022-08-01,ABBT4180001,FLARE,GAS,3.5,e3m3,true
2022-08-01,ABBT4180001,FUEL,GAS,6.1,e3m3,true
2022-08-01,ABBT4180001,PROD,GAS,26.3,e3m3,true
2022-08-01,ABBT4180001,PROD,GAS,11.5,e3m3,true
2022-08-01,ABBT4180001,VENT,GAS,1.4,e3m3,true
2022-08-01,ABBT4180001,DISP,OIL,412,m3,true
2022-08-01,ABBT4180001,IMBAL,OIL,0,m3,true
2022-08-01,ABBT4180001,INVCL,OIL,28.1,m3,true
2022-08-01,ABBT4180001,INVOP,OIL,37.3,m3,true
2022-08-01,ABBT4180001,PROD,OIL,284.9,m3,true
2022-08-01,ABBT4180001,PROD,OIL,117.9,m3,true
2022-08-01,ABBT4180001,ROYALTY,OIL,114,m3,true
2022-08-01,ABBT4180001,ROYALTY,OIL,42.6,m3,true
2022-08-01,ABBT4180001,DIFF,WATER,0,m3,true
2022-08-01,ABBT4180001,DISP,WATER,2.5,m3,true
2022-08-01,ABBT4180001,DISP,WATER,3462,m3,true
2022-08-01,ABBT4180001,PROD,WATER,2379.5,m3,true
2022-08-01,ABBT4180001,PROD,WATER,1085,m3,true
2022-08-01,ABBT4550001,,,,,true
2022-08-01,ABBT4550001,,,,,true
2022-08-01,ABBT4550001,,,,,true
2022-08-01,ABBT4550001,SHUTIN,,,,true
2022-08-01,ABBT4550001,SHUTIN,,,,true
2022-08-01,ABBT4550001,SHUTIN,,,,true
2022-08-01,ABBT4550001,SHUTIN,,,,true
2022-08-01,ABBT4550001,SHUTIN,,,,true
2022-08-01,ABBT4550001,SHUTIN,,,,true
2022-08-01,ABBT4550001,SHUTIN,,,,true
2022-08-01,ABBT4550001,DIFF,GAS,0,e3m3,true
2022-08-01,ABBT4550001,FLARE,GAS,307.9,e3m3,true
2022-08-01,ABBT4550001,FUEL,GAS,2.9,e3m3,true
2022-08-01,ABBT4550001,PROD,GAS,4.3,e3m3,true
2022-08-01,ABBT4550001,PROD,GAS,81.4,e3m3,true
2022-08-01,ABBT4550001,PROD,GAS,0.3,e3m3,true
2022-08-01,ABBT4550001,PROD,GAS,1.4,e3m3,true
2022-08-01,ABBT4550001,PROD,GAS,28.3,e3m3,true
2022-08-01,ABBT4550001,PROD,GAS,4.4,e3m3,true
2022-08-01,ABBT4550001,PROD,GAS,72.9,e3m3,true
2022-08-01,ABBT4550001,PROD,GAS,4.6,e3m3,true
2022-08-01,ABBT4550001,PROD,GAS,4.4,e3m3,true
2022-08-01,ABBT4550001,PROD,GAS,101.1,e3m3,true
2022-08-01,ABBT4550001,PROD,GAS,1.5,e3m3,true
2022-08-01,ABBT4550001,REC,GAS,6.2,e3m3,true
2022-08-01,ABBT4550001,DISP,OIL,655.4,m3,true
2022-08-01,ABBT4550001,IMBAL,OIL,0,m3,true
2022-08-01,ABBT4550001,INVCL,OIL,130.9,m3,true
2022-08-01,ABBT4550001,INVOP,OIL,127.9,m3,true
2022-08-01,ABBT4550001,PROD,OIL,45.2,m3,true
2022-08-01,ABBT4550001,PROD,OIL,65,m3,true
2022-08-01,ABBT4550001,PROD,OIL,2.6,m3,true
2022-08-01,ABBT4550001,PROD,OIL,15.7,m3,true
2022-08-01,ABBT4550001,PROD,OIL,79.1,m3,true
2022-08-01,ABBT4550001,PROD,OIL,13.7,m3,true
2022-08-01,ABBT4550001,PROD,OIL,313.2,m3,true
2022-08-01,ABBT4550001,PROD,OIL,23.4,m3,true
2022-08-01,ABBT4550001,PROD,OIL,15.7,m3,true
2022-08-01,ABBT4550001,PROD,OIL,84.8,m3,true
2022-08-01,ABBT4550001,ROYALTY,OIL,0.2,m3,true
2022-08-01,ABBT4550001,ROYALTY,OIL,1.8,m3,true
2022-08-01,ABBT4550001,ROYALTY,OIL,20.1,m3,true
2022-08-01,ABBT4550001,ROYALTY,OIL,1.8,m3,true
2022-08-01,ABBT4550001,ROYALTY,OIL,23.9,m3,true
2022-08-01,ABBT4550001,DISP,SAND,0.1,,true
2022-08-01,ABBT4550001,DIFF,WATER,0,m3,true
2022-08-01,ABBT4550001,DISP,WATER,4.6,m3,true
2022-08-01,ABBT4550001,DISP,WATER,5246,m3,true
2022-08-01,ABBT4550001,DISP,WATER,1814.8,m3,true
2022-08-01,ABBT4550001,DISP,WATER,1085.2,m3,true
2022-08-01,ABBT4550001,PROD,WATER,1221.1,m3,true
2022-08-01,ABBT4550001,PROD,WATER,580.3,m3,true
2022-08-01,ABBT4550001,PROD,WATER,169.1,m3,true
2022-08-01,ABBT4550001,PROD,WATER,517.4,m3,true
2022-08-01,ABBT4550001,PROD,WATER,2132.6,m3,true
2022-08-01,ABBT4550001,PROD,WATER,907.5,m3,true
2022-08-01,ABBT4550001,PROD,WATER,455.4,m3,true
2022-08-01,ABBT4550001,PROD,WATER,833.2,m3,true
2022-08-01,ABBT4550001,PROD,WATER,1223.3,m3,true
2022-08-01,ABBT4550001,PROD,WATER,110.7,m3,true
2022-08-01,ABBT4940020,,,,,true
2022-08-01,ABBT4940020,,,,,true
2022-08-01,ABBT4940020,,,,,true
2022-08-01,ABBT4940020,SHUTIN,,,,true
2022-08-01,ABBT4940020,SHUTIN,,,,true
2022-08-01,ABBT4940020,SHUTIN,,,,true
2022-08-01,ABBT4940020,SHUTIN,,,,true
2022-08-01,ABBT4940020,DIFF,GAS,0,e3m3,true
2022-08-01,ABBT4940020,DISP,GAS,22.8,e3m3,true
2022-08-01,ABBT4940020,DISP,GAS,595.4,e3m3,true
2022-08-01,ABBT4940020,FLARE,GAS,9.5,e3m3,true
2022-08-01,ABBT4940020,FUEL,GAS,76.5,e3m3,true
2022-08-01,ABBT4940020,PROD,GAS,21.3,e3m3,true
2022-08-01,ABBT4940020,PROD,GAS,29.3,e3m3,true
2022-08-01,ABBT4940020,PROD,GAS,42.4,e3m3,true
2022-08-01,ABBT4940020,PROD,GAS,20.7,e3m3,true
2022-08-01,ABBT4940020,PROD,GAS,30.7,e3m3,true
2022-08-01,ABBT4940020,PROD,GAS,40.7,e3m3,true
2022-08-01,ABBT4940020,PROD,GAS,51.2,e3m3,true
2022-08-01,ABBT4940020,PROD,GAS,7.2,e3m3,true
2022-08-01,ABBT4940020,PROD,GAS,13.2,e3m3,true
2022-08-01,ABBT4940020,PROD,GAS,9.8,e3m3,true
2022-08-01,ABBT4940020,PROD,GAS,34.9,e3m3,true
2022-08-01,ABBT4940020,PROD,GAS,27.2,e3m3,true
2022-08-01,ABBT4940020,PROD,GAS,52.2,e3m3,true
2022-08-01,ABBT4940020,PROD,GAS,214.8,e3m3,true
2022-08-01,ABBT4940020,REC,GAS,108.7,e3m3,true
2022-08-01,ABBT4940020,VENT,GAS,0.1,e3m3,true
2022-08-01,ABBT4940020,DISP,OIL,1337.9,m3,true
2022-08-01,ABBT4940020,IMBAL,OIL,0,m3,true
2022-08-01,ABBT4940020,INVCL,OIL,173.1,m3,true
2022-08-01,ABBT4940020,INVOP,OIL,175.7,m3,true
2022-08-01,ABBT4940020,PROD,OIL,70.7,m3,true
2022-08-01,ABBT4940020,PROD,OIL,58.1,m3,true
2022-08-01,ABBT4940020,PROD,OIL,92.7,m3,true
2022-08-01,ABBT4940020,PROD,OIL,59.6,m3,true
2022-08-01,ABBT4940020,PROD,OIL,51.7,m3,true
2022-08-01,ABBT4940020,PROD,OIL,129,m3,true
2022-08-01,ABBT4940020,PROD,OIL,114.7,m3,true
2022-08-01,ABBT4940020,PROD,OIL,7.7,m3,true
2022-08-01,ABBT4940020,PROD,OIL,31.6,m3,true
2022-08-01,ABBT4940020,PROD,OIL,21.7,m3,true
2022-08-01,ABBT4940020,PROD,OIL,113.6,m3,true
2022-08-01,ABBT4940020,PROD,OIL,91.7,m3,true
2022-08-01,ABBT4940020,PROD,OIL,77.9,m3,true
2022-08-01,ABBT4940020,PROD,OIL,409.6,m3,true
2022-08-01,ABBT4940020,REC,OIL,5,m3,true
2022-08-01,ABBT4940020,ROYALTY,OIL,6.9,m3,true
2022-08-01,ABBT4940020,ROYALTY,OIL,5,m3,true
2022-08-01,ABBT4940020,ROYALTY,OIL,11.1,m3,true
2022-08-01,ABBT4940020,ROYALTY,OIL,5.2,m3,true
2022-08-01,ABBT4940020,ROYALTY,OIL,4.1,m3,true
2022-08-01,ABBT4940020,ROYALTY,OIL,18.3,m3,true
2022-08-01,ABBT4940020,ROYALTY,OIL,15.6,m3,true
2022-08-01,ABBT4940020,ROYALTY,OIL,0.3,m3,true
2022-08-01,ABBT4940020,ROYALTY,OIL,1.9,m3,true
2022-08-01,ABBT4940020,ROYALTY,OIL,1.1,m3,true
2022-08-01,ABBT4940020,ROYALTY,OIL,15.4,m3,true
2022-08-01,ABBT4940020,ROYALTY,OIL,10.9,m3,true
2022-08-01,ABBT4940020,ROYALTY,OIL,8.2,m3,true
2022-08-01,ABBT4940020,ROYALTY,OIL,62.3,m3,true
2022-08-01,ABBT4940020,DIFF,WATER,0,m3,true
2022-08-01,ABBT4940020,DISP,WATER,2.2,m3,true
2022-08-01,ABBT4940020,DISP,WATER,30440,m3,true
2022-08-01,ABBT4940020,PROD,WATER,1402.6,m3,true
2022-08-01,ABBT4940020,PROD,WATER,1759.1,m3,true
2022-08-01,ABBT4940020,PROD,WATER,1329.1,m3,true
2022-08-01,ABBT4940020,PROD,WATER,1145,m3,true
2022-08-01,ABBT4940020,PROD,WATER,1329.5,m3,true
2022-08-01,ABBT4940020,PROD,WATER,2270,m3,true
2022-08-01,ABBT4940020,PROD,WATER,938,m3,true
2022-08-01,ABBT4940020,PROD,WATER,766.9,m3,true
2022-08-01,ABBT4940020,PROD,WATER,1653.1,m3,true
2022-08-01,ABBT4940020,PROD,WATER,1472.4,m3,true
2022-08-01,ABBT4940020,PROD,WATER,737.9,m3,true
2022-08-01,ABBT4940020,PROD,WATER,1939.6,m3,true
2022-08-01,ABBT4940020,PROD,WATER,2583.9,m3,true
2022-08-01,ABBT4940020,PROD,WATER,11115.1,m3,true
2022-08-01,ABBT7980014,DISP,SAND,8,,true
2022-08-01,ABBT9880004,,,,,true
2022-08-01,ABBT9880004,,,,,true
2022-08-01,ABBT9880004,,,,,true
2022-08-01,ABBT9880004,SHUTIN,,,,true
2022-08-01,ABBT9880004,SHUTIN,,,,true
2022-08-01,ABBT9880004,SHUTIN,,,,true
2022-08-01,ABBT9880004,SHUTIN,,,,true
2022-08-01,ABBT9880004,DIFF,GAS,0,e3m3,true
2022-08-01,ABBT9880004,FLARE,GAS,68.9,e3m3,true
2022-08-01,ABBT9880004,FUEL,GAS,6.7,e3m3,true
2022-08-01,ABBT9880004,PROD,GAS,17.1,e3m3,true
2022-08-01,ABBT9880004,PROD,GAS,7.7,e3m3,true
2022-08-01,ABBT9880004,PROD,GAS,5.1,e3m3,true
2022-08-01,ABBT9880004,PROD,GAS,3,e3m3,true
2022-08-01,ABBT9880004,PURREC,GAS,42.7,e3m3,true
2022-08-01,ABBT9880004,DISP,OIL,265.7,m3,true
2022-08-01,ABBT9880004,IMBAL,OIL,0,m3,true
2022-08-01,ABBT9880004,INVCL,OIL,149.9,m3,true
2022-08-01,ABBT9880004,INVOP,OIL,129.6,m3,true
2022-08-01,ABBT9880004,PROD,OIL,88.6,m3,true
2022-08-01,ABBT9880004,PROD,OIL,72.7,m3,true
2022-08-01,ABBT9880004,PROD,OIL,112.1,m3,true
2022-08-01,ABBT9880004,PROD,OIL,12.6,m3,true
2022-08-01,ABBT9880004,ROYALTY,OIL,9.9,m3,true
2022-08-01,ABBT9880004,ROYALTY,OIL,15.9,m3,true
2022-08-01,ABBT9880004,ROYALTY,OIL,39.2,m3,true
2022-08-01,ABBT9880004,ROYALTY,OIL,1,m3,true
2022-08-01,ABBT9880004,DIFF,WATER,0,m3,true
2022-08-01,ABBT9880004,DISP,WATER,0.5,m3,true
2022-08-01,ABBT9880004,DISP,WATER,1081,m3,true
2022-08-01,ABBT9880004,PROD,WATER,625.6,m3,true
2022-08-01,ABBT9880004,PROD,WATER,19.1,m3,true
2022-08-01,ABBT9880004,PROD,WATER,378.2,m3,true
2022-08-01,ABBT9880004,PROD,WATER,58.6,m3,true
2022-08-01,ABGS0002227,DIFF,GAS,-12.7,e3m3,true
2022-08-01,ABGS0002227,DISP,GAS,1775.6,e3m3,true
2022-08-01,ABGS0002227,REC,GAS,595.4,e3m3,true
2022-08-01,ABGS0002227,REC,GAS,1167.5,e3m3,true
2022-08-01,ABGS0002227,DIFF,WATER,0,m3,true
2022-08-01,ABGS0002227,DISP,WATER,8.1,m3,true
2022-08-01,ABGS0002227,REC,WATER,8.1,m3,true
2022-08-01,ABGS0135864,DIFF,GAS,0,e3m3,true
2022-08-01,ABGS0135864,DISP,GAS,1167.5,e3m3,true
2022-08-01,ABGS0135864,REC,GAS,74,e3m3,true
2022-08-01,ABGS0135864,REC,GAS,1033.5,e3m3,true
2022-08-01,ABGS0135864,REC,GAS,60,e3m3,true
2022-08-01,ABIF0007002,SHUTIN,,,,true
2022-08-01,ABIF0007002,SHUTIN,,,,true
2022-08-01,ABIF0007002,SHUTIN,,,,true
2022-08-01,ABIF0007002,SHUTIN,,,,true
2022-08-01,ABIF0007002,SHUTIN,,,,true
2022-08-01,ABIF0007002,SHUTIN,,,,true
2022-08-01,ABIF0007004,DIFF,WATER,0,m3,true
2022-08-01,ABIF0007004,INJ,WATER,3655,m3,true
2022-08-01,ABIF0007004,INJ,WATER,4965,m3,true
2022-08-01,ABIF0007004,INJ,WATER,8395,m3,true
2022-08-01,ABIF0007004,INJ,WATER,18347,m3,true
2022-08-01,ABIF0007004,INJ,WATER,10226,m3,true
2022-08-01,ABIF0007004,INJ,WATER,513,m3,true
2022-08-01,ABIF0007004,INJ,WATER,6523,m3,true
2022-08-01,ABIF0007004,INJ,WATER,5338,m3,true
2022-08-01,ABIF0007004,INJ,WATER,10229,m3,true
2022-08-01,ABIF0007004,REC,WATER,68191,m3,true
2022-08-01,ABIF0007006,DIFF,WATER,0,m3,true
2022-08-01,ABIF0007006,INJ,WATER,3462,m3,true
2022-08-01,ABIF0007006,INVCL,WATER,0.2,m3,true
2022-08-01,ABIF0007006,INVOP,WATER,0.2,m3,true
2022-08-01,ABIF0007006,REC,WATER,3462,m3,true
2022-08-01,ABIF0007052,DIFF,WATER,0,m3,true
2022-08-01,ABIF0007052,INJ,WATER,5246,m3,true
2022-08-01,ABIF0007052,REC,WATER,5246,m3,true
2022-08-01,ABIF0007274,DIFF,WATER,0,m3,true
2022-08-01,ABIF0007274,INJ,WATER,1902,m3,true
2022-08-01,ABIF0007274,INJ,WATER,28538,m3,true
2022-08-01,ABIF0007274,REC,WATER,30440,m3,true
2022-08-01,ABIF0008261,DIFF,WATER,0,m3,true
2022-08-01,ABIF0008261,INJ,WATER,1814.8,m3,true
2022-08-01,ABIF0008261,REC,WATER,1814.8,m3,true
2022-08-01,ABIF0008386,DIFF,WATER,0,m3,true
2022-08-01,ABIF0008386,INJ,WATER,1466.7,m3,true
2022-08-01,ABIF0008386,REC,WATER,1466.7,m3,true
2022-08-01,ABIF0008917,DIFF,WATER,0,m3,true
2022-08-01,ABIF0008917,INJ,WATER,1085.2,m3,true
2022-08-01,ABIF0008917,INVCL,WATER,0.1,m3,true
2022-08-01,ABIF0008917,INVOP,WATER,0.1,m3,true
2022-08-01,ABIF0008917,REC,WATER,1085.2,m3,true
2022-08-01,ABIF0008992,SHUTIN,,,,true
2022-08-01,ABIF0009829,SHUTIN,,,,true
2022-08-01,ABIF0009829,DIFF,WATER,0,m3,true
2022-08-01,ABIF0009829,INJ,WATER,1081,m3,true
2022-08-01,ABIF0009829,REC,WATER,1081,m3,true
2022-08-01,ABIF0009839,DIFF,WATER,0,m3,true
2022-08-01,ABIF0009839,INJ,WATER,3005,m3,true
2022-08-01,ABIF0009839,REC,WATER,3005,m3,true
2022-08-01,ABIF0140734,DIFF,WATER,0,m3,true
2022-08-01,ABIF0140734,INJ,WATER,4532,m3,true
2022-08-01,ABIF0140734,REC,WATER,4532,m3,true
2022-08-01,ABIF0156447,PROD,BRKWTR,8448.6,,true
2022-08-01,ABIF0156447,INJ,CO2,5491,,true
2022-08-01,ABIF0156447,INJ,CO2,10780.2,,true
2022-08-01,ABIF0156447,INJ,CO2,7287.3,,true
2022-08-01,ABIF0156447,INJ,CO2,11623.5,,true
2022-08-01,ABIF0156447,INJ,CO2,11029,,true
2022-08-01,ABIF0156447,INJ,CO2,9924.7,,true
2022-08-01,ABIF0156447,INJ,CO2,8478.5,,true
2022-08-01,ABIF0156447,REC,CO2,39782.7,,true
2022-08-01,ABIF0156447,REC,CO2,24831.5,,true
2022-08-01,ABIF0156447,DIFF,GAS,0,e3m3,true
2022-08-01,ABIF0156447,INJ,GAS,422,e3m3,true
2022-08-01,ABIF0156447,INJ,GAS,1073.5,e3m3,true
2022-08-01,ABIF0156447,INJ,GAS,623.4,e3m3,true
2022-08-01,ABIF0156447,INJ,GAS,1180.7,e3m3,true
2022-08-01,ABIF0156447,INJ,GAS,1028.2,e3m3,true
2022-08-01,ABIF0156447,INJ,GAS,966.6,e3m3,true
2022-08-01,ABIF0156447,INJ,GAS,754.1,e3m3,true
2022-08-01,ABIF0156447,REC,GAS,5955.1,e3m3,true
2022-08-01,ABIF0156447,REC,GAS,93.4,e3m3,true
2022-08-01,ABIF0156447,DIFF,WATER,0,m3,true
2022-08-01,ABIF0156447,INJ,WATER,5590.9,m3,true
2022-08-01,ABIF0156447,INJ,WATER,16748.9,m3,true
2022-08-01,ABIF0156447,REC,WATER,13891.2,m3,true
2022-06-01,ABBT0048421,DIFF,GAS,0,e3m3,true
2022-06-01,ABBT0048421,DISP,GAS,1.5,e3m3,true
2022-06-01,ABBT0048421,FUEL,GAS,0.1,e3m3,true
2022-06-01,ABBT0048421,PROD,GAS,1.7,e3m3,true
2022-06-01,ABBT0048421,VENT,GAS,0.1,e3m3,true
2022-06-01,ABBT0059275,SHUTIN,,,,true
2022-06-01,ABBT0059275,IMBAL,OIL,0,m3,true
2022-06-01,ABBT0059275,INVCL,OIL,7.9,m3,true
2022-06-01,ABBT0059275,INVOP,OIL,7.9,m3,true
2022-06-01,ABBT0083457,IMBAL,OIL,0,m3,true
2022-06-01,ABBT0083457,INVCL,OIL,12,m3,true
2022-06-01,ABBT0083457,INVOP,OIL,12,m3,true
2022-06-01,ABBT0083457,DIFF,WATER,0,m3,true
2022-06-01,ABBT0083457,INVCL,WATER,10.4,m3,true
2022-06-01,ABBT0083457,INVOP,WATER,10.4,m3,true
2022-06-01,ABBT0091980,SHUTIN,,,,true
2022-06-01,ABBT0091980,IMBAL,OIL,0,m3,true
2022-06-01,ABBT0091980,INVCL,OIL,24.6,m3,true
2022-06-01,ABBT0091980,INVOP,OIL,24.6,m3,true
2022-06-01,ABBT0101896,SHUTIN,,,,true
2022-06-01,ABBT0101896,PROD,COND,0.2,m3,true
2022-06-01,ABBT0101896,DIFF,GAS,0,e3m3,true
2022-06-01,ABBT0101896,DISP,GAS,15.7,e3m3,true
2022-06-01,ABBT0101896,FLARE,GAS,4.2,e3m3,true
2022-06-01,ABBT0101896,FUEL,GAS,2.7,e3m3,true
2022-06-01,ABBT0101896,PROD,GAS,0.8,e3m3,true
2022-06-01,ABBT0101896,PROD,GAS,0.6,e3m3,true
2022-06-01,ABBT0101896,PROD,GAS,0.7,e3m3,true
2022-06-01,ABBT0101896,PROD,GAS,1.5,e3m3,true
2022-06-01,ABBT0101896,PROD,GAS,1.2,e3m3,true
2022-06-01,ABBT0101896,PROD,GAS,5.7,e3m3,true
2022-06-01,ABBT0101896,PROD,GAS,2.1,e3m3,true
2022-06-01,ABBT0101896,PROD,GAS,1.9,e3m3,true
2022-06-01,ABBT0101896,PROD,GAS,1.1,e3m3,true
2022-06-01,ABBT0101896,REC,GAS,8.9,e3m3,true
2022-06-01,ABBT0101896,VENT,GAS,1.9,e3m3,true
2022-06-01,ABBT0101896,DISP,OIL,0.2,m3,true
2022-06-01,ABBT0101896,IMBAL,OIL,0,m3,true
2022-06-01,ABBT0101896,DISP,SAND,0.3,,true
2022-06-01,ABBT0101896,DIFF,WATER,0,m3,true
2022-06-01,ABBT0101896,DISP,WATER,2.5,m3,true
2022-06-01,ABBT0101896,PROD,WATER,2.5,m3,true
2022-06-01,ABBT0120813,DIFF,GAS,0,e3m3,true
2022-06-01,ABBT0120813,DISP,GAS,1.3,e3m3,true
2022-06-01,ABBT0120813,FUEL,GAS,0.2,e3m3,true
2022-06-01,ABBT0120813,PROD,GAS,3,e3m3,true
2022-06-01,ABBT0120813,VENT,GAS,1.5,e3m3,true
2022-06-01,ABBT0120813,IMBAL,OIL,0,m3,true
2022-06-01,ABBT0120813,INVCL,OIL,33.4,m3,true
2022-06-01,ABBT0120813,INVOP,OIL,33.4,m3,true
2022-06-01,ABBT0120813,DIFF,WATER,0,m3,true
2022-06-01,ABBT0120813,INVCL,WATER,1.1,m3,true
2022-06-01,ABBT0120813,INVOP,WATER,1.1,m3,true
2022-06-01,ABBT0137951,SHUTIN,,,,true
2022-06-01,ABBT0137951,SHUTIN,,,,true
2022-06-01,ABBT0137951,SHUTIN,,,,true
2022-06-01,ABBT0137951,SHUTIN,,,,true
2022-06-01,ABBT0137951,DIFF,WATER,0,m3,true
2022-06-01,ABBT0137951,INVCL,WATER,3,m3,true
2022-06-01,ABBT0137951,INVOP,WATER,3,m3,true
2022-06-01,ABBT0141479,SHUTIN,,,,true
2022-06-01,ABBT0141479,SHUTIN,,,,true
2022-06-01,ABBT2240034,,,,,true
2022-06-01,ABBT2240034,,,,,true
2022-06-01,ABBT2240034,,,,,true
2022-06-01,ABBT2240034,SHUTIN,,,,true
2022-06-01,ABBT2240034,SHUTIN,,,,true
2022-06-01,ABBT2240034,SHUTIN,,,,true
2022-06-01,ABBT2240034,SHUTIN,,,,true
2022-06-01,ABBT2240034,SHUTIN,,,,true
2022-06-01,ABBT2240034,SHUTIN,,,,true
2022-06-01,ABBT2240034,SHUTIN,,,,true
2022-06-01,ABBT2240034,SHUTIN,,,,true
2022-06-01,ABBT2240034,SHUTIN,,,,true
2022-06-01,ABBT2240034,SHUTIN,,,,true
2022-06-01,ABBT2240034,DISP,CO2,37600.3,,true
2022-06-01,ABBT2240034,DIFF,GAS,0,e3m3,true
2022-06-01,ABBT2240034,DISP,GAS,5953.9,e3m3,true
2022-06-01,ABBT2240034,FLARE,GAS,26.8,e3m3,true
2022-06-01,ABBT2240034,FUEL,GAS,167,e3m3,true
2022-06-01,ABBT2240034,PROD,GAS,7.3,e3m3,true
2022-06-01,ABBT2240034,PROD,GAS,8277.6,e3m3,true
2022-06-01,ABBT2240034,PROD,GAS,9.1,e3m3,true
2022-06-01,ABBT2240034,PROD,GAS,26.4,e3m3,true
2022-06-01,ABBT2240034,PROD,GAS,15.7,e3m3,true
2022-06-01,ABBT2240034,PROD,GAS,12542.9,e3m3,true
2022-06-01,ABBT2240034,PROD,GAS,5.7,e3m3,true
2022-06-01,ABBT2240034,PROD,GAS,12844.3,e3m3,true
2022-06-01,ABBT2240034,PROD,GAS,1411.3,e3m3,true
2022-06-01,ABBT2240034,PROD,GAS,7672.1,e3m3,true
2022-06-01,ABBT2240034,PROD,GAS,722.1,e3m3,true
2022-06-01,ABBT2240034,PROD,GAS,22,e3m3,true
2022-06-01,ABBT2240034,PURREC,GAS,191.7,e3m3,true
2022-06-01,ABBT2240034,VENT,GAS,0.2,e3m3,true
2022-06-01,ABBT2240034,DISP,OIL,4066.1,m3,true
2022-06-01,ABBT2240034,IMBAL,OIL,0,m3,true
2022-06-01,ABBT2240034,PROD,OIL,2.5,m3,true
2022-06-01,ABBT2240034,PROD,OIL,710.2,m3,true
2022-06-01,ABBT2240034,PROD,OIL,33.2,m3,true
2022-06-01,ABBT2240034,PROD,OIL,33.3,m3,true
2022-06-01,ABBT2240034,PROD,OIL,57.4,m3,true
2022-06-01,ABBT2240034,PROD,OIL,1074.2,m3,true
2022-06-01,ABBT2240034,PROD,OIL,2.5,m3,true
2022-06-01,ABBT2240034,PROD,OIL,1101.5,m3,true
2022-06-01,ABBT2240034,PROD,OIL,193,m3,true
2022-06-01,ABBT2240034,PROD,OIL,656.3,m3,true
2022-06-01,ABBT2240034,PROD,OIL,46.8,m3,true
2022-06-01,ABBT2240034,PROD,OIL,155.2,m3,true
2022-06-01,ABBT2240034,ROYALTY,OIL,0.1,m3,true
2022-06-01,ABBT2240034,ROYALTY,OIL,16.6,m3,true
2022-06-01,ABBT2240034,ROYALTY,OIL,2.1,m3,true
2022-06-01,ABBT2240034,ROYALTY,OIL,6.1,m3,true
2022-06-01,ABBT2240034,ROYALTY,OIL,25.2,m3,true
2022-06-01,ABBT2240034,ROYALTY,OIL,0.1,m3,true
2022-06-01,ABBT2240034,ROYALTY,OIL,25.8,m3,true
2022-06-01,ABBT2240034,ROYALTY,OIL,4.5,m3,true
2022-06-01,ABBT2240034,ROYALTY,OIL,15.4,m3,true
2022-06-01,ABBT2240034,ROYALTY,OIL,3.7,m3,true
2022-06-01,ABBT2240034,ROYALTY,OIL,31.2,m3,true
2022-06-01,ABBT2240034,DISP,SAND,11.9,,true
2022-06-01,ABBT2240034,DIFF,WATER,0,m3,true
2022-06-01,ABBT2240034,DISP,WATER,35.1,m3,true
2022-06-01,ABBT2240034,DISP,WATER,15786.4,m3,true
2022-06-01,ABBT2240034,PROD,WATER,400,m3,true
2022-06-01,ABBT2240034,PROD,WATER,2232.1,m3,true
2022-06-01,ABBT2240034,PROD,WATER,324.5,m3,true
2022-06-01,ABBT2240034,PROD,WATER,1630.2,m3,true
2022-06-01,ABBT2240034,PROD,WATER,973,m3,true
2022-06-01,ABBT2240034,PROD,WATER,3601.6,m3,true
2022-06-01,ABBT2240034,PROD,WATER,357.1,m3,true
2022-06-01,ABBT2240034,PROD,WATER,3524.1,m3,true
2022-06-01,ABBT2240034,PROD,WATER,4.7,m3,true
2022-06-01,ABBT2240034,PROD,WATER,1835.5,m3,true
2022-06-01,ABBT2240034,PROD,WATER,552.4,m3,true
2022-06-01,ABBT2240034,PROD,WATER,386.3,m3,true
2022-06-01,ABBT3620003,,,,,true
2022-06-01,ABBT3620003,,,,,true
2022-06-01,ABBT3620003,,,,,true
2022-06-01,ABBT3620003,SHUTIN,,,,true
2022-06-01,ABBT3620003,DIFF,GAS,0,e3m3,true
2022-06-01,ABBT3620003,FLARE,GAS,15.2,e3m3,true
2022-06-01,ABBT3620003,FUEL,GAS,7.2,e3m3,true
2022-06-01,ABBT3620003,PROD,GAS,7.4,e3m3,true
2022-06-01,ABBT3620003,PROD,GAS,5,e3m3,true
2022-06-01,ABBT3620003,PROD,GAS,4.9,e3m3,true
2022-06-01,ABBT3620003,PROD,GAS,5.5,e3m3,true
2022-06-01,ABBT3620003,VENT,GAS,0.4,e3m3,true
2022-06-01,ABBT3620003,DISP,OIL,110.7,m3,true
2022-06-01,ABBT3620003,IMBAL,OIL,0,m3,true
2022-06-01,ABBT3620003,INVCL,OIL,21.1,m3,true
2022-06-01,ABBT3620003,INVOP,OIL,15.5,m3,true
2022-06-01,ABBT3620003,PROD,OIL,51.7,m3,true
2022-06-01,ABBT3620003,PROD,OIL,19.8,m3,true
2022-06-01,ABBT3620003,PROD,OIL,9.4,m3,true
2022-06-01,ABBT3620003,PROD,OIL,35.4,m3,true
2022-06-01,ABBT3620003,ROYALTY,OIL,9,m3,true
2022-06-01,ABBT3620003,ROYALTY,OIL,0.6,m3,true
2022-06-01,ABBT3620003,DIFF,WATER,0,m3,true
2022-06-01,ABBT3620003,DISP,WATER,0.1,m3,true
2022-06-01,ABBT3620003,DISP,WATER,2216.6,m3,true
2022-06-01,ABBT3620003,INVCL,WATER,46.9,m3,true
2022-06-01,ABBT3620003,INVOP,WATER,46.9,m3,true
2022-06-01,ABBT3620003,PROD,WATER,611.7,m3,true
2022-06-01,ABBT3620003,PROD,WATER,241.8,m3,true
2022-06-01,ABBT3620003,PROD,WATER,1190.7,m3,true
2022-06-01,ABBT3620003,PROD,WATER,172.5,m3,true
2022-06-01,ABBT3710049,,,,,true
2022-06-01,ABBT3710049,,,,,true
2022-06-01,ABBT3710049,,,,,true
2022-06-01,ABBT3710049,SHUTIN,,,,true
2022-06-01,ABBT3710049,SHUTIN,,,,true
2022-06-01,ABBT3710049,SHUTIN,,,,true
2022-06-01,ABBT3710049,SHUTIN,,,,true
2022-06-01,ABBT3710049,SHUTIN,,,,true
2022-06-01,ABBT3710049,SHUTIN,,,,true
2022-06-01,ABBT3710049,DIFF,GAS,0,e3m3,true
2022-06-01,ABBT3710049,FLARE,GAS,282,e3m3,true
2022-06-01,ABBT3710049,FUEL,GAS,89.3,e3m3,true
2022-06-01,ABBT3710049,PROD,GAS,4.2,e3m3,true
2022-06-01,ABBT3710049,PROD,GAS,8.5,e3m3,true
2022-06-01,ABBT3710049,PROD,GAS,2.3,e3m3,true
2022-06-01,ABBT3710049,PROD,GAS,12.3,e3m3,true
2022-06-01,ABBT3710049,PROD,GAS,7.8,e3m3,true
2022-06-01,ABBT3710049,PROD,GAS,0.8,e3m3,true
2022-06-01,ABBT3710049,PROD,GAS,16.1,e3m3,true
2022-06-01,ABBT3710049,PROD,GAS,11,e3m3,true
2022-06-01,ABBT3710049,PROD,GAS,12.1,e3m3,true
2022-06-01,ABBT3710049,PROD,GAS,0.1,e3m3,true
2022-06-01,ABBT3710049,PROD,GAS,9.5,e3m3,true
2022-06-01,ABBT3710049,PROD,GAS,14.4,e3m3,true
2022-06-01,ABBT3710049,PROD,GAS,13.7,e3m3,true
2022-06-01,ABBT3710049,PROD,GAS,1.2,e3m3,true
2022-06-01,ABBT3710049,PROD,GAS,12.9,e3m3,true
2022-06-01,ABBT3710049,PROD,GAS,3.8,e3m3,true
2022-06-01,ABBT3710049,PROD,GAS,14.5,e3m3,true
2022-06-01,ABBT3710049,PROD,GAS,3.1,e3m3,true
2022-06-01,ABBT3710049,PROD,GAS,11.7,e3m3,true
2022-06-01,ABBT3710049,PROD,GAS,2,e3m3,true
2022-06-01,ABBT3710049,PROD,GAS,2.4,e3m3,true
2022-06-01,ABBT3710049,PROD,GAS,6.8,e3m3,true
2022-06-01,ABBT3710049,PROD,GAS,6.8,e3m3,true
2022-06-01,ABBT3710049,PROD,GAS,11.6,e3m3,true
2022-06-01,ABBT3710049,PROD,GAS,3,e3m3,true
2022-06-01,ABBT3710049,PROD,GAS,11.5,e3m3,true
2022-06-01,ABBT3710049,PROD,GAS,15.7,e3m3,true
2022-06-01,ABBT3710049,PROD,GAS,10.5,e3m3,true
2022-06-01,ABBT3710049,PROD,GAS,5.2,e3m3,true
2022-06-01,ABBT3710049,PROD,GAS,4.2,e3m3,true
2022-06-01,ABBT3710049,PROD,GAS,11.7,e3m3,true
2022-06-01,ABBT3710049,PROD,GAS,28,e3m3,true
2022-06-01,ABBT3710049,PROD,GAS,2.1,e3m3,true
2022-06-01,ABBT3710049,PROD,GAS,1.3,e3m3,true
2022-06-01,ABBT3710049,PURREC,GAS,40.4,e3m3,true
2022-06-01,ABBT3710049,PURREC,GAS,48.9,e3m3,true
2022-06-01,ABBT3710049,VENT,GAS,0.8,e3m3,true
2022-06-01,ABBT3710049,DISP,OIL,1577.3,m3,true
2022-06-01,ABBT3710049,IMBAL,OIL,0,m3,true
2022-06-01,ABBT3710049,INVCL,OIL,130.6,m3,true
2022-06-01,ABBT3710049,INVOP,OIL,136.3,m3,true
2022-06-01,ABBT3710049,PROD,OIL,67.9,m3,true
2022-06-01,ABBT3710049,PROD,OIL,29.7,m3,true
2022-06-01,ABBT3710049,PROD,OIL,42.1,m3,true
2022-06-01,ABBT3710049,PROD,OIL,141.5,m3,true
2022-06-01,ABBT3710049,PROD,OIL,8.2,m3,true
2022-06-01,ABBT3710049,PROD,OIL,24.9,m3,true
2022-06-01,ABBT3710049,PROD,OIL,51.6,m3,true
2022-06-01,ABBT3710049,PROD,OIL,30.2,m3,true
2022-06-01,ABBT3710049,PROD,OIL,22.2,m3,true
2022-06-01,ABBT3710049,PROD,OIL,16.6,m3,true
2022-06-01,ABBT3710049,PROD,OIL,29.6,m3,true
2022-06-01,ABBT3710049,PROD,OIL,44.5,m3,true
2022-06-01,ABBT3710049,PROD,OIL,144.5,m3,true
2022-06-01,ABBT3710049,PROD,OIL,20.6,m3,true
2022-06-01,ABBT3710049,PROD,OIL,76.4,m3,true
2022-06-01,ABBT3710049,PROD,OIL,34.7,m3,true
2022-06-01,ABBT3710049,PROD,OIL,57.7,m3,true
2022-06-01,ABBT3710049,PROD,OIL,22,m3,true
2022-06-01,ABBT3710049,PROD,OIL,45.4,m3,true
2022-06-01,ABBT3710049,PROD,OIL,21.2,m3,true
2022-06-01,ABBT3710049,PROD,OIL,45.4,m3,true
2022-06-01,ABBT3710049,PROD,OIL,66.2,m3,true
2022-06-01,ABBT3710049,PROD,OIL,66.2,m3,true
2022-06-01,ABBT3710049,PROD,OIL,20.6,m3,true
2022-06-01,ABBT3710049,PROD,OIL,10.7,m3,true
2022-06-01,ABBT3710049,PROD,OIL,42.4,m3,true
2022-06-01,ABBT3710049,PROD,OIL,93.6,m3,true
2022-06-01,ABBT3710049,PROD,OIL,72.1,m3,true
2022-06-01,ABBT3710049,PROD,OIL,28.4,m3,true
2022-06-01,ABBT3710049,PROD,OIL,46.5,m3,true
2022-06-01,ABBT3710049,PROD,OIL,65.1,m3,true
2022-06-01,ABBT3710049,PROD,OIL,42.9,m3,true
2022-06-01,ABBT3710049,PROD,OIL,24,m3,true
2022-06-01,ABBT3710049,PROD,OIL,16,m3,true
2022-06-01,ABBT3710049,ROYALTY,OIL,3.5,m3,true
2022-06-01,ABBT3710049,ROYALTY,OIL,0.5,m3,true
2022-06-01,ABBT3710049,ROYALTY,OIL,9,m3,true
2022-06-01,ABBT3710049,ROYALTY,OIL,3.6,m3,true
2022-06-01,ABBT3710049,ROYALTY,OIL,1.4,m3,true
2022-06-01,ABBT3710049,ROYALTY,OIL,0.9,m3,true
2022-06-01,ABBT3710049,ROYALTY,OIL,51.2,m3,true
2022-06-01,ABBT3710049,ROYALTY,OIL,1.7,m3,true
2022-06-01,ABBT3710049,ROYALTY,OIL,18.2,m3,true
2022-06-01,ABBT3710049,ROYALTY,OIL,10.9,m3,true
2022-06-01,ABBT3710049,ROYALTY,OIL,7.1,m3,true
2022-06-01,ABBT3710049,ROYALTY,OIL,1.3,m3,true
2022-06-01,ABBT3710049,ROYALTY,OIL,7.1,m3,true
2022-06-01,ABBT3710049,ROYALTY,OIL,0.7,m3,true
2022-06-01,ABBT3710049,ROYALTY,OIL,6.3,m3,true
2022-06-01,ABBT3710049,ROYALTY,OIL,3.5,m3,true
2022-06-01,ABBT3710049,ROYALTY,OIL,8.8,m3,true
2022-06-01,ABBT3710049,DISP,SAND,8.1,,true
2022-06-01,ABBT3710049,DIFF,WATER,0,m3,true
2022-06-01,ABBT3710049,DISP,WATER,37.5,m3,true
2022-06-01,ABBT3710049,DISP,WATER,67480,m3,true
2022-06-01,ABBT3710049,DISP,WATER,3480,m3,true
2022-06-01,ABBT3710049,DISP,WATER,5047,m3,true
2022-06-01,ABBT3710049,PROD,WATER,121.8,m3,true
2022-06-01,ABBT3710049,PROD,WATER,1727.1,m3,true
2022-06-01,ABBT3710049,PROD,WATER,1168.7,m3,true
2022-06-01,ABBT3710049,PROD,WATER,892.1,m3,true
2022-06-01,ABBT3710049,PROD,WATER,1653.9,m3,true
2022-06-01,ABBT3710049,PROD,WATER,601.6,m3,true
2022-06-01,ABBT3710049,PROD,WATER,2027.7,m3,true
2022-06-01,ABBT3710049,PROD,WATER,644.1,m3,true
2022-06-01,ABBT3710049,PROD,WATER,1476.3,m3,true
2022-06-01,ABBT3710049,PROD,WATER,1674,m3,true
2022-06-01,ABBT3710049,PROD,WATER,2966.2,m3,true
2022-06-01,ABBT3710049,PROD,WATER,4449.4,m3,true
2022-06-01,ABBT3710049,PROD,WATER,2103.2,m3,true
2022-06-01,ABBT3710049,PROD,WATER,627.3,m3,true
2022-06-01,ABBT3710049,PROD,WATER,1850.9,m3,true
2022-06-01,ABBT3710049,PROD,WATER,1446.1,m3,true
2022-06-01,ABBT3710049,PROD,WATER,8264.5,m3,true
2022-06-01,ABBT3710049,PROD,WATER,583.4,m3,true
2022-06-01,ABBT3710049,PROD,WATER,565.6,m3,true
2022-06-01,ABBT3710049,PROD,WATER,1050.6,m3,true
2022-06-01,ABBT3710049,PROD,WATER,1787.7,m3,true
2022-06-01,ABBT3710049,PROD,WATER,1271.1,m3,true
2022-06-01,ABBT3710049,PROD,WATER,1271.1,m3,true
2022-06-01,ABBT3710049,PROD,WATER,10333.6,m3,true
2022-06-01,ABBT3710049,PROD,WATER,419.1,m3,true
2022-06-01,ABBT3710049,PROD,WATER,1676.4,m3,true
2022-06-01,ABBT3710049,PROD,WATER,766.2,m3,true
2022-06-01,ABBT3710049,PROD,WATER,4789.1,m3,true
2022-06-01,ABBT3710049,PROD,WATER,2840.7,m3,true
2022-06-01,ABBT3710049,PROD,WATER,1297,m3,true
2022-06-01,ABBT3710049,PROD,WATER,2164.2,m3,true
2022-06-01,ABBT3710049,PROD,WATER,10765.7,m3,true
2022-06-01,ABBT3710049,PROD,WATER,460.9,m3,true
2022-06-01,ABBT3710049,PROD,WATER,307.2,m3,true
2022-06-01,ABBT4180001,,,,,true
2022-06-01,ABBT4180001,,,,,true
2022-06-01,ABBT4180001,,,,,true
2022-06-01,ABBT4180001,DIFF,GAS,0,e3m3,true
2022-06-01,ABBT4180001,DISP,GAS,24.3,e3m3,true
2022-06-01,ABBT4180001,FLARE,GAS,2.9,e3m3,true
2022-06-01,ABBT4180001,FUEL,GAS,5.9,e3m3,true
2022-06-01,ABBT4180001,PROD,GAS,24.1,e3m3,true
2022-06-01,ABBT4180001,PROD,GAS,10.4,e3m3,true
2022-06-01,ABBT4180001,VENT,GAS,1.4,e3m3,true
2022-06-01,ABBT4180001,DISP,OIL,366.3,m3,true
2022-06-01,ABBT4180001,IMBAL,OIL,0,m3,true
2022-06-01,ABBT4180001,INVCL,OIL,37,m3,true
2022-06-01,ABBT4180001,INVOP,OIL,18.6,m3,true
2022-06-01,ABBT4180001,PROD,OIL,283,m3,true
2022-06-01,ABBT4180001,PROD,OIL,101.7,m3,true
2022-06-01,ABBT4180001,ROYALTY,OIL,113.2,m3,true
2022-06-01,ABBT4180001,ROYALTY,OIL,31.9,m3,true
2022-06-01,ABBT4180001,DIFF,WATER,0,m3,true
2022-06-01,ABBT4180001,DISP,WATER,1.4,m3,true
2022-06-01,ABBT4180001,DISP,WATER,2673,m3,true
2022-06-01,ABBT4180001,PROD,WATER,1846.1,m3,true
2022-06-01,ABBT4180001,PROD,WATER,828.3,m3,true
2022-06-01,ABBT4550001,,,,,true
2022-06-01,ABBT4550001,,,,,true
2022-06-01,ABBT4550001,,,,,true
2022-06-01,ABBT4550001,SHUTIN,,,,true
2022-06-01,ABBT4550001,SHUTIN,,,,true
2022-06-01,ABBT4550001,SHUTIN,,,,true
2022-06-01,ABBT4550001,SHUTIN,,,,true
2022-06-01,ABBT4550001,SHUTIN,,,,true
2022-06-01,ABBT4550001,SHUTIN,,,,true
2022-06-01,ABBT4550001,SHUTIN,,,,true
2022-06-01,ABBT4550001,SHUTIN,,,,true
2022-06-01,ABBT4550001,DIFF,GAS,0,e3m3,true
2022-06-01,ABBT4550001,FLARE,GAS,213.6,e3m3,true
2022-06-01,ABBT4550001,FUEL,GAS,5.4,e3m3,true
2022-06-01,ABBT4550001,PROD,GAS,5.2,e3m3,true
2022-06-01,ABBT4550001,PROD,GAS,5.9,e3m3,true
2022-06-01,ABBT4550001,PROD,GAS,1.7,e3m3,true
2022-06-01,ABBT4550001,PROD,GAS,25.7,e3m3,true
2022-06-01,ABBT4550001,PROD,GAS,5.5,e3m3,true
2022-06-01,ABBT4550001,PROD,GAS,85.4,e3m3,true
2022-06-01,ABBT4550001,PROD,GAS,5.5,e3m3,true
2022-06-01,ABBT4550001,PROD,GAS,5.2,e3m3,true
2022-06-01,ABBT4550001,PROD,GAS,70.5,e3m3,true
2022-06-01,ABBT4550001,REC,GAS,8.4,e3m3,true
2022-06-01,ABBT4550001,DISP,OIL,521.9,m3,true
2022-06-01,ABBT4550001,IMBAL,OIL,0,m3,true
2022-06-01,ABBT4550001,INVCL,OIL,91.5,m3,true
2022-06-01,ABBT4550001,INVOP,OIL,131.4,m3,true
2022-06-01,ABBT4550001,PROD,OIL,39.3,m3,true
2022-06-01,ABBT4550001,PROD,OIL,61.6,m3,true
2022-06-01,ABBT4550001,PROD,OIL,13.2,m3,true
2022-06-01,ABBT4550001,PROD,OIL,72.5,m3,true
2022-06-01,ABBT4550001,PROD,OIL,12,m3,true
2022-06-01,ABBT4550001,PROD,OIL,251.1,m3,true
2022-06-01,ABBT4550001,PROD,OIL,20.1,m3,true
2022-06-01,ABBT4550001,PROD,OIL,12.2,m3,true
2022-06-01,ABBT4550001,ROYALTY,OIL,1.1,m3,true
2022-06-01,ABBT4550001,ROYALTY,OIL,16.5,m3,true
2022-06-01,ABBT4550001,ROYALTY,OIL,1,m3,true
2022-06-01,ABBT4550001,DISP,SAND,10.6,,true
2022-06-01,ABBT4550001,DIFF,WATER,0,m3,true
2022-06-01,ABBT4550001,DISP,WATER,45.3,m3,true
2022-06-01,ABBT4550001,DISP,WATER,4442,m3,true
2022-06-01,ABBT4550001,DISP,WATER,2083.6,m3,true
2022-06-01,ABBT4550001,DISP,WATER,893.6,m3,true
2022-06-01,ABBT4550001,PROD,WATER,1124.7,m3,true
2022-06-01,ABBT4550001,PROD,WATER,500.4,m3,true
2022-06-01,ABBT4550001,PROD,WATER,464,m3,true
2022-06-01,ABBT4550001,PROD,WATER,2237.3,m3,true
2022-06-01,ABBT4550001,PROD,WATER,835.8,m3,true
2022-06-01,ABBT4550001,PROD,WATER,418.5,m3,true
2022-06-01,ABBT4550001,PROD,WATER,747.5,m3,true
2022-06-01,ABBT4550001,PROD,WATER,1136.3,m3,true
2022-06-01,ABBT4940020,,,,,true
2022-06-01,ABBT4940020,,,,,true
2022-06-01,ABBT4940020,,,,,true
2022-06-01,ABBT4940020,SHUTIN,,,,true
2022-06-01,ABBT4940020,SHUTIN,,,,true
2022-06-01,ABBT4940020,SHUTIN,,,,true
2022-06-01,ABBT4940020,SHUTIN,,,,true
2022-06-01,ABBT4940020,DIFF,GAS,0,e3m3,true
2022-06-01,ABBT4940020,DISP,GAS,8.9,e3m3,true
2022-06-01,ABBT4940020,DISP,GAS,12.1,e3m3,true
2022-06-01,ABBT4940020,FLARE,GAS,554.9,e3m3,true
2022-06-01,ABBT4940020,FUEL,GAS,76,e3m3,true
2022-06-01,ABBT4940020,PROD,GAS,21,e3m3,true
2022-06-01,ABBT4940020,PROD,GAS,22.3,e3m3,true
2022-06-01,ABBT4940020,PROD,GAS,29,e3m3,true
2022-06-01,ABBT4940020,PROD,GAS,22.1,e3m3,true
2022-06-01,ABBT4940020,PROD,GAS,22.3,e3m3,true
2022-06-01,ABBT4940020,PROD,GAS,48.7,e3m3,true
2022-06-01,ABBT4940020,PROD,GAS,46,e3m3,true
2022-06-01,ABBT4940020,PROD,GAS,6.5,e3m3,true
2022-06-01,ABBT4940020,PROD,GAS,16.4,e3m3,true
2022-06-01,ABBT4940020,PROD,GAS,12.5,e3m3,true
2022-06-01,ABBT4940020,PROD,GAS,32.5,e3m3,true
2022-06-01,ABBT4940020,PROD,GAS,26.6,e3m3,true
2022-06-01,ABBT4940020,PROD,GAS,26.5,e3m3,true
2022-06-01,ABBT4940020,PROD,GAS,191.5,e3m3,true
2022-06-01,ABBT4940020,REC,GAS,130,e3m3,true
2022-06-01,ABBT4940020,VENT,GAS,2,e3m3,true
2022-06-01,ABBT4940020,DISP,OIL,1085.3,m3,true
2022-06-01,ABBT4940020,IMBAL,OIL,0,m3,true
2022-06-01,ABBT4940020,INVCL,OIL,206.2,m3,true
2022-06-01,ABBT4940020,INVOP,OIL,178.7,m3,true
2022-06-01,ABBT4940020,PROD,OIL,55.2,m3,true
2022-06-01,ABBT4940020,PROD,OIL,49.6,m3,true
2022-06-01,ABBT4940020,PROD,OIL,84.5,m3,true
2022-06-01,ABBT4940020,PROD,OIL,53.1,m3,true
2022-06-01,ABBT4940020,PROD,OIL,43.1,m3,true
2022-06-01,ABBT4940020,PROD,OIL,118.1,m3,true
2022-06-01,ABBT4940020,PROD,OIL,107.3,m3,true
2022-06-01,ABBT4940020,PROD,OIL,6.5,m3,true
2022-06-01,ABBT4940020,PROD,OIL,28.5,m3,true
2022-06-01,ABBT4940020,PROD,OIL,19.3,m3,true
2022-06-01,ABBT4940020,PROD,OIL,93.3,m3,true
2022-06-01,ABBT4940020,PROD,OIL,86.3,m3,true
2022-06-01,ABBT4940020,PROD,OIL,47.6,m3,true
2022-06-01,ABBT4940020,PROD,OIL,320.4,m3,true
2022-06-01,ABBT4940020,ROYALTY,OIL,4.1,m3,true
2022-06-01,ABBT4940020,ROYALTY,OIL,3.4,m3,true
2022-06-01,ABBT4940020,ROYALTY,OIL,8.7,m3,true
2022-06-01,ABBT4940020,ROYALTY,OIL,3.8,m3,true
2022-06-01,ABBT4940020,ROYALTY,OIL,2.7,m3,true
2022-06-01,ABBT4940020,ROYALTY,OIL,15.2,m3,true
2022-06-01,ABBT4940020,ROYALTY,OIL,13.4,m3,true
2022-06-01,ABBT4940020,ROYALTY,OIL,0.2,m3,true
2022-06-01,ABBT4940020,ROYALTY,OIL,1.3,m3,true
2022-06-01,ABBT4940020,ROYALTY,OIL,0.7,m3,true
2022-06-01,ABBT4940020,ROYALTY,OIL,10.4,m3,true
2022-06-01,ABBT4940020,ROYALTY,OIL,9,m3,true
2022-06-01,ABBT4940020,ROYALTY,OIL,3.1,m3,true
2022-06-01,ABBT4940020,ROYALTY,OIL,48.7,m3,true
2022-06-01,ABBT4940020,DIFF,WATER,0,m3,true
2022-06-01,ABBT4940020,DISP,WATER,2.1,m3,true
2022-06-01,ABBT4940020,DISP,WATER,25221,m3,true
2022-06-01,ABBT4940020,PROD,WATER,1057.8,m3,true
2022-06-01,ABBT4940020,PROD,WATER,1388.8,m3,true
2022-06-01,ABBT4940020,PROD,WATER,1146.3,m3,true
2022-06-01,ABBT4940020,PROD,WATER,1023,m3,true
2022-06-01,ABBT4940020,PROD,WATER,1002.8,m3,true
2022-06-01,ABBT4940020,PROD,WATER,1967.4,m3,true
2022-06-01,ABBT4940020,PROD,WATER,825.7,m3,true
2022-06-01,ABBT4940020,PROD,WATER,654.3,m3,true
2022-06-01,ABBT4940020,PROD,WATER,1481.4,m3,true
2022-06-01,ABBT4940020,PROD,WATER,1343.5,m3,true
2022-06-01,ABBT4940020,PROD,WATER,629.4,m3,true
2022-06-01,ABBT4940020,PROD,WATER,1732.8,m3,true
2022-06-01,ABBT4940020,PROD,WATER,1584.9,m3,true
2022-06-01,ABBT4940020,PROD,WATER,9385,m3,true
2022-06-01,ABBT9880004,,,,,true
2022-06-01,ABBT9880004,,,,,true
2022-06-01,ABBT9880004,,,,,true
2022-06-01,ABBT9880004,SHUTIN,,,,true
2022-06-01,ABBT9880004,SHUTIN,,,,true
2022-06-01,ABBT9880004,SHUTIN,,,,true
2022-06-01,ABBT9880004,SHUTIN,,,,true
2022-06-01,ABBT9880004,DIFF,GAS,0,e3m3,true
2022-06-01,ABBT9880004,FLARE,GAS,77.4,e3m3,true
2022-06-01,ABBT9880004,FUEL,GAS,9.9,e3m3,true
2022-06-01,ABBT9880004,PROD,GAS,13.9,e3m3,true
2022-06-01,ABBT9880004,PROD,GAS,12.1,e3m3,true
2022-06-01,ABBT9880004,PROD,GAS,12,e3m3,true
2022-06-01,ABBT9880004,PROD,GAS,7.9,e3m3,true
2022-06-01,ABBT9880004,PURREC,GAS,41.4,e3m3,true
2022-06-01,ABBT9880004,DISP,OIL,329.6,m3,true
2022-06-01,ABBT9880004,IMBAL,OIL,0,m3,true
2022-06-01,ABBT9880004,INVCL,OIL,112.7,m3,true
2022-06-01,ABBT9880004,INVOP,OIL,172.5,m3,true
2022-06-01,ABBT9880004,PROD,OIL,86.7,m3,true
2022-06-01,ABBT9880004,PROD,OIL,62.2,m3,true
2022-06-01,ABBT9880004,PROD,OIL,106.5,m3,true
2022-06-01,ABBT9880004,PROD,OIL,14.4,m3,true
2022-06-01,ABBT9880004,ROYALTY,OIL,8.8,m3,true
2022-06-01,ABBT9880004,ROYALTY,OIL,11,m3,true
2022-06-01,ABBT9880004,ROYALTY,OIL,34.2,m3,true
2022-06-01,ABBT9880004,ROYALTY,OIL,1,m3,true
2022-06-01,ABBT9880004,DIFF,WATER,0,m3,true
2022-06-01,ABBT9880004,DISP,WATER,0.6,m3,true
2022-06-01,ABBT9880004,DISP,WATER,1070,m3,true
2022-06-01,ABBT9880004,PROD,WATER,633.5,m3,true
2022-06-01,ABBT9880004,PROD,WATER,18,m3,true
2022-06-01,ABBT9880004,PROD,WATER,354.6,m3,true
2022-06-01,ABBT9880004,PROD,WATER,64.5,m3,true
2022-06-01,ABGS0002227,DIFF,GAS,1,e3m3,true
2022-06-01,ABGS0002227,DISP,GAS,29.6,e3m3,true
2022-06-01,ABGS0002227,REC,GAS,12.1,e3m3,true
2022-06-01,ABGS0002227,REC,GAS,18.5,e3m3,true
2022-06-01,ABGS0002227,DIFF,WATER,0,m3,true
2022-06-01,ABGS0002227,DISP,WATER,2,m3,true
2022-06-01,ABGS0002227,REC,WATER,2,m3,true
2022-06-01,ABGS0135864,DIFF,GAS,0,e3m3,true
2022-06-01,ABGS0135864,DISP,GAS,18.5,e3m3,true
2022-06-01,ABGS0135864,REC,GAS,1.5,e3m3,true
2022-06-01,ABGS0135864,REC,GAS,15.7,e3m3,true
2022-06-01,ABGS0135864,REC,GAS,1.3,e3m3,true
2022-06-01,ABIF0007002,SHUTIN,,,,true
2022-06-01,ABIF0007002,SHUTIN,,,,true
2022-06-01,ABIF0007002,SHUTIN,,,,true
2022-06-01,ABIF0007002,SHUTIN,,,,true
2022-06-01,ABIF0007002,SHUTIN,,,,true
2022-06-01,ABIF0007002,SHUTIN,,,,true
2022-06-01,ABIF0007002,SHUTIN,,,,true
2022-06-01,ABIF0007004,DIFF,WATER,0,m3,true
2022-06-01,ABIF0007004,INJ,WATER,3760,m3,true
2022-06-01,ABIF0007004,INJ,WATER,4903,m3,true
2022-06-01,ABIF0007004,INJ,WATER,7713,m3,true
2022-06-01,ABIF0007004,INJ,WATER,18114,m3,true
2022-06-01,ABIF0007004,INJ,WATER,10351,m3,true
2022-06-01,ABIF0007004,INJ,WATER,1362,m3,true
2022-06-01,ABIF0007004,INJ,WATER,7246,m3,true
2022-06-01,ABIF0007004,INJ,WATER,4142,m3,true
2022-06-01,ABIF0007004,INJ,WATER,9889,m3,true
2022-06-01,ABIF0007004,REC,WATER,67480,m3,true
2022-06-01,ABIF0007006,DIFF,WATER,0,m3,true
2022-06-01,ABIF0007006,INJ,WATER,2673,m3,true
2022-06-01,ABIF0007006,INVCL,WATER,0.2,m3,true
2022-06-01,ABIF0007006,INVOP,WATER,0.2,m3,true
2022-06-01,ABIF0007006,REC,WATER,2673,m3,true
2022-06-01,ABIF0007052,DIFF,WATER,0,m3,true
2022-06-01,ABIF0007052,INJ,WATER,4442,m3,true
2022-06-01,ABIF0007052,REC,WATER,4442,m3,true
2022-06-01,ABIF0007274,DIFF,WATER,0,m3,true
2022-06-01,ABIF0007274,INJ,WATER,954,m3,true
2022-06-01,ABIF0007274,INJ,WATER,24267,m3,true
2022-06-01,ABIF0007274,REC,WATER,25221,m3,true
2022-06-01,ABIF0008261,DIFF,WATER,0,m3,true
2022-06-01,ABIF0008261,INJ,WATER,2083.6,m3,true
2022-06-01,ABIF0008261,REC,WATER,2083.6,m3,true
2022-06-01,ABIF0008386,DIFF,WATER,0,m3,true
2022-06-01,ABIF0008386,INJ,WATER,2216.6,m3,true
2022-06-01,ABIF0008386,REC,WATER,2216.6,m3,true
2022-06-01,ABIF0008917,DIFF,WATER,0,m3,true
2022-06-01,ABIF0008917,INJ,WATER,893.6,m3,true
2022-06-01,ABIF0008917,INVCL,WATER,0.1,m3,true
2022-06-01,ABIF0008917,INVOP,WATER,0.1,m3,true
2022-06-01,ABIF0008917,REC,WATER,893.6,m3,true
2022-06-01,ABIF0008992,SHUTIN,,,,true
2022-06-01,ABIF0009829,SHUTIN,,,,true
2022-06-01,ABIF0009829,DIFF,WATER,0,m3,true
2022-06-01,ABIF0009829,INJ,WATER,1070,m3,true
2022-06-01,ABIF0009829,REC,WATER,1070,m3,true
2022-06-01,ABIF0009839,DIFF,WATER,0,m3,true
2022-06-01,ABIF0009839,INJ,WATER,3480,m3,true
2022-06-01,ABIF0009839,REC,WATER,3480,m3,true
2022-06-01,ABIF0140734,DIFF,WATER,0,m3,true
2022-06-01,ABIF0140734,INJ,WATER,5047,m3,true
2022-06-01,ABIF0140734,REC,WATER,5047,m3,true
2022-06-01,ABIF0156447,INJ,CO2,13438.5,,true
2022-06-01,ABIF0156447,INJ,CO2,14787.7,,true
2022-06-01,ABIF0156447,INJ,CO2,13747.6,,true
2022-06-01,ABIF0156447,INJ,CO2,11897.7,,true
2022-06-01,ABIF0156447,INJ,CO2,13441.2,,true
2022-06-01,ABIF0156447,INJ,CO2,17755.9,,true
2022-06-01,ABIF0156447,INJ,CO2,13898.7,,true
2022-06-01,ABIF0156447,REC,CO2,37600.3,,true
2022-06-01,ABIF0156447,REC,CO2,61367,,true
2022-06-01,ABIF0156447,DIFF,GAS,0,e3m3,true
2022-06-01,ABIF0156447,INJ,GAS,914.3,e3m3,true
2022-06-01,ABIF0156447,INJ,GAS,1005.1,e3m3,true
2022-06-01,ABIF0156447,INJ,GAS,943,e3m3,true
2022-06-01,ABIF0156447,INJ,GAS,827.1,e3m3,true
2022-06-01,ABIF0156447,INJ,GAS,898,e3m3,true
2022-06-01,ABIF0156447,INJ,GAS,1209.3,e3m3,true
2022-06-01,ABIF0156447,INJ,GAS,950.8,e3m3,true
2022-06-01,ABIF0156447,REC,GAS,5953.9,e3m3,true
2022-06-01,ABIF0156447,REC,GAS,793.7,e3m3,true
2022-06-01,ABIF0156447,DISP,SAND,0.2,,true
2022-06-01,ABIF0156447,DIFF,WATER,0,m3,true
2022-06-01,ABIF0156447,DISP,WATER,6.8,m3,true
2022-06-01,ABIF0156447,INJ,WATER,15779.6,m3,true
2022-06-01,ABIF0156447,REC,WATER,15786.4,m3,true
2022-02-01,ABBT0041124,SHUTIN,,,,true
2022-02-01,ABBT0048421,DIFF,GAS,0,e3m3,true
2022-02-01,ABBT0048421,DISP,GAS,71.6,e3m3,true
2022-02-01,ABBT0048421,FUEL,GAS,0.4,e3m3,true
2022-02-01,ABBT0048421,PROD,GAS,72.4,e3m3,true
2022-02-01,ABBT0048421,VENT,GAS,0.4,e3m3,true
2022-02-01,ABBT0059275,SHUTIN,,,,true
2022-02-01,ABBT0059275,IMBAL,OIL,0,m3,true
2022-02-01,ABBT0059275,INVCL,OIL,7.9,m3,true
2022-02-01,ABBT0059275,INVOP,OIL,7.9,m3,true
2022-02-01,ABBT0083457,IMBAL,OIL,0,m3,true
2022-02-01,ABBT0083457,INVCL,OIL,12,m3,true
2022-02-01,ABBT0083457,INVOP,OIL,12,m3,true
2022-02-01,ABBT0083457,DIFF,WATER,0,m3,true
2022-02-01,ABBT0083457,INVCL,WATER,10.4,m3,true
2022-02-01,ABBT0083457,INVOP,WATER,10.4,m3,true
2022-02-01,ABBT0091980,SHUTIN,,,,true
2022-02-01,ABBT0091980,IMBAL,OIL,0,m3,true
2022-02-01,ABBT0091980,INVCL,OIL,24.6,m3,true
2022-02-01,ABBT0091980,INVOP,OIL,24.6,m3,true
2022-02-01,ABBT0101896,PROD,COND,3.5,m3,true
2022-02-01,ABBT0101896,DIFF,GAS,0,e3m3,true
2022-02-01,ABBT0101896,DISP,GAS,762,e3m3,true
2022-02-01,ABBT0101896,FLARE,GAS,3.9,e3m3,true
2022-02-01,ABBT0101896,FUEL,GAS,19.9,e3m3,true
2022-02-01,ABBT0101896,PROD,GAS,27.1,e3m3,true
2022-02-01,ABBT0101896,PROD,GAS,21.3,e3m3,true
2022-02-01,ABBT0101896,PROD,GAS,134.8,e3m3,true
2022-02-01,ABBT0101896,PROD,GAS,54,e3m3,true
2022-02-01,ABBT0101896,PROD,GAS,35,e3m3,true
2022-02-01,ABBT0101896,PROD,GAS,179.5,e3m3,true
2022-02-01,ABBT0101896,PROD,GAS,74.1,e3m3,true
2022-02-01,ABBT0101896,PROD,GAS,18.5,e3m3,true
2022-02-01,ABBT0101896,PROD,GAS,72.4,e3m3,true
2022-02-01,ABBT0101896,PROD,GAS,145.2,e3m3,true
2022-02-01,ABBT0101896,REC,GAS,28.6,e3m3,true
2022-02-01,ABBT0101896,VENT,GAS,4.7,e3m3,true
2022-02-01,ABBT0101896,DISP,OIL,3.5,m3,true
2022-02-01,ABBT0101896,IMBAL,OIL,0,m3,true
2022-02-01,ABBT0120813,DIFF,GAS,0,e3m3,true
2022-02-01,ABBT0120813,DISP,GAS,43.2,e3m3,true
2022-02-01,ABBT0120813,FUEL,GAS,2.4,e3m3,true
2022-02-01,ABBT0120813,PROD,GAS,46.3,e3m3,true
2022-02-01,ABBT0120813,VENT,GAS,0.7,e3m3,true
2022-02-01,ABBT0120813,IMBAL,OIL,0,m3,true
2022-02-01,ABBT0120813,INVCL,OIL,11.2,m3,true
2022-02-01,ABBT0120813,INVOP,OIL,6.5,m3,true
2022-02-01,ABBT0120813,PROD,OIL,4.7,m3,true
2022-02-01,ABBT0120813,DIFF,WATER,0,m3,true
2022-02-01,ABBT0120813,INVCL,WATER,1.1,m3,true
2022-02-01,ABBT0120813,INVOP,WATER,1.1,m3,true
2022-02-01,ABBT0137951,SHUTIN,,,,true
2022-02-01,ABBT0137951,SHUTIN,,,,true
2022-02-01,ABBT0137951,SHUTIN,,,,true
2022-02-01,ABBT0137951,SHUTIN,,,,true
2022-02-01,ABBT0137951,DIFF,WATER,0,m3,true
2022-02-01,ABBT0137951,INVCL,WATER,3,m3,true
2022-02-01,ABBT0137951,INVOP,WATER,3,m3,true
2022-02-01,ABBT0141479,SHUTIN,,,,true
2022-02-01,ABBT2240034,,,,,true
2022-02-01,ABBT2240034,,,,,true
2022-02-01,ABBT2240034,,,,,true
2022-02-01,ABBT2240034,SHUTIN,,,,true
2022-02-01,ABBT2240034,SHUTIN,,,,true
2022-02-01,ABBT2240034,SHUTIN,,,,true
2022-02-01,ABBT2240034,SHUTIN,,,,true
2022-02-01,ABBT2240034,SHUTIN,,,,true
2022-02-01,ABBT2240034,SHUTIN,,,,true
2022-02-01,ABBT2240034,SHUTIN,,,,true
2022-02-01,ABBT2240034,SHUTIN,,,,true
2022-02-01,ABBT2240034,SHUTIN,,,,true
2022-02-01,ABBT2240034,SHUTIN,,,,true
2022-02-01,ABBT2240034,SHUTIN,,,,true
2022-02-01,ABBT2240034,SHUTIN,,,,true
2022-02-01,ABBT2240034,DISP,CO2,33592.3,,true
2022-02-01,ABBT2240034,DIFF,GAS,0,e3m3,true
2022-02-01,ABBT2240034,DISP,GAS,4368.5,e3m3,true
2022-02-01,ABBT2240034,FLARE,GAS,24.6,e3m3,true
2022-02-01,ABBT2240034,FUEL,GAS,55.8,e3m3,true
2022-02-01,ABBT2240034,PROD,GAS,8831.2,e3m3,true
2022-02-01,ABBT2240034,PROD,GAS,8.5,e3m3,true
2022-02-01,ABBT2240034,PROD,GAS,35.7,e3m3,true
2022-02-01,ABBT2240034,PROD,GAS,18.5,e3m3,true
2022-02-01,ABBT2240034,PROD,GAS,8706.3,e3m3,true
2022-02-01,ABBT2240034,PROD,GAS,8782.2,e3m3,true
2022-02-01,ABBT2240034,PROD,GAS,1355.7,e3m3,true
2022-02-01,ABBT2240034,PROD,GAS,9438.6,e3m3,true
2022-02-01,ABBT2240034,PROD,GAS,675.4,e3m3,true
2022-02-01,ABBT2240034,PROD,GAS,20.3,e3m3,true
2022-02-01,ABBT2240034,PURREC,GAS,169,e3m3,true
2022-02-01,ABBT2240034,VENT,GAS,0.2,e3m3,true
2022-02-01,ABBT2240034,DISP,OIL,3631.2,m3,true
2022-02-01,ABBT2240034,IMBAL,OIL,0,m3,true
2022-02-01,ABBT2240034,PROD,OIL,768.4,m3,true
2022-02-01,ABBT2240034,PROD,OIL,0.8,m3,true
2022-02-01,ABBT2240034,PROD,OIL,31.2,m3,true
2022-02-01,ABBT2240034,PROD,OIL,15.1,m3,true
2022-02-01,ABBT2240034,PROD,OIL,891.9,m3,true
2022-02-01,ABBT2240034,PROD,OIL,826.7,m3,true
2022-02-01,ABBT2240034,PROD,OIL,163.9,m3,true
2022-02-01,ABBT2240034,PROD,OIL,732.1,m3,true
2022-02-01,ABBT2240034,PROD,OIL,62.4,m3,true
2022-02-01,ABBT2240034,PROD,OIL,138.7,m3,true
2022-02-01,ABBT2240034,ROYALTY,OIL,18,m3,true
2022-02-01,ABBT2240034,ROYALTY,OIL,20.9,m3,true
2022-02-01,ABBT2240034,ROYALTY,OIL,19.4,m3,true
2022-02-01,ABBT2240034,ROYALTY,OIL,22.4,m3,true
2022-02-01,ABBT2240034,ROYALTY,OIL,17.2,m3,true
2022-02-01,ABBT2240034,ROYALTY,OIL,3.5,m3,true
2022-02-01,ABBT2240034,ROYALTY,OIL,20.1,m3,true
2022-02-01,ABBT2240034,DIFF,WATER,0,m3,true
2022-02-01,ABBT2240034,DISP,WATER,3.6,m3,true
2022-02-01,ABBT2240034,DISP,WATER,1178.2,m3,true
2022-02-01,ABBT2240034,DISP,WATER,23520.3,m3,true
2022-02-01,ABBT2240034,PROD,WATER,3691.3,m3,true
2022-02-01,ABBT2240034,PROD,WATER,650.5,m3,true
2022-02-01,ABBT2240034,PROD,WATER,2693.4,m3,true
2022-02-01,ABBT2240034,PROD,WATER,1476.3,m3,true
2022-02-01,ABBT2240034,PROD,WATER,6928.2,m3,true
2022-02-01,ABBT2240034,PROD,WATER,4863.6,m3,true
2022-02-01,ABBT2240034,PROD,WATER,25.4,m3,true
2022-02-01,ABBT2240034,PROD,WATER,2707.3,m3,true
2022-02-01,ABBT2240034,PROD,WATER,1121.6,m3,true
2022-02-01,ABBT2240034,PROD,WATER,544.5,m3,true
2022-02-01,ABBT3620003,,,,,true
2022-02-01,ABBT3620003,,,,,true
2022-02-01,ABBT3620003,,,,,true
2022-02-01,ABBT3620003,DIFF,GAS,0,e3m3,true
2022-02-01,ABBT3620003,FLARE,GAS,13.5,e3m3,true
2022-02-01,ABBT3620003,FUEL,GAS,9.7,e3m3,true
2022-02-01,ABBT3620003,PROD,GAS,7.5,e3m3,true
2022-02-01,ABBT3620003,PROD,GAS,0.8,e3m3,true
2022-02-01,ABBT3620003,PROD,GAS,5.2,e3m3,true
2022-02-01,ABBT3620003,PROD,GAS,4.7,e3m3,true
2022-02-01,ABBT3620003,PROD,GAS,5,e3m3,true
2022-02-01,ABBT3620003,DISP,OIL,111.5,m3,true
2022-02-01,ABBT3620003,IMBAL,OIL,0,m3,true
2022-02-01,ABBT3620003,INVCL,OIL,28.9,m3,true
2022-02-01,ABBT3620003,INVOP,OIL,27.1,m3,true
2022-02-01,ABBT3620003,PROD,OIL,46.9,m3,true
2022-02-01,ABBT3620003,PROD,OIL,2.5,m3,true
2022-02-01,ABBT3620003,PROD,OIL,18.1,m3,true
2022-02-01,ABBT3620003,PROD,OIL,10.6,m3,true
2022-02-01,ABBT3620003,PROD,OIL,35.2,m3,true
2022-02-01,ABBT3620003,ROYALTY,OIL,2.8,m3,true
2022-02-01,ABBT3620003,DIFF,WATER,0,m3,true
2022-02-01,ABBT3620003,DISP,WATER,0.2,m3,true
2022-02-01,ABBT3620003,DISP,WATER,2201.3,m3,true
2022-02-01,ABBT3620003,INVCL,WATER,46.9,m3,true
2022-02-01,ABBT3620003,INVOP,WATER,46.9,m3,true
2022-02-01,ABBT3620003,PROD,WATER,579.4,m3,true
2022-02-01,ABBT3620003,PROD,WATER,85.8,m3,true
2022-02-01,ABBT3620003,PROD,WATER,239.2,m3,true
2022-02-01,ABBT3620003,PROD,WATER,1143.3,m3,true
2022-02-01,ABBT3620003,PROD,WATER,153.8,m3,true
2022-02-01,ABBT3710049,,,,,true
2022-02-01,ABBT3710049,,,,,true
2022-02-01,ABBT3710049,,,,,true
2022-02-01,ABBT3710049,SHUTIN,,,,true
2022-02-01,ABBT3710049,SHUTIN,,,,true
2022-02-01,ABBT3710049,SHUTIN,,,,true
2022-02-01,ABBT3710049,SHUTIN,,,,true
2022-02-01,ABBT3710049,SHUTIN,,,,true
2022-02-01,ABBT3710049,SHUTIN,,,,true
2022-02-01,ABBT3710049,DIFF,GAS,0,e3m3,true
2022-02-01,ABBT3710049,FLARE,GAS,234,e3m3,true
2022-02-01,ABBT3710049,FUEL,GAS,106.5,e3m3,true
2022-02-01,ABBT3710049,PROD,GAS,0.8,e3m3,true
2022-02-01,ABBT3710049,PROD,GAS,3.5,e3m3,true
2022-02-01,ABBT3710049,PROD,GAS,1.7,e3m3,true
2022-02-01,ABBT3710049,PROD,GAS,10.5,e3m3,true
2022-02-01,ABBT3710049,PROD,GAS,7.5,e3m3,true
2022-02-01,ABBT3710049,PROD,GAS,0.6,e3m3,true
2022-02-01,ABBT3710049,PROD,GAS,19.4,e3m3,true
2022-02-01,ABBT3710049,PROD,GAS,7.5,e3m3,true
2022-02-01,ABBT3710049,PROD,GAS,7,e3m3,true
2022-02-01,ABBT3710049,PROD,GAS,2.1,e3m3,true
2022-02-01,ABBT3710049,PROD,GAS,14.2,e3m3,true
2022-02-01,ABBT3710049,PROD,GAS,21.1,e3m3,true
2022-02-01,ABBT3710049,PROD,GAS,10.8,e3m3,true
2022-02-01,ABBT3710049,PROD,GAS,0.6,e3m3,true
2022-02-01,ABBT3710049,PROD,GAS,10.3,e3m3,true
2022-02-01,ABBT3710049,PROD,GAS,0.1,e3m3,true
2022-02-01,ABBT3710049,PROD,GAS,12.3,e3m3,true
2022-02-01,ABBT3710049,PROD,GAS,3.3,e3m3,true
2022-02-01,ABBT3710049,PROD,GAS,1.8,e3m3,true
2022-02-01,ABBT3710049,PROD,GAS,1.8,e3m3,true
2022-02-01,ABBT3710049,PROD,GAS,5.1,e3m3,true
2022-02-01,ABBT3710049,PROD,GAS,5.1,e3m3,true
2022-02-01,ABBT3710049,PROD,GAS,8.7,e3m3,true
2022-02-01,ABBT3710049,PROD,GAS,2.3,e3m3,true
2022-02-01,ABBT3710049,PROD,GAS,9.2,e3m3,true
2022-02-01,ABBT3710049,PROD,GAS,33.2,e3m3,true
2022-02-01,ABBT3710049,PROD,GAS,3.6,e3m3,true
2022-02-01,ABBT3710049,PROD,GAS,3.5,e3m3,true
2022-02-01,ABBT3710049,PROD,GAS,0.4,e3m3,true
2022-02-01,ABBT3710049,PROD,GAS,0.2,e3m3,true
2022-02-01,ABBT3710049,PROD,GAS,25.6,e3m3,true
2022-02-01,ABBT3710049,PROD,GAS,0.1,e3m3,true
2022-02-01,ABBT3710049,PROD,GAS,0.1,e3m3,true
2022-02-01,ABBT3710049,PURREC,GAS,45.7,e3m3,true
2022-02-01,ABBT3710049,PURREC,GAS,60.8,e3m3,true
2022-02-01,ABBT3710049,DISP,OIL,1254.1,m3,true
2022-02-01,ABBT3710049,IMBAL,OIL,0,m3,true
2022-02-01,ABBT3710049,INVCL,OIL,119.4,m3,true
2022-02-01,ABBT3710049,INVOP,OIL,42.3,m3,true
2022-02-01,ABBT3710049,PROD,OIL,61.8,m3,true
2022-02-01,ABBT3710049,PROD,OIL,23.8,m3,true
2022-02-01,ABBT3710049,PROD,OIL,38.4,m3,true
2022-02-01,ABBT3710049,PROD,OIL,156,m3,true
2022-02-01,ABBT3710049,PROD,OIL,6.9,m3,true
2022-02-01,ABBT3710049,PROD,OIL,20.1,m3,true
2022-02-01,ABBT3710049,PROD,OIL,49.1,m3,true
2022-02-01,ABBT3710049,PROD,OIL,26.4,m3,true
2022-02-01,ABBT3710049,PROD,OIL,24.6,m3,true
2022-02-01,ABBT3710049,PROD,OIL,14.9,m3,true
2022-02-01,ABBT3710049,PROD,OIL,25,m3,true
2022-02-01,ABBT3710049,PROD,OIL,37.4,m3,true
2022-02-01,ABBT3710049,PROD,OIL,124.9,m3,true
2022-02-01,ABBT3710049,PROD,OIL,23.2,m3,true
2022-02-01,ABBT3710049,PROD,OIL,61.6,m3,true
2022-02-01,ABBT3710049,PROD,OIL,17.9,m3,true
2022-02-01,ABBT3710049,PROD,OIL,53.4,m3,true
2022-02-01,ABBT3710049,PROD,OIL,25.9,m3,true
2022-02-01,ABBT3710049,PROD,OIL,0.5,m3,true
2022-02-01,ABBT3710049,PROD,OIL,18.3,m3,true
2022-02-01,ABBT3710049,PROD,OIL,38.8,m3,true
2022-02-01,ABBT3710049,PROD,OIL,56,m3,true
2022-02-01,ABBT3710049,PROD,OIL,56,m3,true
2022-02-01,ABBT3710049,PROD,OIL,17.4,m3,true
2022-02-01,ABBT3710049,PROD,OIL,9,m3,true
2022-02-01,ABBT3710049,PROD,OIL,36,m3,true
2022-02-01,ABBT3710049,PROD,OIL,79,m3,true
2022-02-01,ABBT3710049,PROD,OIL,57.1,m3,true
2022-02-01,ABBT3710049,PROD,OIL,36.4,m3,true
2022-02-01,ABBT3710049,PROD,OIL,40.3,m3,true
2022-02-01,ABBT3710049,PROD,OIL,16.1,m3,true
2022-02-01,ABBT3710049,PROD,OIL,36.1,m3,true
2022-02-01,ABBT3710049,PROD,OIL,25.7,m3,true
2022-02-01,ABBT3710049,PROD,OIL,17.2,m3,true
2022-02-01,ABBT3710049,ROYALTY,OIL,3.2,m3,true
2022-02-01,ABBT3710049,ROYALTY,OIL,0.2,m3,true
2022-02-01,ABBT3710049,ROYALTY,OIL,29.1,m3,true
2022-02-01,ABBT3710049,ROYALTY,OIL,6,m3,true
2022-02-01,ABBT3710049,ROYALTY,OIL,4.1,m3,true
2022-02-01,ABBT3710049,ROYALTY,OIL,1.5,m3,true
2022-02-01,ABBT3710049,ROYALTY,OIL,1.1,m3,true
2022-02-01,ABBT3710049,ROYALTY,OIL,2,m3,true
2022-02-01,ABBT3710049,DIFF,WATER,0,m3,true
2022-02-01,ABBT3710049,DISP,WATER,2.3,m3,true
2022-02-01,ABBT3710049,DISP,WATER,63081,m3,true
2022-02-01,ABBT3710049,DISP,WATER,2620,m3,true
2022-02-01,ABBT3710049,DISP,WATER,4596,m3,true
2022-02-01,ABBT3710049,PROD,WATER,114.8,m3,true
2022-02-01,ABBT3710049,PROD,WATER,1661.2,m3,true
2022-02-01,ABBT3710049,PROD,WATER,1049.4,m3,true
2022-02-01,ABBT3710049,PROD,WATER,866,m3,true
2022-02-01,ABBT3710049,PROD,WATER,1562.9,m3,true
2022-02-01,ABBT3710049,PROD,WATER,548.5,m3,true
2022-02-01,ABBT3710049,PROD,WATER,1803.3,m3,true
2022-02-01,ABBT3710049,PROD,WATER,566.5,m3,true
2022-02-01,ABBT3710049,PROD,WATER,1367.5,m3,true
2022-02-01,ABBT3710049,PROD,WATER,1663.7,m3,true
2022-02-01,ABBT3710049,PROD,WATER,2804.8,m3,true
2022-02-01,ABBT3710049,PROD,WATER,4207,m3,true
2022-02-01,ABBT3710049,PROD,WATER,2041.5,m3,true
2022-02-01,ABBT3710049,PROD,WATER,630,m3,true
2022-02-01,ABBT3710049,PROD,WATER,1679,m3,true
2022-02-01,ABBT3710049,PROD,WATER,1333.3,m3,true
2022-02-01,ABBT3710049,PROD,WATER,7541.3,m3,true
2022-02-01,ABBT3710049,PROD,WATER,765.7,m3,true
2022-02-01,ABBT3710049,PROD,WATER,18.5,m3,true
2022-02-01,ABBT3710049,PROD,WATER,1011,m3,true
2022-02-01,ABBT3710049,PROD,WATER,1713.6,m3,true
2022-02-01,ABBT3710049,PROD,WATER,1208.1,m3,true
2022-02-01,ABBT3710049,PROD,WATER,1208.1,m3,true
2022-02-01,ABBT3710049,PROD,WATER,9835.3,m3,true
2022-02-01,ABBT3710049,PROD,WATER,398.7,m3,true
2022-02-01,ABBT3710049,PROD,WATER,1594.5,m3,true
2022-02-01,ABBT3710049,PROD,WATER,727.8,m3,true
2022-02-01,ABBT3710049,PROD,WATER,4252.8,m3,true
2022-02-01,ABBT3710049,PROD,WATER,2712.7,m3,true
2022-02-01,ABBT3710049,PROD,WATER,1260.5,m3,true
2022-02-01,ABBT3710049,PROD,WATER,1033.9,m3,true
2022-02-01,ABBT3710049,PROD,WATER,10192.9,m3,true
2022-02-01,ABBT3710049,PROD,WATER,554.7,m3,true
2022-02-01,ABBT3710049,PROD,WATER,369.8,m3,true
2022-02-01,ABBT4180001,,,,,true
2022-02-01,ABBT4180001,,,,,true
2022-02-01,ABBT4180001,,,,,true
2022-02-01,ABBT4180001,DIFF,GAS,0,e3m3,true
2022-02-01,ABBT4180001,DISP,GAS,22.5,e3m3,true
2022-02-01,ABBT4180001,FLARE,GAS,3.6,e3m3,true
2022-02-01,ABBT4180001,FUEL,GAS,5.2,e3m3,true
2022-02-01,ABBT4180001,PROD,GAS,22.5,e3m3,true
2022-02-01,ABBT4180001,PROD,GAS,10.1,e3m3,true
2022-02-01,ABBT4180001,VENT,GAS,1.3,e3m3,true
2022-02-01,ABBT4180001,DISP,OIL,413.8,m3,true
2022-02-01,ABBT4180001,IMBAL,OIL,0,m3,true
2022-02-01,ABBT4180001,INVCL,OIL,20.3,m3,true
2022-02-01,ABBT4180001,INVOP,OIL,55.4,m3,true
2022-02-01,ABBT4180001,PROD,OIL,278,m3,true
2022-02-01,ABBT4180001,PROD,OIL,100.7,m3,true
2022-02-01,ABBT4180001,ROYALTY,OIL,106.9,m3,true
2022-02-01,ABBT4180001,ROYALTY,OIL,22.4,m3,true
2022-02-01,ABBT4180001,DIFF,WATER,0,m3,true
2022-02-01,ABBT4180001,DISP,WATER,2.4,m3,true
2022-02-01,ABBT4180001,DISP,WATER,4288,m3,true
2022-02-01,ABBT4180001,PROD,WATER,3066.2,m3,true
2022-02-01,ABBT4180001,PROD,WATER,1224.2,m3,true
2022-02-01,ABBT4550001,,,,,true
2022-02-01,ABBT4550001,,,,,true
2022-02-01,ABBT4550001,,,,,true
2022-02-01,ABBT4550001,SHUTIN,,,,true
2022-02-01,ABBT4550001,SHUTIN,,,,true
2022-02-01,ABBT4550001,SHUTIN,,,,true
2022-02-01,ABBT4550001,SHUTIN,,,,true
2022-02-01,ABBT4550001,SHUTIN,,,,true
2022-02-01,ABBT4550001,SHUTIN,,,,true
2022-02-01,ABBT4550001,SHUTIN,,,,true
2022-02-01,ABBT4550001,DIFF,GAS,0,e3m3,true
2022-02-01,ABBT4550001,FLARE,GAS,238.9,e3m3,true
2022-02-01,ABBT4550001,FUEL,GAS,3.4,e3m3,true
2022-02-01,ABBT4550001,PROD,GAS,5.9,e3m3,true
2022-02-01,ABBT4550001,PROD,GAS,6.7,e3m3,true
2022-02-01,ABBT4550001,PROD,GAS,1.4,e3m3,true
2022-02-01,ABBT4550001,PROD,GAS,1.7,e3m3,true
2022-02-01,ABBT4550001,PROD,GAS,27.6,e3m3,true
2022-02-01,ABBT4550001,PROD,GAS,5.6,e3m3,true
2022-02-01,ABBT4550001,PROD,GAS,85.7,e3m3,true
2022-02-01,ABBT4550001,PROD,GAS,1.9,e3m3,true
2022-02-01,ABBT4550001,PROD,GAS,4.9,e3m3,true
2022-02-01,ABBT4550001,PROD,GAS,86.6,e3m3,true
2022-02-01,ABBT4550001,REC,GAS,14.3,e3m3,true
2022-02-01,ABBT4550001,DISP,OIL,527.1,m3,true
2022-02-01,ABBT4550001,IMBAL,OIL,0,m3,true
2022-02-01,ABBT4550001,INVCL,OIL,134.5,m3,true
2022-02-01,ABBT4550001,INVOP,OIL,125.6,m3,true
2022-02-01,ABBT4550001,PROD,OIL,51.6,m3,true
2022-02-01,ABBT4550001,PROD,OIL,76.1,m3,true
2022-02-01,ABBT4550001,PROD,OIL,10.2,m3,true
2022-02-01,ABBT4550001,PROD,OIL,12.2,m3,true
2022-02-01,ABBT4550001,PROD,OIL,79.2,m3,true
2022-02-01,ABBT4550001,PROD,OIL,12.4,m3,true
2022-02-01,ABBT4550001,PROD,OIL,248.5,m3,true
2022-02-01,ABBT4550001,PROD,OIL,20.8,m3,true
2022-02-01,ABBT4550001,PROD,OIL,25,m3,true
2022-02-01,ABBT4550001,ROYALTY,OIL,11.4,m3,true
2022-02-01,ABBT4550001,ROYALTY,OIL,0.6,m3,true
2022-02-01,ABBT4550001,DIFF,WATER,0,m3,true
2022-02-01,ABBT4550001,DISP,WATER,1.6,m3,true
2022-02-01,ABBT4550001,DISP,WATER,4656,m3,true
2022-02-01,ABBT4550001,DISP,WATER,2251.9,m3,true
2022-02-01,ABBT4550001,DISP,WATER,887.5,m3,true
2022-02-01,ABBT4550001,PROD,WATER,1102.2,m3,true
2022-02-01,ABBT4550001,PROD,WATER,508.7,m3,true
2022-02-01,ABBT4550001,PROD,WATER,378,m3,true
2022-02-01,ABBT4550001,PROD,WATER,488.3,m3,true
2022-02-01,ABBT4550001,PROD,WATER,2208.1,m3,true
2022-02-01,ABBT4550001,PROD,WATER,836.2,m3,true
2022-02-01,ABBT4550001,PROD,WATER,376.3,m3,true
2022-02-01,ABBT4550001,PROD,WATER,757.6,m3,true
2022-02-01,ABBT4550001,PROD,WATER,1141.6,m3,true
2022-02-01,ABBT4940020,,,,,true
2022-02-01,ABBT4940020,,,,,true
2022-02-01,ABBT4940020,,,,,true
2022-02-01,ABBT4940020,SHUTIN,,,,true
2022-02-01,ABBT4940020,SHUTIN,,,,true
2022-02-01,ABBT4940020,SHUTIN,,,,true
2022-02-01,ABBT4940020,SHUTIN,,,,true
2022-02-01,ABBT4940020,DIFF,GAS,0,e3m3,true
2022-02-01,ABBT4940020,DISP,GAS,28.6,e3m3,true
2022-02-01,ABBT4940020,DISP,GAS,520.7,e3m3,true
2022-02-01,ABBT4940020,FLARE,GAS,8.6,e3m3,true
2022-02-01,ABBT4940020,FUEL,GAS,138.7,e3m3,true
2022-02-01,ABBT4940020,PROD,GAS,20.9,e3m3,true
2022-02-01,ABBT4940020,PROD,GAS,22,e3m3,true
2022-02-01,ABBT4940020,PROD,GAS,28.9,e3m3,true
2022-02-01,ABBT4940020,PROD,GAS,26.6,e3m3,true
2022-02-01,ABBT4940020,PROD,GAS,24.1,e3m3,true
2022-02-01,ABBT4940020,PROD,GAS,48.3,e3m3,true
2022-02-01,ABBT4940020,PROD,GAS,42.3,e3m3,true
2022-02-01,ABBT4940020,PROD,GAS,13,e3m3,true
2022-02-01,ABBT4940020,PROD,GAS,14.4,e3m3,true
2022-02-01,ABBT4940020,PROD,GAS,12,e3m3,true
2022-02-01,ABBT4940020,PROD,GAS,23.7,e3m3,true
2022-02-01,ABBT4940020,PROD,GAS,24.8,e3m3,true
2022-02-01,ABBT4940020,PROD,GAS,35.9,e3m3,true
2022-02-01,ABBT4940020,PROD,GAS,187.6,e3m3,true
2022-02-01,ABBT4940020,REC,GAS,174.6,e3m3,true
2022-02-01,ABBT4940020,VENT,GAS,2.5,e3m3,true
2022-02-01,ABBT4940020,DISP,OIL,1210,m3,true
2022-02-01,ABBT4940020,IMBAL,OIL,0,m3,true
2022-02-01,ABBT4940020,INVCL,OIL,217.6,m3,true
2022-02-01,ABBT4940020,INVOP,OIL,230.5,m3,true
2022-02-01,ABBT4940020,PROD,OIL,64,m3,true
2022-02-01,ABBT4940020,PROD,OIL,54,m3,true
2022-02-01,ABBT4940020,PROD,OIL,75.9,m3,true
2022-02-01,ABBT4940020,PROD,OIL,56.6,m3,true
2022-02-01,ABBT4940020,PROD,OIL,51.9,m3,true
2022-02-01,ABBT4940020,PROD,OIL,121.5,m3,true
2022-02-01,ABBT4940020,PROD,OIL,114.2,m3,true
2022-02-01,ABBT4940020,PROD,OIL,6.5,m3,true
2022-02-01,ABBT4940020,PROD,OIL,29.7,m3,true
2022-02-01,ABBT4940020,PROD,OIL,20.5,m3,true
2022-02-01,ABBT4940020,PROD,OIL,78.3,m3,true
2022-02-01,ABBT4940020,PROD,OIL,87.2,m3,true
2022-02-01,ABBT4940020,PROD,OIL,88.3,m3,true
2022-02-01,ABBT4940020,PROD,OIL,345,m3,true
2022-02-01,ABBT4940020,REC,OIL,3.5,m3,true
2022-02-01,ABBT4940020,ROYALTY,OIL,3.1,m3,true
2022-02-01,ABBT4940020,ROYALTY,OIL,2.1,m3,true
2022-02-01,ABBT4940020,ROYALTY,OIL,4.6,m3,true
2022-02-01,ABBT4940020,ROYALTY,OIL,2.3,m3,true
2022-02-01,ABBT4940020,ROYALTY,OIL,1.9,m3,true
2022-02-01,ABBT4940020,ROYALTY,OIL,11.7,m3,true
2022-02-01,ABBT4940020,ROYALTY,OIL,10.6,m3,true
2022-02-01,ABBT4940020,ROYALTY,OIL,0.4,m3,true
2022-02-01,ABBT4940020,ROYALTY,OIL,0.1,m3,true
2022-02-01,ABBT4940020,ROYALTY,OIL,4.9,m3,true
2022-02-01,ABBT4940020,ROYALTY,OIL,6.2,m3,true
2022-02-01,ABBT4940020,ROYALTY,OIL,6.4,m3,true
2022-02-01,ABBT4940020,ROYALTY,OIL,52.5,m3,true
2022-02-01,ABBT4940020,DIFF,WATER,0,m3,true
2022-02-01,ABBT4940020,DISP,WATER,17,m3,true
2022-02-01,ABBT4940020,DISP,WATER,26623,m3,true
2022-02-01,ABBT4940020,PROD,WATER,1197.7,m3,true
2022-02-01,ABBT4940020,PROD,WATER,1438.8,m3,true
2022-02-01,ABBT4940020,PROD,WATER,1159.2,m3,true
2022-02-01,ABBT4940020,PROD,WATER,1007.9,m3,true
2022-02-01,ABBT4940020,PROD,WATER,1153.2,m3,true
2022-02-01,ABBT4940020,PROD,WATER,2131.9,m3,true
2022-02-01,ABBT4940020,PROD,WATER,816.7,m3,true
2022-02-01,ABBT4940020,PROD,WATER,636,m3,true
2022-02-01,ABBT4940020,PROD,WATER,1449.3,m3,true
2022-02-01,ABBT4940020,PROD,WATER,1368.9,m3,true
2022-02-01,ABBT4940020,PROD,WATER,514.8,m3,true
2022-02-01,ABBT4940020,PROD,WATER,1691.6,m3,true
2022-02-01,ABBT4940020,PROD,WATER,2365.6,m3,true
2022-02-01,ABBT4940020,PROD,WATER,9708.4,m3,true
2022-02-01,ABBT9880004,,,,,true
2022-02-01,ABBT9880004,,,,,true
2022-02-01,ABBT9880004,,,,,true
2022-02-01,ABBT9880004,SHUTIN,,,,true
2022-02-01,ABBT9880004,SHUTIN,,,,true
2022-02-01,ABBT9880004,SHUTIN,,,,true
2022-02-01,ABBT9880004,SHUTIN,,,,true
2022-02-01,ABBT9880004,SHUTIN,,,,true
2022-02-01,ABBT9880004,DIFF,GAS,0,e3m3,true
2022-02-01,ABBT9880004,FLARE,GAS,61.5,e3m3,true
2022-02-01,ABBT9880004,FUEL,GAS,12.7,e3m3,true
2022-02-01,ABBT9880004,PROD,GAS,9.5,e3m3,true
2022-02-01,ABBT9880004,PROD,GAS,12.2,e3m3,true
2022-02-01,ABBT9880004,PURREC,GAS,52.5,e3m3,true
2022-02-01,ABBT9880004,DISP,OIL,172.2,m3,true
2022-02-01,ABBT9880004,IMBAL,OIL,0,m3,true
2022-02-01,ABBT9880004,INVCL,OIL,61.5,m3,true
2022-02-01,ABBT9880004,INVOP,OIL,57.2,m3,true
2022-02-01,ABBT9880004,PROD,OIL,77.4,m3,true
2022-02-01,ABBT9880004,PROD,OIL,99.1,m3,true
2022-02-01,ABBT9880004,ROYALTY,OIL,4.6,m3,true
2022-02-01,ABBT9880004,ROYALTY,OIL,21.3,m3,true
2022-02-01,ABBT9880004,DIFF,WATER,0,m3,true
2022-02-01,ABBT9880004,DISP,WATER,0.2,m3,true
2022-02-01,ABBT9880004,DISP,WATER,860,m3,true
2022-02-01,ABBT9880004,INVOP,WATER,86.8,m3,true
2022-02-01,ABBT9880004,PROD,WATER,488.5,m3,true
2022-02-01,ABBT9880004,PROD,WATER,284.9,m3,true
2022-02-01,ABGS0002227,DIFF,GAS,0.9,e3m3,true
2022-02-01,ABGS0002227,DISP,GAS,1396.6,e3m3,true
2022-02-01,ABGS0002227,REC,GAS,520.7,e3m3,true
2022-02-01,ABGS0002227,REC,GAS,876.8,e3m3,true
2022-02-01,ABGS0002227,DIFF,WATER,0,m3,true
2022-02-01,ABGS0002227,DISP,WATER,5.1,m3,true
2022-02-01,ABGS0002227,REC,WATER,5.1,m3,true
2022-02-01,ABGS0135864,DIFF,GAS,0,e3m3,true
2022-02-01,ABGS0135864,DISP,GAS,876.8,e3m3,true
2022-02-01,ABGS0135864,REC,GAS,71.6,e3m3,true
2022-02-01,ABGS0135864,REC,GAS,762,e3m3,true
2022-02-01,ABGS0135864,REC,GAS,43.2,e3m3,true
2022-02-01,ABIF0007002,SHUTIN,,,,true
2022-02-01,ABIF0007002,SHUTIN,,,,true
2022-02-01,ABIF0007002,SHUTIN,,,,true
2022-02-01,ABIF0007002,SHUTIN,,,,true
2022-02-01,ABIF0007002,SHUTIN,,,,true
2022-02-01,ABIF0007002,SHUTIN,,,,true
2022-02-01,ABIF0007002,DIFF,WATER,0,m3,true
2022-02-01,ABIF0007002,INJ,WATER,1178.2,m3,true
2022-02-01,ABIF0007002,REC,WATER,1178.2,m3,true
2022-02-01,ABIF0007004,DIFF,WATER,0,m3,true
2022-02-01,ABIF0007004,INJ,WATER,3608,m3,true
2022-02-01,ABIF0007004,INJ,WATER,4500,m3,true
2022-02-01,ABIF0007004,INJ,WATER,7756,m3,true
2022-02-01,ABIF0007004,INJ,WATER,16801,m3,true
2022-02-01,ABIF0007004,INJ,WATER,9827,m3,true
2022-02-01,ABIF0007004,INJ,WATER,655,m3,true
2022-02-01,ABIF0007004,INJ,WATER,7873,m3,true
2022-02-01,ABIF0007004,INJ,WATER,3135,m3,true
2022-02-01,ABIF0007004,INJ,WATER,8926,m3,true
2022-02-01,ABIF0007004,REC,WATER,63081,m3,true
2022-02-01,ABIF0007006,DIFF,WATER,0,m3,true
2022-02-01,ABIF0007006,INJ,WATER,4288,m3,true
2022-02-01,ABIF0007006,INVCL,WATER,0.2,m3,true
2022-02-01,ABIF0007006,INVOP,WATER,0.2,m3,true
2022-02-01,ABIF0007006,REC,WATER,4288,m3,true
2022-02-01,ABIF0007052,DIFF,WATER,0,m3,true
2022-02-01,ABIF0007052,INJ,WATER,4656,m3,true
2022-02-01,ABIF0007052,REC,WATER,4656,m3,true
2022-02-01,ABIF0007274,DIFF,WATER,0,m3,true
2022-02-01,ABIF0007274,INJ,WATER,1047,m3,true
2022-02-01,ABIF0007274,INJ,WATER,25576,m3,true
2022-02-01,ABIF0007274,REC,WATER,26623,m3,true
2022-02-01,ABIF0008261,DIFF,WATER,0,m3,true
2022-02-01,ABIF0008261,INJ,WATER,2251.9,m3,true
2022-02-01,ABIF0008261,REC,WATER,2251.9,m3,true
2022-02-01,ABIF0008386,DIFF,WATER,0,m3,true
2022-02-01,ABIF0008386,INJ,WATER,2201.3,m3,true
2022-02-01,ABIF0008386,REC,WATER,2201.3,m3,true
2022-02-01,ABIF0008917,DIFF,WATER,0,m3,true
2022-02-01,ABIF0008917,INJ,WATER,887.5,m3,true
2022-02-01,ABIF0008917,INVCL,WATER,0.1,m3,true
2022-02-01,ABIF0008917,INVOP,WATER,0.1,m3,true
2022-02-01,ABIF0008917,REC,WATER,887.5,m3,true
2022-02-01,ABIF0008992,SHUTIN,,,,true
2022-02-01,ABIF0009829,SHUTIN,,,,true
2022-02-01,ABIF0009829,DIFF,WATER,0,m3,true
2022-02-01,ABIF0009829,INJ,WATER,860,m3,true
2022-02-01,ABIF0009829,REC,WATER,860,m3,true
2022-02-01,ABIF0009839,DIFF,WATER,0,m3,true
2022-02-01,ABIF0009839,INJ,WATER,2620,m3,true
2022-02-01,ABIF0009839,REC,WATER,2620,m3,true
2022-02-01,ABIF0140734,DIFF,WATER,0,m3,true
2022-02-01,ABIF0140734,INJ,WATER,4596,m3,true
2022-02-01,ABIF0140734,REC,WATER,4596,m3,true
2022-02-01,ABIF0156447,INJ,CO2,372.5,,true
2022-02-01,ABIF0156447,INJ,CO2,15481,,true
2022-02-01,ABIF0156447,INJ,CO2,7349.6,,true
2022-02-01,ABIF0156447,INJ,CO2,12772,,true
2022-02-01,ABIF0156447,INJ,CO2,12724.8,,true
2022-02-01,ABIF0156447,INJ,CO2,12435.5,,true
2022-02-01,ABIF0156447,INJ,CO2,14157.8,,true
2022-02-01,ABIF0156447,INJ,CO2,11170.1,,true
2022-02-01,ABIF0156447,REC,CO2,33592.3,,true
2022-02-01,ABIF0156447,REC,CO2,52871,,true
2022-02-01,ABIF0156447,DIFF,GAS,0,e3m3,true
2022-02-01,ABIF0156447,INJ,GAS,19.9,e3m3,true
2022-02-01,ABIF0156447,INJ,GAS,892.1,e3m3,true
2022-02-01,ABIF0156447,INJ,GAS,423.6,e3m3,true
2022-02-01,ABIF0156447,INJ,GAS,737.7,e3m3,true
2022-02-01,ABIF0156447,INJ,GAS,736,e3m3,true
2022-02-01,ABIF0156447,INJ,GAS,713.2,e3m3,true
2022-02-01,ABIF0156447,INJ,GAS,813.7,e3m3,true
2022-02-01,ABIF0156447,INJ,GAS,642.2,e3m3,true
2022-02-01,ABIF0156447,REC,GAS,4368.5,e3m3,true
2022-02-01,ABIF0156447,REC,GAS,609.9,e3m3,true
2022-02-01,ABIF0156447,DIFF,WATER,0,m3,true
2022-02-01,ABIF0156447,INJ,WATER,23520.3,m3,true
2022-02-01,ABIF0156447,REC,WATER,23520.3,m3,true
2022-10-01,ABBT0048421,DIFF,GAS,0,e3m3,true
2022-10-01,ABBT0048421,DISP,GAS,58.4,e3m3,true
2022-10-01,ABBT0048421,FUEL,GAS,0.4,e3m3,true
2022-10-01,ABBT0048421,PROD,GAS,59.2,e3m3,true
2022-10-01,ABBT0048421,VENT,GAS,0.4,e3m3,true
2022-10-01,ABBT0059275,DISP,OIL,6.3,m3,true
2022-10-01,ABBT0059275,IMBAL,OIL,0,m3,true
2022-10-01,ABBT0059275,INVCL,OIL,1.6,m3,true
2022-10-01,ABBT0059275,INVOP,OIL,7.9,m3,true
2022-10-01,ABBT0059275,DIFF,WATER,0,m3,true
2022-10-01,ABBT0059275,DISP,WATER,28.7,m3,true
2022-10-01,ABBT0059275,PROD,WATER,28.7,m3,true
2022-10-01,ABBT0083457,IMBAL,OIL,0,m3,true
2022-10-01,ABBT0083457,INVCL,OIL,12,m3,true
2022-10-01,ABBT0083457,INVOP,OIL,12,m3,true
2022-10-01,ABBT0083457,DIFF,WATER,0,m3,true
2022-10-01,ABBT0083457,INVCL,WATER,10.4,m3,true
2022-10-01,ABBT0083457,INVOP,WATER,10.4,m3,true
2022-10-01,ABBT0091980,SHUTIN,,,,true
2022-10-01,ABBT0091980,IMBAL,OIL,0,m3,true
2022-10-01,ABBT0091980,INVCL,OIL,24.6,m3,true
2022-10-01,ABBT0091980,INVOP,OIL,24.6,m3,true
2022-10-01,ABBT0101896,PROD,COND,3.5,m3,true
2022-10-01,ABBT0101896,DIFF,GAS,0,e3m3,true
2022-10-01,ABBT0101896,DISP,GAS,837.6,e3m3,true
2022-10-01,ABBT0101896,FUEL,GAS,15.9,e3m3,true
2022-10-01,ABBT0101896,PROD,GAS,30.9,e3m3,true
2022-10-01,ABBT0101896,PROD,GAS,23.6,e3m3,true
2022-10-01,ABBT0101896,PROD,GAS,115.4,e3m3,true
2022-10-01,ABBT0101896,PROD,GAS,63.6,e3m3,true
2022-10-01,ABBT0101896,PROD,GAS,39.3,e3m3,true
2022-10-01,ABBT0101896,PROD,GAS,182.6,e3m3,true
2022-10-01,ABBT0101896,PROD,GAS,97,e3m3,true
2022-10-01,ABBT0101896,PROD,GAS,22.9,e3m3,true
2022-10-01,ABBT0101896,PROD,GAS,120.8,e3m3,true
2022-10-01,ABBT0101896,PROD,GAS,141.5,e3m3,true
2022-10-01,ABBT0101896,REC,GAS,19.9,e3m3,true
2022-10-01,ABBT0101896,VENT,GAS,4,e3m3,true
2022-10-01,ABBT0101896,DISP,OIL,3.5,m3,true
2022-10-01,ABBT0101896,IMBAL,OIL,0,m3,true
2022-10-01,ABBT0120813,DIFF,GAS,0,e3m3,true
2022-10-01,ABBT0120813,DISP,GAS,46.4,e3m3,true
2022-10-01,ABBT0120813,FUEL,GAS,2.7,e3m3,true
2022-10-01,ABBT0120813,PROD,GAS,49.9,e3m3,true
2022-10-01,ABBT0120813,VENT,GAS,0.8,e3m3,true
2022-10-01,ABBT0120813,IMBAL,OIL,0,m3,true
2022-10-01,ABBT0120813,INVCL,OIL,11,m3,true
2022-10-01,ABBT0120813,INVOP,OIL,11,m3,true
2022-10-01,ABBT0120813,DIFF,WATER,0,m3,true
2022-10-01,ABBT0120813,INVCL,WATER,8.7,m3,true
2022-10-01,ABBT0120813,INVOP,WATER,8.7,m3,true
2022-10-01,ABBT0137951,,,,,true
2022-10-01,ABBT0137951,SHUTIN,,,,true
2022-10-01,ABBT0137951,DIFF,GAS,0,e3m3,true
2022-10-01,ABBT0137951,DISP,GAS,305.8,e3m3,true
2022-10-01,ABBT0137951,PROD,GAS,161.4,e3m3,true
2022-10-01,ABBT0137951,PROD,GAS,33.8,e3m3,true
2022-10-01,ABBT0137951,PROD,GAS,28.6,e3m3,true
2022-10-01,ABBT0137951,PROD,GAS,36.3,e3m3,true
2022-10-01,ABBT0137951,PROD,GAS,22.5,e3m3,true
2022-10-01,ABBT0137951,PROD,GAS,8.9,e3m3,true
2022-10-01,ABBT0137951,PROD,GAS,14.3,e3m3,true
2022-10-01,ABBT0137951,DIFF,WATER,0,m3,true
2022-10-01,ABBT0137951,INVCL,WATER,3,m3,true
2022-10-01,ABBT0137951,INVOP,WATER,3,m3,true
2022-10-01,ABBT0141479,SHUTIN,,,,true
2022-10-01,ABBT2240034,,,,,true
2022-10-01,ABBT2240034,,,,,true
2022-10-01,ABBT2240034,,,,,true
2022-10-01,ABBT2240034,SHUTIN,,,,true
2022-10-01,ABBT2240034,SHUTIN,,,,true
2022-10-01,ABBT2240034,SHUTIN,,,,true
2022-10-01,ABBT2240034,SHUTIN,,,,true
2022-10-01,ABBT2240034,SHUTIN,,,,true
2022-10-01,ABBT2240034,SHUTIN,,,,true
2022-10-01,ABBT2240034,SHUTIN,,,,true
2022-10-01,ABBT2240034,SHUTIN,,,,true
2022-10-01,ABBT2240034,SHUTIN,,,,true
2022-10-01,ABBT2240034,DISP,CO2,39965.6,,true
2022-10-01,ABBT2240034,DIFF,GAS,0,e3m3,true
2022-10-01,ABBT2240034,DISP,GAS,5539.9,e3m3,true
2022-10-01,ABBT2240034,FLARE,GAS,30.2,e3m3,true
2022-10-01,ABBT2240034,FUEL,GAS,45.1,e3m3,true
2022-10-01,ABBT2240034,PROD,GAS,7,e3m3,true
2022-10-01,ABBT2240034,PROD,GAS,5475.3,e3m3,true
2022-10-01,ABBT2240034,PROD,GAS,4.9,e3m3,true
2022-10-01,ABBT2240034,PROD,GAS,18.3,e3m3,true
2022-10-01,ABBT2240034,PROD,GAS,9.3,e3m3,true
2022-10-01,ABBT2240034,PROD,GAS,11464,e3m3,true
2022-10-01,ABBT2240034,PROD,GAS,1.9,e3m3,true
2022-10-01,ABBT2240034,PROD,GAS,12976.1,e3m3,true
2022-10-01,ABBT2240034,PROD,GAS,7318,e3m3,true
2022-10-01,ABBT2240034,PROD,GAS,7255.1,e3m3,true
2022-10-01,ABBT2240034,PROD,GAS,14,e3m3,true
2022-10-01,ABBT2240034,PROD,GAS,892.3,e3m3,true
2022-10-01,ABBT2240034,PROD,GAS,17.8,e3m3,true
2022-10-01,ABBT2240034,PURREC,GAS,126.8,e3m3,true
2022-10-01,ABBT2240034,DISP,OIL,4186.5,m3,true
2022-10-01,ABBT2240034,IMBAL,OIL,0,m3,true
2022-10-01,ABBT2240034,PROD,OIL,11.4,m3,true
2022-10-01,ABBT2240034,PROD,OIL,452.2,m3,true
2022-10-01,ABBT2240034,PROD,OIL,19.7,m3,true
2022-10-01,ABBT2240034,PROD,OIL,29.6,m3,true
2022-10-01,ABBT2240034,PROD,OIL,33.2,m3,true
2022-10-01,ABBT2240034,PROD,OIL,945.6,m3,true
2022-10-01,ABBT2240034,PROD,OIL,3,m3,true
2022-10-01,ABBT2240034,PROD,OIL,1068.5,m3,true
2022-10-01,ABBT2240034,PROD,OIL,699.6,m3,true
2022-10-01,ABBT2240034,PROD,OIL,600.4,m3,true
2022-10-01,ABBT2240034,PROD,OIL,143.5,m3,true
2022-10-01,ABBT2240034,PROD,OIL,67,m3,true
2022-10-01,ABBT2240034,PROD,OIL,112.8,m3,true
2022-10-01,ABBT2240034,ROYALTY,OIL,0.3,m3,true
2022-10-01,ABBT2240034,ROYALTY,OIL,10.6,m3,true
2022-10-01,ABBT2240034,ROYALTY,OIL,0.7,m3,true
2022-10-01,ABBT2240034,ROYALTY,OIL,2,m3,true
2022-10-01,ABBT2240034,ROYALTY,OIL,22.2,m3,true
2022-10-01,ABBT2240034,ROYALTY,OIL,25,m3,true
2022-10-01,ABBT2240034,ROYALTY,OIL,16.2,m3,true
2022-10-01,ABBT2240034,ROYALTY,OIL,14.1,m3,true
2022-10-01,ABBT2240034,ROYALTY,OIL,22.7,m3,true
2022-10-01,ABBT2240034,ROYALTY,OIL,6.3,m3,true
2022-10-01,ABBT2240034,ROYALTY,OIL,18.8,m3,true
2022-10-01,ABBT2240034,DISP,SAND,0.1,,true
2022-10-01,ABBT2240034,DIFF,WATER,0,m3,true
2022-10-01,ABBT2240034,DISP,WATER,2.7,m3,true
2022-10-01,ABBT2240034,DISP,WATER,18282.3,m3,true
2022-10-01,ABBT2240034,PROD,WATER,523.6,m3,true
2022-10-01,ABBT2240034,PROD,WATER,1582.3,m3,true
2022-10-01,ABBT2240034,PROD,WATER,368.9,m3,true
2022-10-01,ABBT2240034,PROD,WATER,1832,m3,true
2022-10-01,ABBT2240034,PROD,WATER,1048.3,m3,true
2022-10-01,ABBT2240034,PROD,WATER,3268.6,m3,true
2022-10-01,ABBT2240034,PROD,WATER,351.5,m3,true
2022-10-01,ABBT2240034,PROD,WATER,3934,m3,true
2022-10-01,ABBT2240034,PROD,WATER,1414.9,m3,true
2022-10-01,ABBT2240034,PROD,WATER,1948.9,m3,true
2022-10-01,ABBT2240034,PROD,WATER,784.6,m3,true
2022-10-01,ABBT2240034,PROD,WATER,793.4,m3,true
2022-10-01,ABBT2240034,PROD,WATER,434,m3,true
2022-10-01,ABBT3620003,,,,,true
2022-10-01,ABBT3620003,,,,,true
2022-10-01,ABBT3620003,,,,,true
2022-10-01,ABBT3620003,SHUTIN,,,,true
2022-10-01,ABBT3620003,DIFF,GAS,0,e3m3,true
2022-10-01,ABBT3620003,FLARE,GAS,17.6,e3m3,true
2022-10-01,ABBT3620003,FUEL,GAS,7.8,e3m3,true
2022-10-01,ABBT3620003,PROD,GAS,7.8,e3m3,true
2022-10-01,ABBT3620003,PROD,GAS,6.1,e3m3,true
2022-10-01,ABBT3620003,PROD,GAS,5.2,e3m3,true
2022-10-01,ABBT3620003,PROD,GAS,6.6,e3m3,true
2022-10-01,ABBT3620003,VENT,GAS,0.3,e3m3,true
2022-10-01,ABBT3620003,DISP,OIL,192.9,m3,true
2022-10-01,ABBT3620003,IMBAL,OIL,0,m3,true
2022-10-01,ABBT3620003,INVCL,OIL,9.5,m3,true
2022-10-01,ABBT3620003,INVOP,OIL,22,m3,true
2022-10-01,ABBT3620003,PROD,OIL,66.4,m3,true
2022-10-01,ABBT3620003,PROD,OIL,26.8,m3,true
2022-10-01,ABBT3620003,PROD,OIL,9.3,m3,true
2022-10-01,ABBT3620003,PROD,OIL,44.3,m3,true
2022-10-01,ABBT3620003,REC,OIL,33.6,m3,true
2022-10-01,ABBT3620003,ROYALTY,OIL,12.6,m3,true
2022-10-01,ABBT3620003,ROYALTY,OIL,0.4,m3,true
2022-10-01,ABBT3620003,DISP,SAND,1.4,,true
2022-10-01,ABBT3620003,DIFF,WATER,0,m3,true
2022-10-01,ABBT3620003,DISP,WATER,91.4,m3,true
2022-10-01,ABBT3620003,DISP,WATER,2347.5,m3,true
2022-10-01,ABBT3620003,INVCL,WATER,46.9,m3,true
2022-10-01,ABBT3620003,INVOP,WATER,46.9,m3,true
2022-10-01,ABBT3620003,PROD,WATER,656.5,m3,true
2022-10-01,ABBT3620003,PROD,WATER,265.2,m3,true
2022-10-01,ABBT3620003,PROD,WATER,1201.5,m3,true
2022-10-01,ABBT3620003,PROD,WATER,162.7,m3,true
2022-10-01,ABBT3620003,REC,WATER,153,m3,true
2022-10-01,ABBT3710049,,,,,true
2022-10-01,ABBT3710049,,,,,true
2022-10-01,ABBT3710049,,,,,true
2022-10-01,ABBT3710049,SHUTIN,,,,true
2022-10-01,ABBT3710049,SHUTIN,,,,true
2022-10-01,ABBT3710049,SHUTIN,,,,true
2022-10-01,ABBT3710049,SHUTIN,,,,true
2022-10-01,ABBT3710049,SHUTIN,,,,true
2022-10-01,ABBT3710049,SHUTIN,,,,true
2022-10-01,ABBT3710049,DIFF,GAS,0,e3m3,true
2022-10-01,ABBT3710049,FLARE,GAS,279,e3m3,true
2022-10-01,ABBT3710049,FUEL,GAS,96,e3m3,true
2022-10-01,ABBT3710049,PROD,GAS,1.6,e3m3,true
2022-10-01,ABBT3710049,PROD,GAS,9.3,e3m3,true
2022-10-01,ABBT3710049,PROD,GAS,0.9,e3m3,true
2022-10-01,ABBT3710049,PROD,GAS,15.1,e3m3,true
2022-10-01,ABBT3710049,PROD,GAS,11.8,e3m3,true
2022-10-01,ABBT3710049,PROD,GAS,0.5,e3m3,true
2022-10-01,ABBT3710049,PROD,GAS,17.5,e3m3,true
2022-10-01,ABBT3710049,PROD,GAS,13.7,e3m3,true
2022-10-01,ABBT3710049,PROD,GAS,0.8,e3m3,true
2022-10-01,ABBT3710049,PROD,GAS,0.1,e3m3,true
2022-10-01,ABBT3710049,PROD,GAS,12.8,e3m3,true
2022-10-01,ABBT3710049,PROD,GAS,19.2,e3m3,true
2022-10-01,ABBT3710049,PROD,GAS,1.1,e3m3,true
2022-10-01,ABBT3710049,PROD,GAS,0.9,e3m3,true
2022-10-01,ABBT3710049,PROD,GAS,15.8,e3m3,true
2022-10-01,ABBT3710049,PROD,GAS,0.3,e3m3,true
2022-10-01,ABBT3710049,PROD,GAS,22.5,e3m3,true
2022-10-01,ABBT3710049,PROD,GAS,0.9,e3m3,true
2022-10-01,ABBT3710049,PROD,GAS,13.5,e3m3,true
2022-10-01,ABBT3710049,PROD,GAS,2.5,e3m3,true
2022-10-01,ABBT3710049,PROD,GAS,0.3,e3m3,true
2022-10-01,ABBT3710049,PROD,GAS,7.6,e3m3,true
2022-10-01,ABBT3710049,PROD,GAS,7.6,e3m3,true
2022-10-01,ABBT3710049,PROD,GAS,13.2,e3m3,true
2022-10-01,ABBT3710049,PROD,GAS,3.8,e3m3,true
2022-10-01,ABBT3710049,PROD,GAS,14.8,e3m3,true
2022-10-01,ABBT3710049,PROD,GAS,21.4,e3m3,true
2022-10-01,ABBT3710049,PROD,GAS,12.1,e3m3,true
2022-10-01,ABBT3710049,PROD,GAS,0.8,e3m3,true
2022-10-01,ABBT3710049,PROD,GAS,4.1,e3m3,true
2022-10-01,ABBT3710049,PROD,GAS,0.9,e3m3,true
2022-10-01,ABBT3710049,PROD,GAS,28,e3m3,true
2022-10-01,ABBT3710049,PROD,GAS,2.5,e3m3,true
2022-10-01,ABBT3710049,PROD,GAS,1.7,e3m3,true
2022-10-01,ABBT3710049,PURREC,GAS,42.9,e3m3,true
2022-10-01,ABBT3710049,PURREC,GAS,53.1,e3m3,true
2022-10-01,ABBT3710049,VENT,GAS,0.6,e3m3,true
2022-10-01,ABBT3710049,DISP,OIL,1570,m3,true
2022-10-01,ABBT3710049,IMBAL,OIL,0,m3,true
2022-10-01,ABBT3710049,INVCL,OIL,94,m3,true
2022-10-01,ABBT3710049,INVOP,OIL,105.7,m3,true
2022-10-01,ABBT3710049,PROD,OIL,58.4,m3,true
2022-10-01,ABBT3710049,PROD,OIL,27.4,m3,true
2022-10-01,ABBT3710049,PROD,OIL,42.8,m3,true
2022-10-01,ABBT3710049,PROD,OIL,118.7,m3,true
2022-10-01,ABBT3710049,PROD,OIL,7.6,m3,true
2022-10-01,ABBT3710049,PROD,OIL,24,m3,true
2022-10-01,ABBT3710049,PROD,OIL,47.9,m3,true
2022-10-01,ABBT3710049,PROD,OIL,32.7,m3,true
2022-10-01,ABBT3710049,PROD,OIL,20.4,m3,true
2022-10-01,ABBT3710049,PROD,OIL,16.5,m3,true
2022-10-01,ABBT3710049,PROD,OIL,32.8,m3,true
2022-10-01,ABBT3710049,PROD,OIL,49.3,m3,true
2022-10-01,ABBT3710049,PROD,OIL,136.4,m3,true
2022-10-01,ABBT3710049,PROD,OIL,18.3,m3,true
2022-10-01,ABBT3710049,PROD,OIL,70.2,m3,true
2022-10-01,ABBT3710049,PROD,OIL,31.9,m3,true
2022-10-01,ABBT3710049,PROD,OIL,52.5,m3,true
2022-10-01,ABBT3710049,PROD,OIL,28.2,m3,true
2022-10-01,ABBT3710049,PROD,OIL,38,m3,true
2022-10-01,ABBT3710049,PROD,OIL,19.5,m3,true
2022-10-01,ABBT3710049,PROD,OIL,43.8,m3,true
2022-10-01,ABBT3710049,PROD,OIL,78.7,m3,true
2022-10-01,ABBT3710049,PROD,OIL,78.6,m3,true
2022-10-01,ABBT3710049,PROD,OIL,17.9,m3,true
2022-10-01,ABBT3710049,PROD,OIL,10,m3,true
2022-10-01,ABBT3710049,PROD,OIL,40,m3,true
2022-10-01,ABBT3710049,PROD,OIL,113.1,m3,true
2022-10-01,ABBT3710049,PROD,OIL,65.3,m3,true
2022-10-01,ABBT3710049,PROD,OIL,27.9,m3,true
2022-10-01,ABBT3710049,PROD,OIL,43.2,m3,true
2022-10-01,ABBT3710049,PROD,OIL,90.3,m3,true
2022-10-01,ABBT3710049,PROD,OIL,41,m3,true
2022-10-01,ABBT3710049,PROD,OIL,21,m3,true
2022-10-01,ABBT3710049,PROD,OIL,14,m3,true
2022-10-01,ABBT3710049,ROYALTY,OIL,2.4,m3,true
2022-10-01,ABBT3710049,ROYALTY,OIL,0.3,m3,true
2022-10-01,ABBT3710049,ROYALTY,OIL,6.8,m3,true
2022-10-01,ABBT3710049,ROYALTY,OIL,3.3,m3,true
2022-10-01,ABBT3710049,ROYALTY,OIL,0.9,m3,true
2022-10-01,ABBT3710049,ROYALTY,OIL,0.6,m3,true
2022-10-01,ABBT3710049,ROYALTY,OIL,44.1,m3,true
2022-10-01,ABBT3710049,ROYALTY,OIL,0.7,m3,true
2022-10-01,ABBT3710049,ROYALTY,OIL,14,m3,true
2022-10-01,ABBT3710049,ROYALTY,OIL,8.1,m3,true
2022-10-01,ABBT3710049,ROYALTY,OIL,4.4,m3,true
2022-10-01,ABBT3710049,ROYALTY,OIL,0.9,m3,true
2022-10-01,ABBT3710049,ROYALTY,OIL,5.7,m3,true
2022-10-01,ABBT3710049,ROYALTY,OIL,0.4,m3,true
2022-10-01,ABBT3710049,ROYALTY,OIL,4.8,m3,true
2022-10-01,ABBT3710049,ROYALTY,OIL,2.8,m3,true
2022-10-01,ABBT3710049,ROYALTY,OIL,14.7,m3,true
2022-10-01,ABBT3710049,DIFF,WATER,0,m3,true
2022-10-01,ABBT3710049,DISP,WATER,0.4,m3,true
2022-10-01,ABBT3710049,DISP,WATER,68494,m3,true
2022-10-01,ABBT3710049,DISP,WATER,3235,m3,true
2022-10-01,ABBT3710049,DISP,WATER,5492,m3,true
2022-10-01,ABBT3710049,PROD,WATER,117.6,m3,true
2022-10-01,ABBT3710049,PROD,WATER,1706.7,m3,true
2022-10-01,ABBT3710049,PROD,WATER,1114,m3,true
2022-10-01,ABBT3710049,PROD,WATER,860.2,m3,true
2022-10-01,ABBT3710049,PROD,WATER,1647.5,m3,true
2022-10-01,ABBT3710049,PROD,WATER,625.8,m3,true
2022-10-01,ABBT3710049,PROD,WATER,2027.6,m3,true
2022-10-01,ABBT3710049,PROD,WATER,676,m3,true
2022-10-01,ABBT3710049,PROD,WATER,1452.5,m3,true
2022-10-01,ABBT3710049,PROD,WATER,1743.7,m3,true
2022-10-01,ABBT3710049,PROD,WATER,3528.3,m3,true
2022-10-01,ABBT3710049,PROD,WATER,5292.6,m3,true
2022-10-01,ABBT3710049,PROD,WATER,2125.1,m3,true
2022-10-01,ABBT3710049,PROD,WATER,622.5,m3,true
2022-10-01,ABBT3710049,PROD,WATER,1823.4,m3,true
2022-10-01,ABBT3710049,PROD,WATER,1350.8,m3,true
2022-10-01,ABBT3710049,PROD,WATER,8056.7,m3,true
2022-10-01,ABBT3710049,PROD,WATER,797.7,m3,true
2022-10-01,ABBT3710049,PROD,WATER,589.7,m3,true
2022-10-01,ABBT3710049,PROD,WATER,1027.8,m3,true
2022-10-01,ABBT3710049,PROD,WATER,1853.2,m3,true
2022-10-01,ABBT3710049,PROD,WATER,1335.4,m3,true
2022-10-01,ABBT3710049,PROD,WATER,1335.4,m3,true
2022-10-01,ABBT3710049,PROD,WATER,9716.9,m3,true
2022-10-01,ABBT3710049,PROD,WATER,422.9,m3,true
2022-10-01,ABBT3710049,PROD,WATER,1691.4,m3,true
2022-10-01,ABBT3710049,PROD,WATER,898.8,m3,true
2022-10-01,ABBT3710049,PROD,WATER,4641,m3,true
2022-10-01,ABBT3710049,PROD,WATER,2986.6,m3,true
2022-10-01,ABBT3710049,PROD,WATER,1287.7,m3,true
2022-10-01,ABBT3710049,PROD,WATER,2075.5,m3,true
2022-10-01,ABBT3710049,PROD,WATER,11069.1,m3,true
2022-10-01,ABBT3710049,PROD,WATER,432.8,m3,true
2022-10-01,ABBT3710049,PROD,WATER,288.5,m3,true
2022-10-01,ABBT4180001,,,,,true
2022-10-01,ABBT4180001,,,,,true
2022-10-01,ABBT4180001,,,,,true
2022-10-01,ABBT4180001,DIFF,GAS,0,e3m3,true
2022-10-01,ABBT4180001,DISP,GAS,23.7,e3m3,true
2022-10-01,ABBT4180001,FLARE,GAS,3,e3m3,true
2022-10-01,ABBT4180001,FUEL,GAS,6.1,e3m3,true
2022-10-01,ABBT4180001,PROD,GAS,22.7,e3m3,true
2022-10-01,ABBT4180001,PROD,GAS,11.4,e3m3,true
2022-10-01,ABBT4180001,VENT,GAS,1.3,e3m3,true
2022-10-01,ABBT4180001,DISP,OIL,372,m3,true
2022-10-01,ABBT4180001,IMBAL,OIL,0,m3,true
2022-10-01,ABBT4180001,INVCL,OIL,50.3,m3,true
2022-10-01,ABBT4180001,INVOP,OIL,24.7,m3,true
2022-10-01,ABBT4180001,PROD,OIL,276.9,m3,true
2022-10-01,ABBT4180001,PROD,OIL,120.7,m3,true
2022-10-01,ABBT4180001,ROYALTY,OIL,110.8,m3,true
2022-10-01,ABBT4180001,ROYALTY,OIL,38.4,m3,true
2022-10-01,ABBT4180001,DISP,SAND,2.8,,true
2022-10-01,ABBT4180001,DIFF,WATER,0,m3,true
2022-10-01,ABBT4180001,DISP,WATER,20.3,m3,true
2022-10-01,ABBT4180001,DISP,WATER,3750.3,m3,true
2022-10-01,ABBT4180001,PROD,WATER,2535.5,m3,true
2022-10-01,ABBT4180001,PROD,WATER,1235.1,m3,true
2022-10-01,ABBT4550001,,,,,true
2022-10-01,ABBT4550001,,,,,true
2022-10-01,ABBT4550001,,,,,true
2022-10-01,ABBT4550001,SHUTIN,,,,true
2022-10-01,ABBT4550001,SHUTIN,,,,true
2022-10-01,ABBT4550001,SHUTIN,,,,true
2022-10-01,ABBT4550001,SHUTIN,,,,true
2022-10-01,ABBT4550001,DIFF,GAS,0,e3m3,true
2022-10-01,ABBT4550001,FLARE,GAS,317,e3m3,true
2022-10-01,ABBT4550001,FUEL,GAS,5.5,e3m3,true
2022-10-01,ABBT4550001,PROD,GAS,0.3,e3m3,true
2022-10-01,ABBT4550001,PROD,GAS,4.8,e3m3,true
2022-10-01,ABBT4550001,PROD,GAS,82.4,e3m3,true
2022-10-01,ABBT4550001,PROD,GAS,1.2,e3m3,true
2022-10-01,ABBT4550001,PROD,GAS,1.6,e3m3,true
2022-10-01,ABBT4550001,PROD,GAS,46.2,e3m3,true
2022-10-01,ABBT4550001,PROD,GAS,4.8,e3m3,true
2022-10-01,ABBT4550001,PROD,GAS,85.2,e3m3,true
2022-10-01,ABBT4550001,PROD,GAS,5.6,e3m3,true
2022-10-01,ABBT4550001,PROD,GAS,5.1,e3m3,true
2022-10-01,ABBT4550001,PROD,GAS,0.4,e3m3,true
2022-10-01,ABBT4550001,PROD,GAS,74.2,e3m3,true
2022-10-01,ABBT4550001,PROD,GAS,0.4,e3m3,true
2022-10-01,ABBT4550001,PROD,GAS,0.4,e3m3,true
2022-10-01,ABBT4550001,REC,GAS,9.9,e3m3,true
2022-10-01,ABBT4550001,DISP,OIL,642.9,m3,true
2022-10-01,ABBT4550001,IMBAL,OIL,0,m3,true
2022-10-01,ABBT4550001,INVCL,OIL,143.1,m3,true
2022-10-01,ABBT4550001,INVOP,OIL,134.3,m3,true
2022-10-01,ABBT4550001,PROD,OIL,0.3,m3,true
2022-10-01,ABBT4550001,PROD,OIL,50.9,m3,true
2022-10-01,ABBT4550001,PROD,OIL,75.2,m3,true
2022-10-01,ABBT4550001,PROD,OIL,8.6,m3,true
2022-10-01,ABBT4550001,PROD,OIL,17.4,m3,true
2022-10-01,ABBT4550001,PROD,OIL,96.7,m3,true
2022-10-01,ABBT4550001,PROD,OIL,14.5,m3,true
2022-10-01,ABBT4550001,PROD,OIL,314.4,m3,true
2022-10-01,ABBT4550001,PROD,OIL,25.8,m3,true
2022-10-01,ABBT4550001,PROD,OIL,22.3,m3,true
2022-10-01,ABBT4550001,PROD,OIL,0.4,m3,true
2022-10-01,ABBT4550001,PROD,OIL,24.5,m3,true
2022-10-01,ABBT4550001,PROD,OIL,0.7,m3,true
2022-10-01,ABBT4550001,ROYALTY,OIL,0.4,m3,true
2022-10-01,ABBT4550001,ROYALTY,OIL,1.3,m3,true
2022-10-01,ABBT4550001,ROYALTY,OIL,26,m3,true
2022-10-01,ABBT4550001,ROYALTY,OIL,1.9,m3,true
2022-10-01,ABBT4550001,ROYALTY,OIL,2,m3,true
2022-10-01,ABBT4550001,DIFF,WATER,0,m3,true
2022-10-01,ABBT4550001,DISP,WATER,2.6,m3,true
2022-10-01,ABBT4550001,DISP,WATER,5006,m3,true
2022-10-01,ABBT4550001,DISP,WATER,2334.9,m3,true
2022-10-01,ABBT4550001,DISP,WATER,1040.6,m3,true
2022-10-01,ABBT4550001,DISP,WATER,169,m3,true
2022-10-01,ABBT4550001,PROD,WATER,4.3,m3,true
2022-10-01,ABBT4550001,PROD,WATER,1216.7,m3,true
2022-10-01,ABBT4550001,PROD,WATER,575.3,m3,true
2022-10-01,ABBT4550001,PROD,WATER,493.1,m3,true
2022-10-01,ABBT4550001,PROD,WATER,506.5,m3,true
2022-10-01,ABBT4550001,PROD,WATER,2366.3,m3,true
2022-10-01,ABBT4550001,PROD,WATER,886.1,m3,true
2022-10-01,ABBT4550001,PROD,WATER,429.7,m3,true
2022-10-01,ABBT4550001,PROD,WATER,852.1,m3,true
2022-10-01,ABBT4550001,PROD,WATER,1208.5,m3,true
2022-10-01,ABBT4550001,PROD,WATER,1.8,m3,true
2022-10-01,ABBT4550001,PROD,WATER,10.9,m3,true
2022-10-01,ABBT4550001,PROD,WATER,1.8,m3,true
2022-10-01,ABBT4940020,,,,,true
2022-10-01,ABBT4940020,,,,,true
2022-10-01,ABBT4940020,,,,,true
2022-10-01,ABBT4940020,SHUTIN,,,,true
2022-10-01,ABBT4940020,SHUTIN,,,,true
2022-10-01,ABBT4940020,SHUTIN,,,,true
2022-10-01,ABBT4940020,SHUTIN,,,,true
2022-10-01,ABBT4940020,DIFF,GAS,0,e3m3,true
2022-10-01,ABBT4940020,DISP,GAS,19.9,e3m3,true
2022-10-01,ABBT4940020,DISP,GAS,464.7,e3m3,true
2022-10-01,ABBT4940020,FLARE,GAS,35.1,e3m3,true
2022-10-01,ABBT4940020,FUEL,GAS,88.3,e3m3,true
2022-10-01,ABBT4940020,PROD,GAS,21.4,e3m3,true
2022-10-01,ABBT4940020,PROD,GAS,19.6,e3m3,true
2022-10-01,ABBT4940020,PROD,GAS,34.8,e3m3,true
2022-10-01,ABBT4940020,PROD,GAS,27.1,e3m3,true
2022-10-01,ABBT4940020,PROD,GAS,31.3,e3m3,true
2022-10-01,ABBT4940020,PROD,GAS,29.8,e3m3,true
2022-10-01,ABBT4940020,PROD,GAS,38.6,e3m3,true
2022-10-01,ABBT4940020,PROD,GAS,19.1,e3m3,true
2022-10-01,ABBT4940020,PROD,GAS,42,e3m3,true
2022-10-01,ABBT4940020,PROD,GAS,20.9,e3m3,true
2022-10-01,ABBT4940020,PROD,GAS,40,e3m3,true
2022-10-01,ABBT4940020,PROD,GAS,29.8,e3m3,true
2022-10-01,ABBT4940020,PROD,GAS,38,e3m3,true
2022-10-01,ABBT4940020,PROD,GAS,91.2,e3m3,true
2022-10-01,ABBT4940020,REC,GAS,124.5,e3m3,true
2022-10-01,ABBT4940020,VENT,GAS,0.1,e3m3,true
2022-10-01,ABBT4940020,DISP,OIL,1062.2,m3,true
2022-10-01,ABBT4940020,IMBAL,OIL,0,m3,true
2022-10-01,ABBT4940020,INVCL,OIL,81.2,m3,true
2022-10-01,ABBT4940020,INVOP,OIL,107.1,m3,true
2022-10-01,ABBT4940020,PROD,OIL,63.2,m3,true
2022-10-01,ABBT4940020,PROD,OIL,35.1,m3,true
2022-10-01,ABBT4940020,PROD,OIL,98.4,m3,true
2022-10-01,ABBT4940020,PROD,OIL,59.4,m3,true
2022-10-01,ABBT4940020,PROD,OIL,48.4,m3,true
2022-10-01,ABBT4940020,PROD,OIL,72.6,m3,true
2022-10-01,ABBT4940020,PROD,OIL,137.1,m3,true
2022-10-01,ABBT4940020,PROD,OIL,28.8,m3,true
2022-10-01,ABBT4940020,PROD,OIL,8.1,m3,true
2022-10-01,ABBT4940020,PROD,OIL,23.2,m3,true
2022-10-01,ABBT4940020,PROD,OIL,119.8,m3,true
2022-10-01,ABBT4940020,PROD,OIL,82.6,m3,true
2022-10-01,ABBT4940020,PROD,OIL,81.1,m3,true
2022-10-01,ABBT4940020,PROD,OIL,175,m3,true
2022-10-01,ABBT4940020,REC,OIL,3.5,m3,true
2022-10-01,ABBT4940020,ROYALTY,OIL,5.1,m3,true
2022-10-01,ABBT4940020,ROYALTY,OIL,1.6,m3,true
2022-10-01,ABBT4940020,ROYALTY,OIL,10.6,m3,true
2022-10-01,ABBT4940020,ROYALTY,OIL,4.1,m3,true
2022-10-01,ABBT4940020,ROYALTY,OIL,2.8,m3,true
2022-10-01,ABBT4940020,ROYALTY,OIL,6,m3,true
2022-10-01,ABBT4940020,ROYALTY,OIL,17.5,m3,true
2022-10-01,ABBT4940020,ROYALTY,OIL,1.1,m3,true
2022-10-01,ABBT4940020,ROYALTY,OIL,0.1,m3,true
2022-10-01,ABBT4940020,ROYALTY,OIL,0.8,m3,true
2022-10-01,ABBT4940020,ROYALTY,OIL,14.5,m3,true
2022-10-01,ABBT4940020,ROYALTY,OIL,7.6,m3,true
2022-10-01,ABBT4940020,ROYALTY,OIL,7.4,m3,true
2022-10-01,ABBT4940020,ROYALTY,OIL,24.8,m3,true
2022-10-01,ABBT4940020,DIFF,WATER,0,m3,true
2022-10-01,ABBT4940020,DISP,WATER,1.4,m3,true
2022-10-01,ABBT4940020,DISP,WATER,26403,m3,true
2022-10-01,ABBT4940020,PROD,WATER,1406,m3,true
2022-10-01,ABBT4940020,PROD,WATER,1994.4,m3,true
2022-10-01,ABBT4940020,PROD,WATER,1334.9,m3,true
2022-10-01,ABBT4940020,PROD,WATER,1127.3,m3,true
2022-10-01,ABBT4940020,PROD,WATER,1297.8,m3,true
2022-10-01,ABBT4940020,PROD,WATER,2266.8,m3,true
2022-10-01,ABBT4940020,PROD,WATER,952,m3,true
2022-10-01,ABBT4940020,PROD,WATER,1877.4,m3,true
2022-10-01,ABBT4940020,PROD,WATER,1720,m3,true
2022-10-01,ABBT4940020,PROD,WATER,1401.8,m3,true
2022-10-01,ABBT4940020,PROD,WATER,733,m3,true
2022-10-01,ABBT4940020,PROD,WATER,1979.6,m3,true
2022-10-01,ABBT4940020,PROD,WATER,2650.3,m3,true
2022-10-01,ABBT4940020,PROD,WATER,5663.1,m3,true
2022-10-01,ABBT7980014,DISP,SAND,8,,true
2022-10-01,ABBT9880004,,,,,true
2022-10-01,ABBT9880004,,,,,true
2022-10-01,ABBT9880004,,,,,true
2022-10-01,ABBT9880004,SHUTIN,,,,true
2022-10-01,ABBT9880004,SHUTIN,,,,true
2022-10-01,ABBT9880004,SHUTIN,,,,true
2022-10-01,ABBT9880004,SHUTIN,,,,true
2022-10-01,ABBT9880004,DIFF,GAS,0,e3m3,true
2022-10-01,ABBT9880004,FLARE,GAS,80.3,e3m3,true
2022-10-01,ABBT9880004,FUEL,GAS,2.6,e3m3,true
2022-10-01,ABBT9880004,PROD,GAS,38.2,e3m3,true
2022-10-01,ABBT9880004,PROD,GAS,17.1,e3m3,true
2022-10-01,ABBT9880004,PROD,GAS,12.7,e3m3,true
2022-10-01,ABBT9880004,PROD,GAS,6.7,e3m3,true
2022-10-01,ABBT9880004,REC,GAS,8.2,e3m3,true
2022-10-01,ABBT9880004,DISP,OIL,280.5,m3,true
2022-10-01,ABBT9880004,IMBAL,OIL,0,m3,true
2022-10-01,ABBT9880004,INVCL,OIL,139.1,m3,true
2022-10-01,ABBT9880004,INVOP,OIL,150.3,m3,true
2022-10-01,ABBT9880004,PROD,OIL,82.9,m3,true
2022-10-01,ABBT9880004,PROD,OIL,68.1,m3,true
2022-10-01,ABBT9880004,PROD,OIL,106.5,m3,true
2022-10-01,ABBT9880004,PROD,OIL,11.8,m3,true
2022-10-01,ABBT9880004,ROYALTY,OIL,7.4,m3,true
2022-10-01,ABBT9880004,ROYALTY,OIL,11.6,m3,true
2022-10-01,ABBT9880004,ROYALTY,OIL,31.9,m3,true
2022-10-01,ABBT9880004,ROYALTY,OIL,0.5,m3,true
2022-10-01,ABBT9880004,DIFF,WATER,0,m3,true
2022-10-01,ABBT9880004,DISP,WATER,0.1,m3,true
2022-10-01,ABBT9880004,DISP,WATER,1065,m3,true
2022-10-01,ABBT9880004,PROD,WATER,623,m3,true
2022-10-01,ABBT9880004,PROD,WATER,19,m3,true
2022-10-01,ABBT9880004,PROD,WATER,364.7,m3,true
2022-10-01,ABBT9880004,PROD,WATER,58.4,m3,true
2022-10-01,ABGS0002227,DIFF,GAS,-9.3,e3m3,true
2022-10-01,ABGS0002227,DISP,GAS,1416.4,e3m3,true
2022-10-01,ABGS0002227,REC,GAS,464.7,e3m3,true
2022-10-01,ABGS0002227,REC,GAS,942.4,e3m3,true
2022-10-01,ABGS0002227,DIFF,WATER,0,m3,true
2022-10-01,ABGS0002227,DISP,WATER,6.9,m3,true
2022-10-01,ABGS0002227,REC,WATER,6.9,m3,true
2022-10-01,ABGS0135864,DIFF,GAS,0,e3m3,true
2022-10-01,ABGS0135864,DISP,GAS,942.4,e3m3,true
2022-10-01,ABGS0135864,REC,GAS,58.4,e3m3,true
2022-10-01,ABGS0135864,REC,GAS,837.6,e3m3,true
2022-10-01,ABGS0135864,REC,GAS,46.4,e3m3,true
2022-10-01,ABIF0007002,SHUTIN,,,,true
2022-10-01,ABIF0007002,SHUTIN,,,,true
2022-10-01,ABIF0007002,SHUTIN,,,,true
2022-10-01,ABIF0007002,SHUTIN,,,,true
2022-10-01,ABIF0007002,SHUTIN,,,,true
2022-10-01,ABIF0007002,SHUTIN,,,,true
2022-10-01,ABIF0007004,DIFF,WATER,0,m3,true
2022-10-01,ABIF0007004,INJ,WATER,3757,m3,true
2022-10-01,ABIF0007004,INJ,WATER,4500,m3,true
2022-10-01,ABIF0007004,INJ,WATER,9487,m3,true
2022-10-01,ABIF0007004,INJ,WATER,18371,m3,true
2022-10-01,ABIF0007004,INJ,WATER,10409,m3,true
2022-10-01,ABIF0007004,INJ,WATER,230,m3,true
2022-10-01,ABIF0007004,INJ,WATER,6199,m3,true
2022-10-01,ABIF0007004,INJ,WATER,5292,m3,true
2022-10-01,ABIF0007004,INJ,WATER,10249,m3,true
2022-10-01,ABIF0007004,REC,WATER,68494,m3,true
2022-10-01,ABIF0007006,DIFF,WATER,-0.4,m3,true
2022-10-01,ABIF0007006,INJ,WATER,3750.9,m3,true
2022-10-01,ABIF0007006,INVOP,WATER,0.2,m3,true
2022-10-01,ABIF0007006,REC,WATER,3750.3,m3,true
2022-10-01,ABIF0007052,DIFF,WATER,0,m3,true
2022-10-01,ABIF0007052,INJ,WATER,5006,m3,true
2022-10-01,ABIF0007052,REC,WATER,5006,m3,true
2022-10-01,ABIF0007274,DIFF,WATER,0,m3,true
2022-10-01,ABIF0007274,INJ,WATER,1742,m3,true
2022-10-01,ABIF0007274,INJ,WATER,24661,m3,true
2022-10-01,ABIF0007274,REC,WATER,26403,m3,true
2022-10-01,ABIF0008261,DIFF,WATER,0,m3,true
2022-10-01,ABIF0008261,INJ,WATER,2334.9,m3,true
2022-10-01,ABIF0008261,REC,WATER,2334.9,m3,true
2022-10-01,ABIF0008386,DIFF,WATER,0,m3,true
2022-10-01,ABIF0008386,INJ,WATER,2347.5,m3,true
2022-10-01,ABIF0008386,REC,WATER,2347.5,m3,true
2022-10-01,ABIF0008917,DIFF,WATER,0,m3,true
2022-10-01,ABIF0008917,INJ,WATER,1040.6,m3,true
2022-10-01,ABIF0008917,INVCL,WATER,0.1,m3,true
2022-10-01,ABIF0008917,INVOP,WATER,0.1,m3,true
2022-10-01,ABIF0008917,REC,WATER,1040.6,m3,true
2022-10-01,ABIF0008992,DIFF,WATER,0,m3,true
2022-10-01,ABIF0008992,INJ,WATER,169,m3,true
2022-10-01,ABIF0008992,REC,WATER,169,m3,true
2022-10-01,ABIF0009829,SHUTIN,,,,true
2022-10-01,ABIF0009829,DIFF,WATER,0,m3,true
2022-10-01,ABIF0009829,INJ,WATER,1065,m3,true
2022-10-01,ABIF0009829,REC,WATER,1065,m3,true
2022-10-01,ABIF0009839,DIFF,WATER,0,m3,true
2022-10-01,ABIF0009839,INJ,WATER,3235,m3,true
2022-10-01,ABIF0009839,REC,WATER,3235,m3,true
2022-10-01,ABIF0140734,DIFF,WATER,0,m3,true
2022-10-01,ABIF0140734,INJ,WATER,5492,m3,true
2022-10-01,ABIF0140734,REC,WATER,5492,m3,true
2022-10-01,ABIF0156447,SHUTIN,,,,true
2022-10-01,ABIF0156447,PROD,BRKWTR,30613.4,,true
2022-10-01,ABIF0156447,INJ,CO2,4999.7,,true
2022-10-01,ABIF0156447,INJ,CO2,5890.7,,true
2022-10-01,ABIF0156447,INJ,CO2,6331.7,,true
2022-10-01,ABIF0156447,INJ,CO2,6442.5,,true
2022-10-01,ABIF0156447,INJ,CO2,4736.4,,true
2022-10-01,ABIF0156447,INJ,CO2,24000.1,,true
2022-10-01,ABIF0156447,REC,CO2,39965.6,,true
2022-10-01,ABIF0156447,REC,CO2,12435.5,,true
2022-10-01,ABIF0156447,DIFF,GAS,0,e3m3,true
2022-10-01,ABIF0156447,INJ,GAS,553.4,e3m3,true
2022-10-01,ABIF0156447,INJ,GAS,667.6,e3m3,true
2022-10-01,ABIF0156447,INJ,GAS,696,e3m3,true
2022-10-01,ABIF0156447,INJ,GAS,708.2,e3m3,true
2022-10-01,ABIF0156447,INJ,GAS,534.8,e3m3,true
2022-10-01,ABIF0156447,INJ,GAS,2534.8,e3m3,true
2022-10-01,ABIF0156447,REC,GAS,5539.9,e3m3,true
2022-10-01,ABIF0156447,REC,GAS,154.9,e3m3,true
2022-10-01,ABIF0156447,DIFF,WATER,0,m3,true
2022-10-01,ABIF0156447,INJ,WATER,24312.9,m3,true
2022-10-01,ABIF0156447,INJ,WATER,24582.8,m3,true
2022-10-01,ABIF0156447,REC,WATER,18282.3,m3,true
2022-12-01,ABBT0048421,DIFF,GAS,0,e3m3,true
2022-12-01,ABBT0048421,DISP,GAS,55.9,e3m3,true
2022-12-01,ABBT0048421,FUEL,GAS,0.4,e3m3,true
2022-12-01,ABBT0048421,PROD,GAS,56.4,e3m3,true
2022-12-01,ABBT0048421,VENT,GAS,0.1,e3m3,true
2022-12-01,ABBT0059275,SHUTIN,,,,true
2022-12-01,ABBT0059275,IMBAL,OIL,0,m3,true
2022-12-01,ABBT0059275,INVCL,OIL,1.6,m3,true
2022-12-01,ABBT0059275,INVOP,OIL,1.6,m3,true
2022-12-01,ABBT0083457,IMBAL,OIL,0,m3,true
2022-12-01,ABBT0083457,INVCL,OIL,12,m3,true
2022-12-01,ABBT0083457,INVOP,OIL,12,m3,true
2022-12-01,ABBT0083457,DIFF,WATER,0,m3,true
2022-12-01,ABBT0083457,INVCL,WATER,10.4,m3,true
2022-12-01,ABBT0083457,INVOP,WATER,10.4,m3,true
2022-12-01,ABBT0091980,SHUTIN,,,,true
2022-12-01,ABBT0091980,IMBAL,OIL,0,m3,true
2022-12-01,ABBT0091980,INVCL,OIL,24.6,m3,true
2022-12-01,ABBT0091980,INVOP,OIL,24.6,m3,true
2022-12-01,ABBT0101896,PROD,COND,4.3,m3,true
2022-12-01,ABBT0101896,DIFF,GAS,0,e3m3,true
2022-12-01,ABBT0101896,DISP,GAS,785.1,e3m3,true
2022-12-01,ABBT0101896,FLARE,GAS,4.3,e3m3,true
2022-12-01,ABBT0101896,FUEL,GAS,26.9,e3m3,true
2022-12-01,ABBT0101896,PROD,GAS,27.2,e3m3,true
2022-12-01,ABBT0101896,PROD,GAS,20.2,e3m3,true
2022-12-01,ABBT0101896,PROD,GAS,92.3,e3m3,true
2022-12-01,ABBT0101896,PROD,GAS,60.5,e3m3,true
2022-12-01,ABBT0101896,PROD,GAS,37.8,e3m3,true
2022-12-01,ABBT0101896,PROD,GAS,174.3,e3m3,true
2022-12-01,ABBT0101896,PROD,GAS,100.7,e3m3,true
2022-12-01,ABBT0101896,PROD,GAS,17.8,e3m3,true
2022-12-01,ABBT0101896,PROD,GAS,94.9,e3m3,true
2022-12-01,ABBT0101896,PROD,GAS,159.3,e3m3,true
2022-12-01,ABBT0101896,REC,GAS,33.7,e3m3,true
2022-12-01,ABBT0101896,VENT,GAS,2.4,e3m3,true
2022-12-01,ABBT0101896,DISP,OIL,4.3,m3,true
2022-12-01,ABBT0101896,IMBAL,OIL,0,m3,true
2022-12-01,ABBT0120813,DIFF,GAS,0,e3m3,true
2022-12-01,ABBT0120813,DISP,GAS,40.2,e3m3,true
2022-12-01,ABBT0120813,FUEL,GAS,2.7,e3m3,true
2022-12-01,ABBT0120813,PROD,GAS,43,e3m3,true
2022-12-01,ABBT0120813,VENT,GAS,0.1,e3m3,true
2022-12-01,ABBT0120813,IMBAL,OIL,0,m3,true
2022-12-01,ABBT0120813,INVCL,OIL,21.3,m3,true
2022-12-01,ABBT0120813,INVOP,OIL,15.8,m3,true
2022-12-01,ABBT0120813,PROD,OIL,5.5,m3,true
2022-12-01,ABBT0120813,DIFF,WATER,0,m3,true
2022-12-01,ABBT0120813,INVCL,WATER,8.7,m3,true
2022-12-01,ABBT0120813,INVOP,WATER,8.7,m3,true
2022-12-01,ABBT0141479,SHUTIN,,,,true
2022-12-01,ABBT0141479,SHUTIN,,,,true
2022-12-01,ABBT2240034,,,,,true
2022-12-01,ABBT2240034,,,,,true
2022-12-01,ABBT2240034,,,,,true
2022-12-01,ABBT2240034,SHUTIN,,,,true
2022-12-01,ABBT2240034,SHUTIN,,,,true
2022-12-01,ABBT2240034,SHUTIN,,,,true
2022-12-01,ABBT2240034,SHUTIN,,,,true
2022-12-01,ABBT2240034,SHUTIN,,,,true
2022-12-01,ABBT2240034,SHUTIN,,,,true
2022-12-01,ABBT2240034,SHUTIN,,,,true
2022-12-01,ABBT2240034,SHUTIN,,,,true
2022-12-01,ABBT2240034,SHUTIN,,,,true
2022-12-01,ABBT2240034,SHUTIN,,,,true
2022-12-01,ABBT2240034,SHUTIN,,,,true
2022-12-01,ABBT2240034,DISP,CO2,35838.1,,true
2022-12-01,ABBT2240034,DIFF,GAS,0,e3m3,true
2022-12-01,ABBT2240034,DISP,GAS,4960.1,e3m3,true
2022-12-01,ABBT2240034,FLARE,GAS,35.4,e3m3,true
2022-12-01,ABBT2240034,FUEL,GAS,45,e3m3,true
2022-12-01,ABBT2240034,PROD,GAS,8512,e3m3,true
2022-12-01,ABBT2240034,PROD,GAS,35.2,e3m3,true
2022-12-01,ABBT2240034,PROD,GAS,30.3,e3m3,true
2022-12-01,ABBT2240034,PROD,GAS,9,e3m3,true
2022-12-01,ABBT2240034,PROD,GAS,10591.2,e3m3,true
2022-12-01,ABBT2240034,PROD,GAS,11228.8,e3m3,true
2022-12-01,ABBT2240034,PROD,GAS,5853.1,e3m3,true
2022-12-01,ABBT2240034,PROD,GAS,3436.7,e3m3,true
2022-12-01,ABBT2240034,PROD,GAS,6.6,e3m3,true
2022-12-01,ABBT2240034,PROD,GAS,997.6,e3m3,true
2022-12-01,ABBT2240034,PROD,GAS,13.9,e3m3,true
2022-12-01,ABBT2240034,PURREC,GAS,164.4,e3m3,true
2022-12-01,ABBT2240034,VENT,GAS,0.2,e3m3,true
2022-12-01,ABBT2240034,DISP,OIL,3624.3,m3,true
2022-12-01,ABBT2240034,IMBAL,OIL,0,m3,true
2022-12-01,ABBT2240034,PROD,OIL,718.1,m3,true
2022-12-01,ABBT2240034,PROD,OIL,6.9,m3,true
2022-12-01,ABBT2240034,PROD,OIL,56.2,m3,true
2022-12-01,ABBT2240034,PROD,OIL,31,m3,true
2022-12-01,ABBT2240034,PROD,OIL,864.4,m3,true
2022-12-01,ABBT2240034,PROD,OIL,919.5,m3,true
2022-12-01,ABBT2240034,PROD,OIL,501.7,m3,true
2022-12-01,ABBT2240034,PROD,OIL,264.8,m3,true
2022-12-01,ABBT2240034,PROD,OIL,118.8,m3,true
2022-12-01,ABBT2240034,PROD,OIL,78.7,m3,true
2022-12-01,ABBT2240034,PROD,OIL,64.2,m3,true
2022-12-01,ABBT2240034,ROYALTY,OIL,16.8,m3,true
2022-12-01,ABBT2240034,ROYALTY,OIL,0.1,m3,true
2022-12-01,ABBT2240034,ROYALTY,OIL,1.7,m3,true
2022-12-01,ABBT2240034,ROYALTY,OIL,20.2,m3,true
2022-12-01,ABBT2240034,ROYALTY,OIL,21.5,m3,true
2022-12-01,ABBT2240034,ROYALTY,OIL,11.6,m3,true
2022-12-01,ABBT2240034,ROYALTY,OIL,6.2,m3,true
2022-12-01,ABBT2240034,ROYALTY,OIL,16.9,m3,true
2022-12-01,ABBT2240034,ROYALTY,OIL,8.1,m3,true
2022-12-01,ABBT2240034,ROYALTY,OIL,6.4,m3,true
2022-12-01,ABBT2240034,DIFF,WATER,0,m3,true
2022-12-01,ABBT2240034,DISP,WATER,1.8,m3,true
2022-12-01,ABBT2240034,DISP,WATER,15525.1,m3,true
2022-12-01,ABBT2240034,PROD,WATER,2328.7,m3,true
2022-12-01,ABBT2240034,PROD,WATER,124,m3,true
2022-12-01,ABBT2240034,PROD,WATER,1583.4,m3,true
2022-12-01,ABBT2240034,PROD,WATER,960.2,m3,true
2022-12-01,ABBT2240034,PROD,WATER,3363,m3,true
2022-12-01,ABBT2240034,PROD,WATER,3159,m3,true
2022-12-01,ABBT2240034,PROD,WATER,1251.1,m3,true
2022-12-01,ABBT2240034,PROD,WATER,893,m3,true
2022-12-01,ABBT2240034,PROD,WATER,688,m3,true
2022-12-01,ABBT2240034,PROD,WATER,851.6,m3,true
2022-12-01,ABBT2240034,PROD,WATER,324.9,m3,true
2022-12-01,ABBT3620003,,,,,true
2022-12-01,ABBT3620003,,,,,true
2022-12-01,ABBT3620003,,,,,true
2022-12-01,ABBT3620003,SHUTIN,,,,true
2022-12-01,ABBT3620003,DIFF,GAS,0,e3m3,true
2022-12-01,ABBT3620003,FLARE,GAS,10.1,e3m3,true
2022-12-01,ABBT3620003,FUEL,GAS,10.1,e3m3,true
2022-12-01,ABBT3620003,PROD,GAS,5.5,e3m3,true
2022-12-01,ABBT3620003,PROD,GAS,4.9,e3m3,true
2022-12-01,ABBT3620003,PROD,GAS,4.8,e3m3,true
2022-12-01,ABBT3620003,PROD,GAS,5.4,e3m3,true
2022-12-01,ABBT3620003,VENT,GAS,0.4,e3m3,true
2022-12-01,ABBT3620003,DISP,OIL,134.2,m3,true
2022-12-01,ABBT3620003,IMBAL,OIL,0,m3,true
2022-12-01,ABBT3620003,INVCL,OIL,13.7,m3,true
2022-12-01,ABBT3620003,INVOP,OIL,22,m3,true
2022-12-01,ABBT3620003,PROD,OIL,52.3,m3,true
2022-12-01,ABBT3620003,PROD,OIL,27.5,m3,true
2022-12-01,ABBT3620003,PROD,OIL,8.3,m3,true
2022-12-01,ABBT3620003,PROD,OIL,37.8,m3,true
2022-12-01,ABBT3620003,ROYALTY,OIL,7,m3,true
2022-12-01,ABBT3620003,ROYALTY,OIL,0.2,m3,true
2022-12-01,ABBT3620003,DIFF,WATER,0,m3,true
2022-12-01,ABBT3620003,DISP,WATER,0.1,m3,true
2022-12-01,ABBT3620003,DISP,WATER,2286.4,m3,true
2022-12-01,ABBT3620003,INVCL,WATER,46.9,m3,true
2022-12-01,ABBT3620003,INVOP,WATER,46.9,m3,true
2022-12-01,ABBT3620003,PROD,WATER,675.9,m3,true
2022-12-01,ABBT3620003,PROD,WATER,253.4,m3,true
2022-12-01,ABBT3620003,PROD,WATER,1196.6,m3,true
2022-12-01,ABBT3620003,PROD,WATER,160.6,m3,true
2022-12-01,ABBT3710049,,,,,true
2022-12-01,ABBT3710049,,,,,true
2022-12-01,ABBT3710049,,,,,true
2022-12-01,ABBT3710049,SHUTIN,,,,true
2022-12-01,ABBT3710049,SHUTIN,,,,true
2022-12-01,ABBT3710049,SHUTIN,,,,true
2022-12-01,ABBT3710049,SHUTIN,,,,true
2022-12-01,ABBT3710049,SHUTIN,,,,true
2022-12-01,ABBT3710049,SHUTIN,,,,true
2022-12-01,ABBT3710049,DIFF,GAS,0,e3m3,true
2022-12-01,ABBT3710049,FLARE,GAS,323.2,e3m3,true
2022-12-01,ABBT3710049,FUEL,GAS,165.3,e3m3,true
2022-12-01,ABBT3710049,PROD,GAS,9.1,e3m3,true
2022-12-01,ABBT3710049,PROD,GAS,5.2,e3m3,true
2022-12-01,ABBT3710049,PROD,GAS,3.4,e3m3,true
2022-12-01,ABBT3710049,PROD,GAS,5.9,e3m3,true
2022-12-01,ABBT3710049,PROD,GAS,9.8,e3m3,true
2022-12-01,ABBT3710049,PROD,GAS,1.5,e3m3,true
2022-12-01,ABBT3710049,PROD,GAS,12.5,e3m3,true
2022-12-01,ABBT3710049,PROD,GAS,15.7,e3m3,true
2022-12-01,ABBT3710049,PROD,GAS,12.5,e3m3,true
2022-12-01,ABBT3710049,PROD,GAS,0.1,e3m3,true
2022-12-01,ABBT3710049,PROD,GAS,13.3,e3m3,true
2022-12-01,ABBT3710049,PROD,GAS,20.1,e3m3,true
2022-12-01,ABBT3710049,PROD,GAS,19.9,e3m3,true
2022-12-01,ABBT3710049,PROD,GAS,2.5,e3m3,true
2022-12-01,ABBT3710049,PROD,GAS,17.9,e3m3,true
2022-12-01,ABBT3710049,PROD,GAS,0.5,e3m3,true
2022-12-01,ABBT3710049,PROD,GAS,21.9,e3m3,true
2022-12-01,ABBT3710049,PROD,GAS,1,e3m3,true
2022-12-01,ABBT3710049,PROD,GAS,8.4,e3m3,true
2022-12-01,ABBT3710049,PROD,GAS,2.7,e3m3,true
2022-12-01,ABBT3710049,PROD,GAS,4,e3m3,true
2022-12-01,ABBT3710049,PROD,GAS,9.8,e3m3,true
2022-12-01,ABBT3710049,PROD,GAS,9.8,e3m3,true
2022-12-01,ABBT3710049,PROD,GAS,15.1,e3m3,true
2022-12-01,ABBT3710049,PROD,GAS,3.9,e3m3,true
2022-12-01,ABBT3710049,PROD,GAS,15.5,e3m3,true
2022-12-01,ABBT3710049,PROD,GAS,18.5,e3m3,true
2022-12-01,ABBT3710049,PROD,GAS,7.8,e3m3,true
2022-12-01,ABBT3710049,PROD,GAS,6.1,e3m3,true
2022-12-01,ABBT3710049,PROD,GAS,1,e3m3,true
2022-12-01,ABBT3710049,PROD,GAS,18.4,e3m3,true
2022-12-01,ABBT3710049,PROD,GAS,29.7,e3m3,true
2022-12-01,ABBT3710049,PROD,GAS,0.3,e3m3,true
2022-12-01,ABBT3710049,PROD,GAS,0.3,e3m3,true
2022-12-01,ABBT3710049,PURREC,GAS,48.5,e3m3,true
2022-12-01,ABBT3710049,PURREC,GAS,116.8,e3m3,true
2022-12-01,ABBT3710049,VENT,GAS,0.9,e3m3,true
2022-12-01,ABBT3710049,DISP,OIL,1556.7,m3,true
2022-12-01,ABBT3710049,IMBAL,OIL,0,m3,true
2022-12-01,ABBT3710049,INVCL,OIL,108.1,m3,true
2022-12-01,ABBT3710049,INVOP,OIL,141,m3,true
2022-12-01,ABBT3710049,PROD,OIL,63.8,m3,true
2022-12-01,ABBT3710049,PROD,OIL,21.1,m3,true
2022-12-01,ABBT3710049,PROD,OIL,43.8,m3,true
2022-12-01,ABBT3710049,PROD,OIL,51.8,m3,true
2022-12-01,ABBT3710049,PROD,OIL,8.3,m3,true
2022-12-01,ABBT3710049,PROD,OIL,24.6,m3,true
2022-12-01,ABBT3710049,PROD,OIL,59.6,m3,true
2022-12-01,ABBT3710049,PROD,OIL,24,m3,true
2022-12-01,ABBT3710049,PROD,OIL,20.8,m3,true
2022-12-01,ABBT3710049,PROD,OIL,17,m3,true
2022-12-01,ABBT3710049,PROD,OIL,34,m3,true
2022-12-01,ABBT3710049,PROD,OIL,50.9,m3,true
2022-12-01,ABBT3710049,PROD,OIL,146.6,m3,true
2022-12-01,ABBT3710049,PROD,OIL,24.7,m3,true
2022-12-01,ABBT3710049,PROD,OIL,70.7,m3,true
2022-12-01,ABBT3710049,PROD,OIL,32.8,m3,true
2022-12-01,ABBT3710049,PROD,OIL,46.8,m3,true
2022-12-01,ABBT3710049,PROD,OIL,27,m3,true
2022-12-01,ABBT3710049,PROD,OIL,42.4,m3,true
2022-12-01,ABBT3710049,PROD,OIL,19.9,m3,true
2022-12-01,ABBT3710049,PROD,OIL,46.8,m3,true
2022-12-01,ABBT3710049,PROD,OIL,81,m3,true
2022-12-01,ABBT3710049,PROD,OIL,81,m3,true
2022-12-01,ABBT3710049,PROD,OIL,19.9,m3,true
2022-12-01,ABBT3710049,PROD,OIL,9.9,m3,true
2022-12-01,ABBT3710049,PROD,OIL,39.9,m3,true
2022-12-01,ABBT3710049,PROD,OIL,102.5,m3,true
2022-12-01,ABBT3710049,PROD,OIL,68.2,m3,true
2022-12-01,ABBT3710049,PROD,OIL,27.9,m3,true
2022-12-01,ABBT3710049,PROD,OIL,45.6,m3,true
2022-12-01,ABBT3710049,PROD,OIL,92.6,m3,true
2022-12-01,ABBT3710049,PROD,OIL,43.7,m3,true
2022-12-01,ABBT3710049,PROD,OIL,20.5,m3,true
2022-12-01,ABBT3710049,PROD,OIL,13.7,m3,true
2022-12-01,ABBT3710049,ROYALTY,OIL,1.1,m3,true
2022-12-01,ABBT3710049,ROYALTY,OIL,0.2,m3,true
2022-12-01,ABBT3710049,ROYALTY,OIL,9.1,m3,true
2022-12-01,ABBT3710049,ROYALTY,OIL,1.4,m3,true
2022-12-01,ABBT3710049,ROYALTY,OIL,0.7,m3,true
2022-12-01,ABBT3710049,ROYALTY,OIL,0.5,m3,true
2022-12-01,ABBT3710049,ROYALTY,OIL,46.1,m3,true
2022-12-01,ABBT3710049,ROYALTY,OIL,0.4,m3,true
2022-12-01,ABBT3710049,ROYALTY,OIL,12.8,m3,true
2022-12-01,ABBT3710049,ROYALTY,OIL,5.6,m3,true
2022-12-01,ABBT3710049,ROYALTY,OIL,4.6,m3,true
2022-12-01,ABBT3710049,ROYALTY,OIL,0.6,m3,true
2022-12-01,ABBT3710049,ROYALTY,OIL,5.6,m3,true
2022-12-01,ABBT3710049,ROYALTY,OIL,0.2,m3,true
2022-12-01,ABBT3710049,ROYALTY,OIL,4,m3,true
2022-12-01,ABBT3710049,ROYALTY,OIL,2.6,m3,true
2022-12-01,ABBT3710049,ROYALTY,OIL,14.2,m3,true
2022-12-01,ABBT3710049,DIFF,WATER,0,m3,true
2022-12-01,ABBT3710049,DISP,WATER,0.8,m3,true
2022-12-01,ABBT3710049,DISP,WATER,69417,m3,true
2022-12-01,ABBT3710049,DISP,WATER,3179,m3,true
2022-12-01,ABBT3710049,DISP,WATER,5746,m3,true
2022-12-01,ABBT3710049,INVCL,WATER,13.3,m3,true
2022-12-01,ABBT3710049,INVOP,WATER,13.3,m3,true
2022-12-01,ABBT3710049,PROD,WATER,125.3,m3,true
2022-12-01,ABBT3710049,PROD,WATER,1687.9,m3,true
2022-12-01,ABBT3710049,PROD,WATER,1167.3,m3,true
2022-12-01,ABBT3710049,PROD,WATER,366.9,m3,true
2022-12-01,ABBT3710049,PROD,WATER,1716.1,m3,true
2022-12-01,ABBT3710049,PROD,WATER,623.3,m3,true
2022-12-01,ABBT3710049,PROD,WATER,2040.4,m3,true
2022-12-01,ABBT3710049,PROD,WATER,539,m3,true
2022-12-01,ABBT3710049,PROD,WATER,1450.3,m3,true
2022-12-01,ABBT3710049,PROD,WATER,1776.3,m3,true
2022-12-01,ABBT3710049,PROD,WATER,3565.4,m3,true
2022-12-01,ABBT3710049,PROD,WATER,5348.1,m3,true
2022-12-01,ABBT3710049,PROD,WATER,2236.5,m3,true
2022-12-01,ABBT3710049,PROD,WATER,628.8,m3,true
2022-12-01,ABBT3710049,PROD,WATER,1796.4,m3,true
2022-12-01,ABBT3710049,PROD,WATER,1354.1,m3,true
2022-12-01,ABBT3710049,PROD,WATER,8237.9,m3,true
2022-12-01,ABBT3710049,PROD,WATER,791.9,m3,true
2022-12-01,ABBT3710049,PROD,WATER,601.8,m3,true
2022-12-01,ABBT3710049,PROD,WATER,1025.9,m3,true
2022-12-01,ABBT3710049,PROD,WATER,1935.8,m3,true
2022-12-01,ABBT3710049,PROD,WATER,1345.9,m3,true
2022-12-01,ABBT3710049,PROD,WATER,1345.9,m3,true
2022-12-01,ABBT3710049,PROD,WATER,10462.2,m3,true
2022-12-01,ABBT3710049,PROD,WATER,411.9,m3,true
2022-12-01,ABBT3710049,PROD,WATER,1647.6,m3,true
2022-12-01,ABBT3710049,PROD,WATER,806.3,m3,true
2022-12-01,ABBT3710049,PROD,WATER,4737.1,m3,true
2022-12-01,ABBT3710049,PROD,WATER,2932.8,m3,true
2022-12-01,ABBT3710049,PROD,WATER,1334.5,m3,true
2022-12-01,ABBT3710049,PROD,WATER,2083,m3,true
2022-12-01,ABBT3710049,PROD,WATER,11531.9,m3,true
2022-12-01,ABBT3710049,PROD,WATER,413,m3,true
2022-12-01,ABBT3710049,PROD,WATER,275.3,m3,true
2022-12-01,ABBT4180001,,,,,true
2022-12-01,ABBT4180001,,,,,true
2022-12-01,ABBT4180001,,,,,true
2022-12-01,ABBT4180001,DIFF,GAS,0,e3m3,true
2022-12-01,ABBT4180001,DISP,GAS,30.9,e3m3,true
2022-12-01,ABBT4180001,FLARE,GAS,1.7,e3m3,true
2022-12-01,ABBT4180001,FUEL,GAS,6.1,e3m3,true
2022-12-01,ABBT4180001,PROD,GAS,29.7,e3m3,true
2022-12-01,ABBT4180001,PROD,GAS,10.6,e3m3,true
2022-12-01,ABBT4180001,VENT,GAS,1.6,e3m3,true
2022-12-01,ABBT4180001,DISP,OIL,429.7,m3,true
2022-12-01,ABBT4180001,IMBAL,OIL,0,m3,true
2022-12-01,ABBT4180001,INVCL,OIL,119.2,m3,true
2022-12-01,ABBT4180001,INVOP,OIL,87,m3,true
2022-12-01,ABBT4180001,PROD,OIL,361.5,m3,true
2022-12-01,ABBT4180001,PROD,OIL,100.4,m3,true
2022-12-01,ABBT4180001,ROYALTY,OIL,144.6,m3,true
2022-12-01,ABBT4180001,ROYALTY,OIL,28.1,m3,true
2022-12-01,ABBT4180001,DIFF,WATER,0,m3,true
2022-12-01,ABBT4180001,DISP,WATER,1.6,m3,true
2022-12-01,ABBT4180001,DISP,WATER,5649.7,m3,true
2022-12-01,ABBT4180001,PROD,WATER,4529.8,m3,true
2022-12-01,ABBT4180001,PROD,WATER,1121.5,m3,true
2022-12-01,ABBT4550001,,,,,true
2022-12-01,ABBT4550001,,,,,true
2022-12-01,ABBT4550001,,,,,true
2022-12-01,ABBT4550001,SHUTIN,,,,true
2022-12-01,ABBT4550001,SHUTIN,,,,true
2022-12-01,ABBT4550001,SHUTIN,,,,true
2022-12-01,ABBT4550001,SHUTIN,,,,true
2022-12-01,ABBT4550001,SHUTIN,,,,true
2022-12-01,ABBT4550001,SHUTIN,,,,true
2022-12-01,ABBT4550001,SHUTIN,,,,true
2022-12-01,ABBT4550001,SHUTIN,,,,true
2022-12-01,ABBT4550001,DIFF,GAS,0,e3m3,true
2022-12-01,ABBT4550001,FLARE,GAS,301.1,e3m3,true
2022-12-01,ABBT4550001,FUEL,GAS,8.1,e3m3,true
2022-12-01,ABBT4550001,PROD,GAS,4.3,e3m3,true
2022-12-01,ABBT4550001,PROD,GAS,17.2,e3m3,true
2022-12-01,ABBT4550001,PROD,GAS,1.5,e3m3,true
2022-12-01,ABBT4550001,PROD,GAS,63.2,e3m3,true
2022-12-01,ABBT4550001,PROD,GAS,4.7,e3m3,true
2022-12-01,ABBT4550001,PROD,GAS,87.5,e3m3,true
2022-12-01,ABBT4550001,PROD,GAS,4.3,e3m3,true
2022-12-01,ABBT4550001,PROD,GAS,3.9,e3m3,true
2022-12-01,ABBT4550001,PROD,GAS,43.4,e3m3,true
2022-12-01,ABBT4550001,PROD,GAS,69.3,e3m3,true
2022-12-01,ABBT4550001,REC,GAS,9.9,e3m3,true
2022-12-01,ABBT4550001,DISP,OIL,705.9,m3,true
2022-12-01,ABBT4550001,IMBAL,OIL,0,m3,true
2022-12-01,ABBT4550001,INVCL,OIL,132.3,m3,true
2022-12-01,ABBT4550001,INVOP,OIL,124.9,m3,true
2022-12-01,ABBT4550001,PROD,OIL,52.2,m3,true
2022-12-01,ABBT4550001,PROD,OIL,63.7,m3,true
2022-12-01,ABBT4550001,PROD,OIL,15.1,m3,true
2022-12-01,ABBT4550001,PROD,OIL,81.2,m3,true
2022-12-01,ABBT4550001,PROD,OIL,15,m3,true
2022-12-01,ABBT4550001,PROD,OIL,306.6,m3,true
2022-12-01,ABBT4550001,PROD,OIL,21.2,m3,true
2022-12-01,ABBT4550001,PROD,OIL,22.1,m3,true
2022-12-01,ABBT4550001,PROD,OIL,136.2,m3,true
2022-12-01,ABBT4550001,ROYALTY,OIL,0.9,m3,true
2022-12-01,ABBT4550001,ROYALTY,OIL,16.9,m3,true
2022-12-01,ABBT4550001,ROYALTY,OIL,1.7,m3,true
2022-12-01,ABBT4550001,ROYALTY,OIL,41.4,m3,true
2022-12-01,ABBT4550001,DIFF,WATER,0,m3,true
2022-12-01,ABBT4550001,DISP,WATER,1.2,m3,true
2022-12-01,ABBT4550001,DISP,WATER,5019,m3,true
2022-12-01,ABBT4550001,DISP,WATER,3839.7,m3,true
2022-12-01,ABBT4550001,DISP,WATER,1103.6,m3,true
2022-12-01,ABBT4550001,PROD,WATER,1285.8,m3,true
2022-12-01,ABBT4550001,PROD,WATER,575.5,m3,true
2022-12-01,ABBT4550001,PROD,WATER,536.9,m3,true
2022-12-01,ABBT4550001,PROD,WATER,2509.4,m3,true
2022-12-01,ABBT4550001,PROD,WATER,993,m3,true
2022-12-01,ABBT4550001,PROD,WATER,440.6,m3,true
2022-12-01,ABBT4550001,PROD,WATER,928.4,m3,true
2022-12-01,ABBT4550001,PROD,WATER,1296,m3,true
2022-12-01,ABBT4550001,PROD,WATER,1397.9,m3,true
2022-12-01,ABBT4940020,,,,,true
2022-12-01,ABBT4940020,,,,,true
2022-12-01,ABBT4940020,,,,,true
2022-12-01,ABBT4940020,SHUTIN,,,,true
2022-12-01,ABBT4940020,SHUTIN,,,,true
2022-12-01,ABBT4940020,SHUTIN,,,,true
2022-12-01,ABBT4940020,SHUTIN,,,,true
2022-12-01,ABBT4940020,DIFF,GAS,0,e3m3,true
2022-12-01,ABBT4940020,DISP,GAS,33.7,e3m3,true
2022-12-01,ABBT4940020,DISP,GAS,573.1,e3m3,true
2022-12-01,ABBT4940020,FLARE,GAS,9.4,e3m3,true
2022-12-01,ABBT4940020,FUEL,GAS,137.3,e3m3,true
2022-12-01,ABBT4940020,PROD,GAS,23.8,e3m3,true
2022-12-01,ABBT4940020,PROD,GAS,9.4,e3m3,true
2022-12-01,ABBT4940020,PROD,GAS,28.9,e3m3,true
2022-12-01,ABBT4940020,PROD,GAS,26.6,e3m3,true
2022-12-01,ABBT4940020,PROD,GAS,54.3,e3m3,true
2022-12-01,ABBT4940020,PROD,GAS,20.6,e3m3,true
2022-12-01,ABBT4940020,PROD,GAS,36.7,e3m3,true
2022-12-01,ABBT4940020,PROD,GAS,20.9,e3m3,true
2022-12-01,ABBT4940020,PROD,GAS,30.3,e3m3,true
2022-12-01,ABBT4940020,PROD,GAS,26.9,e3m3,true
2022-12-01,ABBT4940020,PROD,GAS,28.5,e3m3,true
2022-12-01,ABBT4940020,PROD,GAS,22.9,e3m3,true
2022-12-01,ABBT4940020,PROD,GAS,43.3,e3m3,true
2022-12-01,ABBT4940020,PROD,GAS,200,e3m3,true
2022-12-01,ABBT4940020,REC,GAS,180.5,e3m3,true
2022-12-01,ABBT4940020,VENT,GAS,0.1,e3m3,true
2022-12-01,ABBT4940020,DISP,OIL,1266.2,m3,true
2022-12-01,ABBT4940020,IMBAL,OIL,0,m3,true
2022-12-01,ABBT4940020,INVCL,OIL,130.2,m3,true
2022-12-01,ABBT4940020,INVOP,OIL,104,m3,true
2022-12-01,ABBT4940020,PROD,OIL,68.1,m3,true
2022-12-01,ABBT4940020,PROD,OIL,23.8,m3,true
2022-12-01,ABBT4940020,PROD,OIL,94.4,m3,true
2022-12-01,ABBT4940020,PROD,OIL,101.6,m3,true
2022-12-01,ABBT4940020,PROD,OIL,33.2,m3,true
2022-12-01,ABBT4940020,PROD,OIL,61.9,m3,true
2022-12-01,ABBT4940020,PROD,OIL,117.7,m3,true
2022-12-01,ABBT4940020,PROD,OIL,31.4,m3,true
2022-12-01,ABBT4940020,PROD,OIL,21.2,m3,true
2022-12-01,ABBT4940020,PROD,OIL,27.5,m3,true
2022-12-01,ABBT4940020,PROD,OIL,108.1,m3,true
2022-12-01,ABBT4940020,PROD,OIL,107.6,m3,true
2022-12-01,ABBT4940020,PROD,OIL,85.8,m3,true
2022-12-01,ABBT4940020,PROD,OIL,405.8,m3,true
2022-12-01,ABBT4940020,REC,OIL,4.3,m3,true
2022-12-01,ABBT4940020,ROYALTY,OIL,5.1,m3,true
2022-12-01,ABBT4940020,ROYALTY,OIL,0.7,m3,true
2022-12-01,ABBT4940020,ROYALTY,OIL,9.5,m3,true
2022-12-01,ABBT4940020,ROYALTY,OIL,10.9,m3,true
2022-12-01,ABBT4940020,ROYALTY,OIL,1.3,m3,true
2022-12-01,ABBT4940020,ROYALTY,OIL,4.2,m3,true
2022-12-01,ABBT4940020,ROYALTY,OIL,13.7,m3,true
2022-12-01,ABBT4940020,ROYALTY,OIL,1.2,m3,true
2022-12-01,ABBT4940020,ROYALTY,OIL,0.6,m3,true
2022-12-01,ABBT4940020,ROYALTY,OIL,0.9,m3,true
2022-12-01,ABBT4940020,ROYALTY,OIL,12.2,m3,true
2022-12-01,ABBT4940020,ROYALTY,OIL,12.1,m3,true
2022-12-01,ABBT4940020,ROYALTY,OIL,7.9,m3,true
2022-12-01,ABBT4940020,ROYALTY,OIL,61.7,m3,true
2022-12-01,ABBT4940020,DIFF,WATER,0,m3,true
2022-12-01,ABBT4940020,DISP,WATER,0.8,m3,true
2022-12-01,ABBT4940020,DISP,WATER,28272,m3,true
2022-12-01,ABBT4940020,PROD,WATER,1129.1,m3,true
2022-12-01,ABBT4940020,PROD,WATER,1916.2,m3,true
2022-12-01,ABBT4940020,PROD,WATER,1143.9,m3,true
2022-12-01,ABBT4940020,PROD,WATER,968.8,m3,true
2022-12-01,ABBT4940020,PROD,WATER,1125.3,m3,true
2022-12-01,ABBT4940020,PROD,WATER,1910.7,m3,true
2022-12-01,ABBT4940020,PROD,WATER,796.1,m3,true
2022-12-01,ABBT4940020,PROD,WATER,1445.1,m3,true
2022-12-01,ABBT4940020,PROD,WATER,1012.4,m3,true
2022-12-01,ABBT4940020,PROD,WATER,1168.9,m3,true
2022-12-01,ABBT4940020,PROD,WATER,690.6,m3,true
2022-12-01,ABBT4940020,PROD,WATER,1692.2,m3,true
2022-12-01,ABBT4940020,PROD,WATER,2101.1,m3,true
2022-12-01,ABBT4940020,PROD,WATER,11172.4,m3,true
2022-12-01,ABBT9880004,,,,,true
2022-12-01,ABBT9880004,,,,,true
2022-12-01,ABBT9880004,,,,,true
2022-12-01,ABBT9880004,SHUTIN,,,,true
2022-12-01,ABBT9880004,SHUTIN,,,,true
2022-12-01,ABBT9880004,SHUTIN,,,,true
2022-12-01,ABBT9880004,SHUTIN,,,,true
2022-12-01,ABBT9880004,DIFF,GAS,0,e3m3,true
2022-12-01,ABBT9880004,FLARE,GAS,70,e3m3,true
2022-12-01,ABBT9880004,FUEL,GAS,3.3,e3m3,true
2022-12-01,ABBT9880004,PROD,GAS,36.9,e3m3,true
2022-12-01,ABBT9880004,PROD,GAS,9.6,e3m3,true
2022-12-01,ABBT9880004,PROD,GAS,13.5,e3m3,true
2022-12-01,ABBT9880004,PROD,GAS,4.2,e3m3,true
2022-12-01,ABBT9880004,REC,GAS,9.1,e3m3,true
2022-12-01,ABBT9880004,DISP,OIL,236,m3,true
2022-12-01,ABBT9880004,IMBAL,OIL,0,m3,true
2022-12-01,ABBT9880004,INVCL,OIL,120,m3,true
2022-12-01,ABBT9880004,INVOP,OIL,139.1,m3,true
2022-12-01,ABBT9880004,PROD,OIL,77.9,m3,true
2022-12-01,ABBT9880004,PROD,OIL,31.7,m3,true
2022-12-01,ABBT9880004,PROD,OIL,100.6,m3,true
2022-12-01,ABBT9880004,PROD,OIL,6.7,m3,true
2022-12-01,ABBT9880004,ROYALTY,OIL,6.3,m3,true
2022-12-01,ABBT9880004,ROYALTY,OIL,2.2,m3,true
2022-12-01,ABBT9880004,ROYALTY,OIL,27.7,m3,true
2022-12-01,ABBT9880004,ROYALTY,OIL,0.1,m3,true
2022-12-01,ABBT9880004,DIFF,WATER,0,m3,true
2022-12-01,ABBT9880004,DISP,WATER,0.2,m3,true
2022-12-01,ABBT9880004,DISP,WATER,1018,m3,true
2022-12-01,ABBT9880004,PROD,WATER,615.4,m3,true
2022-12-01,ABBT9880004,PROD,WATER,9.7,m3,true
2022-12-01,ABBT9880004,PROD,WATER,352.7,m3,true
2022-12-01,ABBT9880004,PROD,WATER,40.4,m3,true
2022-12-01,ABGS0002227,DIFF,GAS,-54.6,e3m3,true
2022-12-01,ABGS0002227,DISP,GAS,1508.9,e3m3,true
2022-12-01,ABGS0002227,REC,GAS,573.1,e3m3,true
2022-12-01,ABGS0002227,REC,GAS,881.2,e3m3,true
2022-12-01,ABGS0002227,DIFF,WATER,0,m3,true
2022-12-01,ABGS0002227,DISP,WATER,1.8,m3,true
2022-12-01,ABGS0002227,REC,WATER,1.8,m3,true
2022-12-01,ABGS0135864,DIFF,GAS,0,e3m3,true
2022-12-01,ABGS0135864,DISP,GAS,881.2,e3m3,true
2022-12-01,ABGS0135864,REC,GAS,55.9,e3m3,true
2022-12-01,ABGS0135864,REC,GAS,785.1,e3m3,true
2022-12-01,ABGS0135864,REC,GAS,40.2,e3m3,true
2022-12-01,ABIF0007002,SHUTIN,,,,true
2022-12-01,ABIF0007002,SHUTIN,,,,true
2022-12-01,ABIF0007002,SHUTIN,,,,true
2022-12-01,ABIF0007002,SHUTIN,,,,true
2022-12-01,ABIF0007002,SHUTIN,,,,true
2022-12-01,ABIF0007002,SHUTIN,,,,true
2022-12-01,ABIF0007004,DIFF,WATER,0,m3,true
2022-12-01,ABIF0007004,INJ,WATER,3669,m3,true
2022-12-01,ABIF0007004,INJ,WATER,4752,m3,true
2022-12-01,ABIF0007004,INJ,WATER,9447,m3,true
2022-12-01,ABIF0007004,INJ,WATER,18534,m3,true
2022-12-01,ABIF0007004,INJ,WATER,10586,m3,true
2022-12-01,ABIF0007004,INJ,WATER,230,m3,true
2022-12-01,ABIF0007004,INJ,WATER,7864,m3,true
2022-12-01,ABIF0007004,INJ,WATER,3994,m3,true
2022-12-01,ABIF0007004,INJ,WATER,10341,m3,true
2022-12-01,ABIF0007004,REC,WATER,69417,m3,true
2022-12-01,ABIF0007006,DIFF,WATER,0,m3,true
2022-12-01,ABIF0007006,INJ,WATER,5649.7,m3,true
2022-12-01,ABIF0007006,INVCL,WATER,3.2,m3,true
2022-12-01,ABIF0007006,INVOP,WATER,3.2,m3,true
2022-12-01,ABIF0007006,REC,WATER,5649.7,m3,true
2022-12-01,ABIF0007052,DIFF,WATER,0,m3,true
2022-12-01,ABIF0007052,INJ,WATER,5019,m3,true
2022-12-01,ABIF0007052,REC,WATER,5019,m3,true
2022-12-01,ABIF0007274,DIFF,WATER,0,m3,true
2022-12-01,ABIF0007274,INJ,WATER,1986,m3,true
2022-12-01,ABIF0007274,INJ,WATER,26286,m3,true
2022-12-01,ABIF0007274,REC,WATER,28272,m3,true
2022-12-01,ABIF0008261,DIFF,WATER,0,m3,true
2022-12-01,ABIF0008261,INJ,WATER,3839.7,m3,true
2022-12-01,ABIF0008261,REC,WATER,3839.7,m3,true
2022-12-01,ABIF0008386,DIFF,WATER,0,m3,true
2022-12-01,ABIF0008386,INJ,WATER,2286.4,m3,true
2022-12-01,ABIF0008386,REC,WATER,2286.4,m3,true
2022-12-01,ABIF0008917,DIFF,WATER,0,m3,true
2022-12-01,ABIF0008917,INJ,WATER,1103.6,m3,true
2022-12-01,ABIF0008917,INVCL,WATER,0.1,m3,true
2022-12-01,ABIF0008917,INVOP,WATER,0.1,m3,true
2022-12-01,ABIF0008917,REC,WATER,1103.6,m3,true
2022-12-01,ABIF0008992,SHUTIN,,,,true
2022-12-01,ABIF0009829,SHUTIN,,,,true
2022-12-01,ABIF0009829,DIFF,WATER,0,m3,true
2022-12-01,ABIF0009829,INJ,WATER,1018,m3,true
2022-12-01,ABIF0009829,REC,WATER,1018,m3,true
2022-12-01,ABIF0009839,DIFF,WATER,0,m3,true
2022-12-01,ABIF0009839,INJ,WATER,3179,m3,true
2022-12-01,ABIF0009839,REC,WATER,3179,m3,true
2022-12-01,ABIF0140734,DIFF,WATER,0,m3,true
2022-12-01,ABIF0140734,INJ,WATER,5746,m3,true
2022-12-01,ABIF0140734,REC,WATER,5746,m3,true
2022-12-01,ABIF0156447,PROD,BRKWTR,28766.2,,true
2022-12-01,ABIF0156447,INJ,CO2,15211.8,,true
2022-12-01,ABIF0156447,INJ,CO2,16465.8,,true
2022-12-01,ABIF0156447,INJ,CO2,15272.2,,true
2022-12-01,ABIF0156447,INJ,CO2,15663.1,,true
2022-12-01,ABIF0156447,INJ,CO2,9345.7,,true
2022-12-01,ABIF0156447,INJ,CO2,19118.9,,true
2022-12-01,ABIF0156447,INJ,CO2,9431.2,,true
2022-12-01,ABIF0156447,REC,CO2,35838.1,,true
2022-12-01,ABIF0156447,REC,CO2,64670.6,,true
2022-12-01,ABIF0156447,DIFF,GAS,0,e3m3,true
2022-12-01,ABIF0156447,INJ,GAS,853.9,e3m3,true
2022-12-01,ABIF0156447,INJ,GAS,934.7,e3m3,true
2022-12-01,ABIF0156447,INJ,GAS,865,e3m3,true
2022-12-01,ABIF0156447,INJ,GAS,897.9,e3m3,true
2022-12-01,ABIF0156447,INJ,GAS,564,e3m3,true
2022-12-01,ABIF0156447,INJ,GAS,1163.8,e3m3,true
2022-12-01,ABIF0156447,INJ,GAS,562.1,e3m3,true
2022-12-01,ABIF0156447,REC,GAS,4960.1,e3m3,true
2022-12-01,ABIF0156447,REC,GAS,881.3,e3m3,true
2022-12-01,ABIF0156447,DIFF,WATER,0,m3,true
2022-12-01,ABIF0156447,DISP,WATER,0.3,m3,true
2022-12-01,ABIF0156447,INJ,WATER,26261.1,m3,true
2022-12-01,ABIF0156447,INJ,WATER,18029.9,m3,true
2022-12-01,ABIF0156447,REC,WATER,15525.1,m3,true
